Mã CK,Tên Doanh Nghiệp,Tên thương hiệu / Viết tắt,Sàn giao dịch,Ngành ICB Cấp 1 (Industry),Ngành ICB Cấp 2 (Supersector),Ngành ICB Cấp 3 (Sector),Ngành ICB Cấp 4 (Subsector),Mã Phân Ngành (ICB Code L4),Nguồn tham khảo (Source),Trang chủ (Website),Cổng thông tin IR (Quan hệ CĐ)
AAA,Công ty Cổ phần Nhựa An Phát Xanh,An Phát Bioplastics,HOSE,Nguyên vật liệu,Hóa chất,Hóa chất,"Nhựa, cao su & sợi",1353,FiinPro / Vietcap IQ & Sở GDCK,https://anphatbioplastics.com,https://anphatbioplastics.com/quan-he-co-dong
AAM,Công ty Cổ Phần Thủy Sản MeKong,Thủy sản Mekong,HOSE,Hàng Tiêu dùng,Thực phẩm và đồ uống,Sản xuất thực phẩm,Nuôi trồng nông & hải sản,3573,FiinPro / Vietcap IQ & Sở GDCK,http://mekongfish.vn,http://mekongfish.vn/quan-he-co-dong
AAN,Công ty Cổ phần Lương thực A An,Lương thực A An,HOSE,Hàng Tiêu dùng,Thực phẩm và đồ uống,Sản xuất thực phẩm,Nuôi trồng nông & hải sản,3573,FiinPro / Vietcap IQ & Sở GDCK,https://aan.vn,https://aan.vn/quan-he-co-dong
AAT,Công ty Cổ phần Tập đoàn Tiên Sơn Thanh Hóa,Tập đoàn Tiên Sơn Thanh Hóa,HOSE,Hàng Tiêu dùng,Hàng cá nhân & Gia dụng,Hàng cá nhân,Hàng May mặc,3763,FiinPro / Vietcap IQ & Sở GDCK,http://tiensonaus.com,http://tiensonaus.com/quan-he-co-dong
ABR,Công ty Cổ phần Đầu tư Nhãn Hiệu Việt,Đầu tư Nhãn Hiệu Việt,HOSE,Công nghiệp,Hàng & Dịch vụ Công nghiệp,Tư vấn & Hỗ trợ Kinh doanh,Tư vấn & Hỗ trợ KD,2791,FiinPro / Vietcap IQ & Sở GDCK,http://vbinvest.com.vn,http://vbinvest.com.vn/quan-he-co-dong
ABS,Công ty Cổ phần Dịch vụ Nông nghiệp Bình Thuận,DV Nông nghiệp Bình Thuận,HOSE,Nguyên vật liệu,Hóa chất,Hóa chất,"Sản phẩm hóa dầu, Nông dược & Hóa chất khác",1357,FiinPro / Vietcap IQ & Sở GDCK,http://bitagco.com,http://bitagco.com/quan-he-co-dong
ABT,Công ty Cổ phần Xuất nhập khẩu Thủy sản Bến Tre,Thủy sản Bến Tre,HOSE,Hàng Tiêu dùng,Thực phẩm và đồ uống,Sản xuất thực phẩm,Nuôi trồng nông & hải sản,3573,FiinPro / Vietcap IQ & Sở GDCK,http://aquatexbentre.com,http://aquatexbentre.com/quan-he-co-dong
ACB,Ngân hàng Thương mại Cổ phần Á Châu,ACB,HOSE,Ngân hàng,Ngân hàng,Ngân hàng,Ngân hàng,8355,FiinPro / Vietcap IQ & Sở GDCK,https://acb.com.vn,https://acb.com.vn/quan-he-nha-dau-tu
ACC,Công ty Cổ phần Đầu tư và Xây dựng Bình Dương ACC,Đầu tư và XD Bình Dương ACC,HOSE,Công nghiệp,Xây dựng và Vật liệu,Xây dựng và Vật liệu,Vật liệu xây dựng & Nội thất,2353,FiinPro / Vietcap IQ & Sở GDCK,http://becamexacc.com.vn,http://becamexacc.com.vn/quan-he-co-dong
ACG,Công ty Cổ phần Gỗ An Cường,Gỗ An Cường,HOSE,Nguyên vật liệu,Tài nguyên Cơ bản,Lâm nghiệp và Giấy,Lâm sản và Chế biến gỗ,1733,FiinPro / Vietcap IQ & Sở GDCK,https://ancuong.com,https://ancuong.com/quan-he-co-dong
ACL,Công ty Cổ phần Xuất nhập khẩu Thủy sản Cửu Long An Giang,Thủy sản CL An Giang,HOSE,Hàng Tiêu dùng,Thực phẩm và đồ uống,Sản xuất thực phẩm,Nuôi trồng nông & hải sản,3573,FiinPro / Vietcap IQ & Sở GDCK,https://clfish.com,https://clfish.com/quan-he-co-dong
ADG,Công ty Cổ phần Clever Group,Clever Group,HOSE,Dịch vụ Tiêu dùng,Truyền thông,Truyền thông,Dịch vụ truyền thông,5555,FiinPro / Vietcap IQ & Sở GDCK,https://clevergroup.vn,https://clevergroup.vn/quan-he-co-dong
ADP,Công ty Cổ phần Sơn Á Đông,Sơn Á Đông,HOSE,Công nghiệp,Xây dựng và Vật liệu,Xây dựng và Vật liệu,Vật liệu xây dựng & Nội thất,2353,FiinPro / Vietcap IQ & Sở GDCK,http://adongpaint.com.vn,http://adongpaint.com.vn/quan-he-co-dong
ADS,Công ty Cổ phần DAMSAN,Dệt sợi DAMSAN,HOSE,Hàng Tiêu dùng,Hàng cá nhân & Gia dụng,Hàng cá nhân,Hàng May mặc,3763,FiinPro / Vietcap IQ & Sở GDCK,http://damsanjsc.vn,http://damsanjsc.vn/quan-he-co-dong
AFX,Công ty Cổ phần Xuất Nhập khẩu Nông sản Thực phẩm An Giang,XNK Nông sản Thực phẩm An Giang,HOSE,Dịch vụ Tiêu dùng,Bán lẻ,Phân phối thực phẩm & dược phẩm,Phân phối thực phẩm,5337,FiinPro / Vietcap IQ & Sở GDCK,https://afiex.com.vn,https://afiex.com.vn/quan-he-co-dong
AGG,Công ty Cổ phần Đầu tư và Phát triển Bất động sản An Gia,Bất động sản An Gia,HOSE,Tài chính,Bất động sản,Bất động sản,Bất động sản,8633,FiinPro / Vietcap IQ & Sở GDCK,https://angia.com.vn,https://angia.com.vn/quan-he-co-dong
AGR,Công ty Cổ phần Chứng khoán AGRIBANK,Agriseco,HOSE,Tài chính,Dịch vụ tài chính,Dịch vụ tài chính,Môi giới chứng khoán,8777,FiinPro / Vietcap IQ & Sở GDCK,https://agriseco.com.vn,https://agriseco.com.vn/quan-he-co-dong
ANT,Công ty Cổ phần Rau quả Thực phẩm An Giang,Rau quả thực phẩm An Giang,HOSE,Hàng Tiêu dùng,Thực phẩm và đồ uống,Sản xuất thực phẩm,Thực phẩm,3577,FiinPro / Vietcap IQ & Sở GDCK,http://antesco.com,http://antesco.com/quan-he-co-dong
ANV,Công ty Cổ phần Nam Việt,Thủy sản Nam Việt,HOSE,Hàng Tiêu dùng,Thực phẩm và đồ uống,Sản xuất thực phẩm,Nuôi trồng nông & hải sản,3573,FiinPro / Vietcap IQ & Sở GDCK,https://navicorp.com.vn,https://navicorp.com.vn/quan-he-co-dong
APG,Công ty Cổ phần Chứng khoán APG,Chứng khoán APG,HOSE,Tài chính,Dịch vụ tài chính,Dịch vụ tài chính,Môi giới chứng khoán,8777,FiinPro / Vietcap IQ & Sở GDCK,https://apsi.vn,https://apsi.vn/quan-he-co-dongBIDNg
APH,Công ty Cổ phần Tập đoàn An Phát Holdings,Tập đoàn An Phát Holdings,HOSE,Công nghiệp,Hàng & Dịch vụ Công nghiệp,Hàng công nghiệp,Containers & Đóng gói,2723,FiinPro / Vietcap IQ & Sở GDCK,https://anphatholdings.vn,https://anphatholdings.vn/quan-he-co-dong
ASG,Công ty Cổ phần Tập đoàn ASG,Tập đoàn ASG,HOSE,Công nghiệp,Hàng & Dịch vụ Công nghiệp,Vận tải,"Kho bãi, hậu cần và bảo dưỡng",2777,FiinPro / Vietcap IQ & Sở GDCK,https://asg.net.vn,https://asg.net.vn/quan-he-co-dong
ASM,Công ty Cổ phần Tập đoàn Sao Mai,Tập đoàn Sao Mai,HOSE,Hàng Tiêu dùng,Thực phẩm và đồ uống,Sản xuất thực phẩm,Nuôi trồng nông & hải sản,3573,FiinPro / Vietcap IQ & Sở GDCK,https://saomaigroup.com,https://saomaigroup.com/quan-he-co-dong
ASP,Công ty Cổ phần Tập đoàn Dầu khí An Pha,Dầu khí An Pha,HOSE,Tiện ích Cộng đồng,"Điện, nước & xăng dầu khí đốt",Nước & Khí đốt,Phân phối xăng dầu & khí đốt,7573,FiinPro / Vietcap IQ & Sở GDCK,https://anphapetrol.com,https://anphapetrol.com/quan-he-co-dong
AST,Công ty Cổ phần Dịch vụ Hàng không Taseco,Dịch vụ Hàng không Taseco,HOSE,Dịch vụ Tiêu dùng,Bán lẻ,Bán lẻ,Phân phối hàng chuyên dụng,5379,FiinPro / Vietcap IQ & Sở GDCK,https://tasecoairs.vn,https://tasecoairs.vn/quan-he-co-dong
ATP,Công ty Cổ phần Thương mại và Dịch vụ An Thành,T.Mại và DV An Thành,HOSE,Hàng Tiêu dùng,Thực phẩm và đồ uống,Sản xuất thực phẩm,Nuôi trồng nông & hải sản,3573,FiinPro / Vietcap IQ & Sở GDCK,,https://finance.vietstock.vn/ATP/ho-so-doanh-nghiep.htm
BAF,Công ty Cổ phần Nông nghiệp BAF Việt Nam,Nông nghiệp BAF Việt Nam,HOSE,Hàng Tiêu dùng,Thực phẩm và đồ uống,Sản xuất thực phẩm,Nuôi trồng nông & hải sản,3573,FiinPro / Vietcap IQ & Sở GDCK,https://baf.vn,https://baf.vn/quan-he-co-dong
BCE,Công ty Cổ phần Xây dựng và Giao thông Bình Dương,XD và GT Bình Dương,HOSE,Công nghiệp,Xây dựng và Vật liệu,Xây dựng và Vật liệu,Xây dựng,2357,FiinPro / Vietcap IQ & Sở GDCK,https://becamexbce.com.vn,https://becamexbce.com.vn/quan-he-co-dong
BCM,Tập đoàn Đầu tư và Phát triển Công nghiệp Becamex - CTCP,Becamex Group,HOSE,Tài chính,Bất động sản,Bất động sản,Bất động sản,8633,FiinPro / Vietcap IQ & Sở GDCK,https://becamex.com.vn,https://becamex.com.vn/quan-he-co-dong
BFC,Công ty Cổ phần Phân bón Bình Điền,Phân bón Bình Điền,HOSE,Nguyên vật liệu,Hóa chất,Hóa chất,"Sản phẩm hóa dầu, Nông dược & Hóa chất khác",1357,FiinPro / Vietcap IQ & Sở GDCK,https://binhdien.com,https://binhdien.com/quan-he-co-dong
BHN,Tổng Công ty Cổ phần Bia - Rượu - Nước giải khát Hà Nội,HABECO,HOSE,Hàng Tiêu dùng,Thực phẩm và đồ uống,Bia và đồ uống,Sản xuất bia,3533,FiinPro / Vietcap IQ & Sở GDCK,http://habeco.com.vn,http://habeco.com.vn/quan-he-co-dong
BIC,Tổng Công ty Cổ phần Bảo hiểm Ngân hàng Đầu tư và Phát triển Việt Nam,Bảo hiểm BIDV,HOSE,Tài chính,Bảo hiểm,Bảo hiểm phi nhân thọ,Bảo hiểm phi nhân thọ,8536,FiinPro / Vietcap IQ & Sở GDCK,https://bic.vn,https://bic.vn/quan-he-co-dong
BID,Ngân hàng Thương mại Cổ phần Đầu tư và Phát triển Việt Nam,BIDV,HOSE,Ngân hàng,Ngân hàng,Ngân hàng,Ngân hàng,8355,FiinPro / Vietcap IQ & Sở GDCK,https://bidv.com.vn,https://bidv.com.vn/vn/quan-he-nha-dau-tu
BKG,Công ty Cổ phần Đầu tư BKG Việt Nam,Đầu tư BKG Việt Nam,HOSE,Hàng Tiêu dùng,Hàng cá nhân & Gia dụng,Hàng gia dụng,Thiết bị gia dụng,3726,FiinPro / Vietcap IQ & Sở GDCK,https://bkgvietnam.com,https://bkgvietnam.com/quan-he-co-dong
BMC,Công ty Cổ phần Khoáng sản Bình Định,Khoáng sản Bình Định,HOSE,Nguyên vật liệu,Tài nguyên Cơ bản,Khai khoáng,Khai khoáng,1775,FiinPro / Vietcap IQ & Sở GDCK,http://bimico.vn,http://bimico.vn/quan-he-co-dong
BMI,Tổng Công ty Cổ phần Bảo Minh,Bảo hiểm Bảo Minh,HOSE,Tài chính,Bảo hiểm,Bảo hiểm phi nhân thọ,Bảo hiểm phi nhân thọ,8536,FiinPro / Vietcap IQ & Sở GDCK,https://baominh.com.vn,https://baominh.com.vn/quan-he-co-dong
BMP,Công ty Cổ phần Nhựa Bình Minh,Nhựa Bình Minh,HOSE,Công nghiệp,Xây dựng và Vật liệu,Xây dựng và Vật liệu,Vật liệu xây dựng & Nội thất,2353,FiinPro / Vietcap IQ & Sở GDCK,https://binhminhplastic.com.vn,https://binhminhplastic.com.vn/quan-he-co-dong
BRC,Công ty Cổ phần Cao su Bến Thành,Cao su Bến Thành,HOSE,Nguyên vật liệu,Hóa chất,Hóa chất,"Nhựa, cao su & sợi",1353,FiinPro / Vietcap IQ & Sở GDCK,https://berubco.com.vn,https://berubco.com.vn/quan-he-co-dong
BSI,Công ty Cổ phần Chứng khoán BIDV,Chứng khoán BIDV,HOSE,Tài chính,Dịch vụ tài chính,Dịch vụ tài chính,Môi giới chứng khoán,8777,FiinPro / Vietcap IQ & Sở GDCK,https://bsc.com.vn,https://bsc.com.vn/quan-he-nha-dau-tu
BSR,Công ty Cổ phần - Tổng Công ty Lọc Hoá dầu Việt Nam,Lọc Hoá dầu Việt Nam,HOSE,Dầu khí,Dầu khí,Sản xuất Dầu khí,Sản xuất và Khai thác dầu khí,533,FiinPro / Vietcap IQ & Sở GDCK,https://bsr.com.vn,https://bsr.com.vn/quan-he-co-dong
BTP,Công ty Cổ phần Nhiệt điện Bà Rịa,Nhiệt điện Bà Rịa,HOSE,Tiện ích Cộng đồng,"Điện, nước & xăng dầu khí đốt",Sản xuất & Phân phối Điện,Sản xuất & Phân phối Điện,7535,FiinPro / Vietcap IQ & Sở GDCK,https://btp.com.vn,https://btp.com.vn/quan-he-co-dong
BTT,Công ty Cổ phần Thương mại - Dịch vụ Bến Thành,TM - DV Bến Thành,HOSE,Dịch vụ Tiêu dùng,Bán lẻ,Bán lẻ,Bán lẻ phức hợp,5373,FiinPro / Vietcap IQ & Sở GDCK,https://benthanhtsc.com,https://benthanhtsc.com/quan-he-co-dong
BVB,Ngân hàng Thương mại Cổ phần Bản Việt,Ngân hàng Bản Việt - BVBank,HOSE,Ngân hàng,Ngân hàng,Ngân hàng,Ngân hàng,8355,FiinPro / Vietcap IQ & Sở GDCK,https://bvbank.net.vn,https://bvbank.net.vn/quan-he-co-dong
BVH,Tập đoàn Bảo Việt,Tập đoàn Bảo Việt,HOSE,Tài chính,Bảo hiểm,Bảo hiểm nhân thọ,Bảo hiểm nhân thọ,8575,FiinPro / Vietcap IQ & Sở GDCK,https://baoviet.com.vn,https://baoviet.com.vn/quan-he-co-dongCTGNg
BWE,Công ty Cổ phần - Tổng công ty Nước - Môi trường Bình Dương,Nước - Môi trường Bình Dương,HOSE,Tiện ích Cộng đồng,"Điện, nước & xăng dầu khí đốt",Nước & Khí đốt,Nước,7577,FiinPro / Vietcap IQ & Sở GDCK,https://biwase.com.vn,https://biwase.com.vn/quan-he-co-dong
C32,Công ty Cổ phần Đầu tư và Xây dựng 3-2,Đầu tư và Xây dựng 3-2,HOSE,Công nghiệp,Xây dựng và Vật liệu,Xây dựng và Vật liệu,Vật liệu xây dựng & Nội thất,2353,FiinPro / Vietcap IQ & Sở GDCK,https://c32.vn,https://c32.vn/quan-he-co-dong
C47,Công ty Cổ phần Xây dựng 47,Xây dựng 47,HOSE,Công nghiệp,Xây dựng và Vật liệu,Xây dựng và Vật liệu,Xây dựng,2357,FiinPro / Vietcap IQ & Sở GDCK,https://xaydung47.vn,https://xaydung47.vn/quan-he-co-dong
CCC,Công ty Cổ Phần Xây Dựng CDC,Xây Dựng CDC,HOSE,Công nghiệp,Xây dựng và Vật liệu,Xây dựng và Vật liệu,Xây dựng,2357,FiinPro / Vietcap IQ & Sở GDCK,https://cdcxd.com.vn,https://cdcxd.com.vn/quan-he-co-dong
CCI,Công ty Cổ phần Đầu tư Phát triển Công nghiệp Thương mại Củ Chi,CIDICO,HOSE,Tiện ích Cộng đồng,"Điện, nước & xăng dầu khí đốt",Nước & Khí đốt,Phân phối xăng dầu & khí đốt,7573,FiinPro / Vietcap IQ & Sở GDCK,http://cidico.com.vn,http://cidico.com.vn/quan-he-co-dong
CCL,Công ty Cổ phần Đầu tư và Phát triển Đô thị Dầu khí Cửu Long,ĐT & PT Đô thị Dầu khí Cửu Long,HOSE,Tài chính,Bất động sản,Bất động sản,Bất động sản,8633,FiinPro / Vietcap IQ & Sở GDCK,https://beta.dothi5a.com,https://beta.dothi5a.com/quan-he-co-dong
CDC,Công ty Cổ phần Chương Dương,Chương Dương Corp,HOSE,Công nghiệp,Xây dựng và Vật liệu,Xây dựng và Vật liệu,Xây dựng,2357,FiinPro / Vietcap IQ & Sở GDCK,http://chuongduongcorp.vn,http://chuongduongcorp.vn/quan-he-co-dong
CHP,Công ty Cổ phần Thủy điện Miền Trung,Thủy điện Miền Trung,HOSE,Tiện ích Cộng đồng,"Điện, nước & xăng dầu khí đốt",Sản xuất & Phân phối Điện,Sản xuất & Phân phối Điện,7535,FiinPro / Vietcap IQ & Sở GDCK,https://chp.vn,https://chp.vn/quan-he-co-dong
CIG,Công ty Cổ phần COMA 18,Xây dựng COMA 18,HOSE,Công nghiệp,Xây dựng và Vật liệu,Xây dựng và Vật liệu,Xây dựng,2357,FiinPro / Vietcap IQ & Sở GDCK,https://coma18.vn,https://coma18.vn/quan-he-co-dong
CII,Công ty Cổ phần Đầu tư Hạ tầng Kỹ thuật Thành phố Hồ Chí Minh,Hạ tầng Kỹ thuật TP.HCM,HOSE,Công nghiệp,Xây dựng và Vật liệu,Xây dựng và Vật liệu,Xây dựng,2357,FiinPro / Vietcap IQ & Sở GDCK,https://cii.com.vn,https://cii.com.vn/quan-he-co-dong
CKG,Công ty Cổ phần Tập đoàn CIC,Tập đoàn CIC,HOSE,Tài chính,Bất động sản,Bất động sản,Bất động sản,8633,FiinPro / Vietcap IQ & Sở GDCK,https://cicgroups.com,https://cicgroups.com/quan-he-co-dong
CLC,Công ty Cổ phần Cát Lợi,Thuốc lá Cát Lợi,HOSE,Hàng Tiêu dùng,Hàng cá nhân & Gia dụng,Thuốc lá,Thuốc lá,3785,FiinPro / Vietcap IQ & Sở GDCK,http://catloi.com.vn,http://catloi.com.vn/quan-he-co-dong
CLL,Công ty Cổ phần Cảng Cát Lái,Cảng Cát Lái,HOSE,Công nghiệp,Hàng & Dịch vụ Công nghiệp,Vận tải,"Kho bãi, hậu cần và bảo dưỡng",2777,FiinPro / Vietcap IQ & Sở GDCK,http://catlaiport.com.vn,http://catlaiport.com.vn/quan-he-co-dong
CLW,Công ty Cổ phần Cấp nước Chợ Lớn,Cấp nước Chợ Lớn,HOSE,Tiện ích Cộng đồng,"Điện, nước & xăng dầu khí đốt",Nước & Khí đốt,Nước,7577,FiinPro / Vietcap IQ & Sở GDCK,https://capnuoccholon.com.vn,https://capnuoccholon.com.vn/quan-he-co-dong
CMG,Công ty Cổ phần Tập đoàn Công nghệ CMC,Tập đoàn Công nghệ CMC,HOSE,Công nghệ Thông tin,Công nghệ Thông tin,Phần mềm & Dịch vụ Máy tính,Dịch vụ Máy tính,9533,FiinPro / Vietcap IQ & Sở GDCK,https://cmc.com.vn,https://cmc.com.vn/quan-he-co-dong
CMV,Công ty Cổ phần Thương nghiệp Cà Mau,Thương nghiệp Cà Mau,HOSE,Dịch vụ Tiêu dùng,Bán lẻ,Bán lẻ,Bán lẻ phức hợp,5373,FiinPro / Vietcap IQ & Sở GDCK,https://tncm.com.vn,https://tncm.com.vn/quan-he-co-dong
CMX,Công ty Cổ phần CAMIMEX Group,CAMIMEX Group,HOSE,Hàng Tiêu dùng,Thực phẩm và đồ uống,Sản xuất thực phẩm,Nuôi trồng nông & hải sản,3573,FiinPro / Vietcap IQ & Sở GDCK,https://camimex.com.vn,https://camimex.com.vn/quan-he-co-dong
CNG,Công ty Cổ phần CNG Việt Nam,CNG Việt Nam,HOSE,Tiện ích Cộng đồng,"Điện, nước & xăng dầu khí đốt",Nước & Khí đốt,Phân phối xăng dầu & khí đốt,7573,FiinPro / Vietcap IQ & Sở GDCK,https://cngvietnam.com,https://cngvietnam.com/quan-he-co-dong
COM,Công ty Cổ phần Vật tư - Xăng dầu,Vật tư - Xăng dầu,HOSE,Dịch vụ Tiêu dùng,Bán lẻ,Bán lẻ,Phân phối hàng chuyên dụng,5379,FiinPro / Vietcap IQ & Sở GDCK,http://comeco.vn,http://comeco.vn/quan-he-co-dong
CRC,Công ty Cổ phần Create Capital Việt Nam,Create Capital Việt Nam,HOSE,Công nghiệp,Xây dựng và Vật liệu,Xây dựng và Vật liệu,Vật liệu xây dựng & Nội thất,2353,FiinPro / Vietcap IQ & Sở GDCK,https://createcapital.vn,https://createcapital.vn/quan-he-co-dong
CRE,Công ty Cổ phần Bất động sản Thế Kỷ,Bất động sản Thế Kỷ,HOSE,Tài chính,Bất động sản,Bất động sản,Bất động sản,8633,FiinPro / Vietcap IQ & Sở GDCK,https://cenland.vn,https://cenland.vn/quan-he-co-dong
CRV,Công ty Cổ phần Tập đoàn Bất động sản CRV,Tập đoàn Bất động sản CRV,HOSE,Tài chính,Bất động sản,Bất động sản,Bất động sản,8633,FiinPro / Vietcap IQ & Sở GDCK,https://crvgroup.vn,https://crvgroup.vn/quan-he-co-dong
CSM,Công ty Cổ phần Công nghiệp Cao su Miền Nam,Cao su Miền Nam,HOSE,Hàng Tiêu dùng,Ô tô và phụ tùng,Ô tô và phụ tùng,Lốp xe,3357,FiinPro / Vietcap IQ & Sở GDCK,http://casumina.com,http://casumina.com/quan-he-co-dong
CSV,Công ty Cổ phần Hóa chất Cơ bản miền Nam,Hóa chất Cơ bản miền Nam,HOSE,Nguyên vật liệu,Hóa chất,Hóa chất,"Sản phẩm hóa dầu, Nông dược & Hóa chất khác",1357,FiinPro / Vietcap IQ & Sở GDCK,https://sochemvn.com,https://sochemvn.com/quan-he-co-dong
CTD,Công ty Cổ phần Xây dựng Coteccons,Xây dựng Coteccons,HOSE,Công nghiệp,Xây dựng và Vật liệu,Xây dựng và Vật liệu,Xây dựng,2357,FiinPro / Vietcap IQ & Sở GDCK,https://coteccons.vn,https://coteccons.vn/quan-he-co-dong
CTF,Công ty Cổ phần City Auto,City Auto,HOSE,Hàng Tiêu dùng,Ô tô và phụ tùng,Ô tô và phụ tùng,Sản xuất ô tô,3353,FiinPro / Vietcap IQ & Sở GDCK,https://cityautogroup.vn,https://cityautogroup.vn/quan-he-co-dong
CTG,Ngân hàng Thương mại Cổ phần Công thương Việt Nam,VietinBank,HOSE,Ngân hàng,Ngân hàng,Ngân hàng,Ngân hàng,8355,FiinPro / Vietcap IQ & Sở GDCK,https://vietinbank.vn,https://investor.vietinbank.vn
CTI,Công ty Cổ phần Đầu tư Phát triển Cường Thuận IDICO,Cường Thuận IDICO,HOSE,Công nghiệp,Xây dựng và Vật liệu,Xây dựng và Vật liệu,Xây dựng,2357,FiinPro / Vietcap IQ & Sở GDCK,http://cuongthuan.vn,http://cuongthuan.vn/quan-he-co-dong
CTR,Tổng Công ty Cổ phần Công trình Viettel,Công trình Viettel,HOSE,Công nghiệp,Xây dựng và Vật liệu,Xây dựng và Vật liệu,Xây dựng,2357,FiinPro / Vietcap IQ & Sở GDCK,https://viettelconstruction.com.vn,https://viettelconstruction.com.vn/quan-he-co-dong
CTS,Công ty Cổ phần Chứng khoán Vietinbank,Chứng khoán Vietinbank,HOSE,Tài chính,Dịch vụ tài chính,Dịch vụ tài chính,Môi giới chứng khoán,8777,FiinPro / Vietcap IQ & Sở GDCK,https://vietinbanksc.com.vn,https://vietinbanksc.com.vn/quan-he-co-dong
CVT,Công ty Cổ phần CMC,CMC JSC,HOSE,Công nghiệp,Xây dựng và Vật liệu,Xây dựng và Vật liệu,Vật liệu xây dựng & Nội thất,2353,FiinPro / Vietcap IQ & Sở GDCK,https://cmctiles.vn,https://cmctiles.vn/quan-he-co-dong
D2D,Công ty Cổ phần Phát triển Đô thị Công nghiệp số 2,Phát triển Đô thị số 2,HOSE,Tài chính,Bất động sản,Bất động sản,Bất động sản,8633,FiinPro / Vietcap IQ & Sở GDCK,https://d2d.com.vn,https://d2d.com.vn/quan-he-co-dong
DAH,Công ty Cổ phần Tập đoàn Khách sạn Đông Á,Tập đoàn Khách sạn Đông Á,HOSE,Dịch vụ Tiêu dùng,Du lịch và Giải trí,Du lịch & Giải trí,Khách sạn,5753,FiinPro / Vietcap IQ & Sở GDCK,https://mayplazahotel.com,https://mayplazahotel.com/quan-he-co-dong
DAT,Công ty Cổ phần Đầu tư Du lịch và Phát triển Thủy sản,ĐT Du lịch và PT Thủy sản,HOSE,Hàng Tiêu dùng,Thực phẩm và đồ uống,Sản xuất thực phẩm,Nuôi trồng nông & hải sản,3573,FiinPro / Vietcap IQ & Sở GDCK,http://trisedco.com,http://trisedco.com/quan-he-co-dong
DBC,Công ty Cổ phần Tập đoàn Dabaco Việt Nam,Tập đoàn DABACO,HOSE,Hàng Tiêu dùng,Thực phẩm và đồ uống,Sản xuất thực phẩm,Nuôi trồng nông & hải sản,3573,FiinPro / Vietcap IQ & Sở GDCK,https://dabaco.com.vn,https://dabaco.com.vn/quan-he-co-dong
DBD,Công ty Cổ phần Dược - Trang thiết bị y tế Bình Định (BIDIPHAR),Dược - TB Y tế Bình Định,HOSE,Dược phẩm và Y tế,Y tế,Dược phẩm,Dược phẩm,4577,FiinPro / Vietcap IQ & Sở GDCK,https://bidiphar.com,https://bidiphar.com/quan-he-co-dong
DBT,Công ty Cổ phần Dược phẩm Bến Tre,Dược phẩm Bến Tre,HOSE,Dược phẩm và Y tế,Y tế,Dược phẩm,Dược phẩm,4577,FiinPro / Vietcap IQ & Sở GDCK,https://bepharco.com,https://bepharco.com/quan-he-co-dong
DC4,Công ty Cổ phần Dicera Holdings,Dicera Holdings,HOSE,Công nghiệp,Xây dựng và Vật liệu,Xây dựng và Vật liệu,Xây dựng,2357,FiinPro / Vietcap IQ & Sở GDCK,https://dicera.vn,https://dicera.vn/quan-he-co-dong
DCL,Công ty Cổ phần Dược phẩm Cửu Long,Dược phẩm Cửu Long,HOSE,Dược phẩm và Y tế,Y tế,Dược phẩm,Dược phẩm,4577,FiinPro / Vietcap IQ & Sở GDCK,http://dcl.com.vn,http://dcl.com.vn/quan-he-co-dong
DCM,Công ty Cổ phần - Tổng Công ty Phân bón Dầu Khí Cà Mau,Đạm Cà Mau,HOSE,Nguyên vật liệu,Hóa chất,Hóa chất,"Sản phẩm hóa dầu, Nông dược & Hóa chất khác",1357,FiinPro / Vietcap IQ & Sở GDCK,https://pvcfc.com.vn,https://pvcfc.com.vn/quan-he-co-dong
DGC,Công ty Cổ phần Tập đoàn Hóa chất Đức Giang,Hóa chất Đức Giang,HOSE,Nguyên vật liệu,Hóa chất,Hóa chất,"Sản phẩm hóa dầu, Nông dược & Hóa chất khác",1357,FiinPro / Vietcap IQ & Sở GDCK,https://ducgiangchem.vn,https://ducgiangchem.vn/quan-he-co-dong
DGW,Công ty Cổ phần Thế Giới Số,Thế Giới Số,HOSE,Dịch vụ Tiêu dùng,Bán lẻ,Bán lẻ,Phân phối hàng chuyên dụng,5379,FiinPro / Vietcap IQ & Sở GDCK,https://digiworld.com.vn,https://digiworld.com.vn/quan-he-co-dong
DHA,Công ty Cổ phần Hóa An,Hóa An,HOSE,Công nghiệp,Xây dựng và Vật liệu,Xây dựng và Vật liệu,Vật liệu xây dựng & Nội thất,2353,FiinPro / Vietcap IQ & Sở GDCK,http://hoaan.com.vn,http://hoaan.com.vn/quan-he-co-dong
DHC,Công ty Cổ phần Đông Hải Bến Tre,Đông Hải Bến Tre,HOSE,Nguyên vật liệu,Tài nguyên Cơ bản,Lâm nghiệp và Giấy,Sản xuất giấy,1737,FiinPro / Vietcap IQ & Sở GDCK,https://dohacobentre.com.vn,https://dohacobentre.com.vn/quan-he-co-dong
DHG,Công ty Cổ phần Dược Hậu Giang,Dược Hậu Giang,HOSE,Dược phẩm và Y tế,Y tế,Dược phẩm,Dược phẩm,4577,FiinPro / Vietcap IQ & Sở GDCK,https://dhgpharma.com.vn,https://dhgpharma.com.vn/quan-he-co-dong
DHM,Công ty Cổ phần Đầu tư và Thương mại DHM,Đầu tư và Thương mại DHM,HOSE,Nguyên vật liệu,Tài nguyên Cơ bản,Khai khoáng,Khai khoáng,1775,FiinPro / Vietcap IQ & Sở GDCK,https://dhmjsc.vn,https://dhmjsc.vn/quan-he-co-dong
DIG,Tổng Công ty Cổ phần Đầu tư Phát triển Xây dựng,DIC Corp,HOSE,Tài chính,Bất động sản,Bất động sản,Bất động sản,8633,FiinPro / Vietcap IQ & Sở GDCK,https://dic.vn,https://dic.vn/quan-he-co-dong
DLG,Công ty Cổ phần Tập đoàn Đức Long Gia Lai,Đức Long Gia Lai,HOSE,Công nghiệp,Xây dựng và Vật liệu,Xây dựng và Vật liệu,Xây dựng,2357,FiinPro / Vietcap IQ & Sở GDCK,http://duclonggroup.com,http://duclonggroup.com/quan-he-co-dong
DMC,Công ty Cổ phần Xuất nhập khẩu Y tế DOMESCO,Dược phẩm DOMESCO,HOSE,Dược phẩm và Y tế,Y tế,Dược phẩm,Dược phẩm,4577,FiinPro / Vietcap IQ & Sở GDCK,https://domesco.com,https://domesco.com/quan-he-co-dong
DMX,Công ty Cổ phần Đầu tư Điện Máy Xanh,Đầu tư Điện Máy Xanh,HOSE,Dịch vụ Tiêu dùng,Bán lẻ,Bán lẻ,Bán lẻ phức hợp,5373,FiinPro / Vietcap IQ & Sở GDCK,https://dmx.vn,https://dmx.vn/quan-he-co-dong
DPG,Công ty Cổ phần Tập đoàn Đạt Phương,Tập đoàn Đạt Phương,HOSE,Công nghiệp,Xây dựng và Vật liệu,Xây dựng và Vật liệu,Xây dựng,2357,FiinPro / Vietcap IQ & Sở GDCK,https://datphuong.com.vn,https://datphuong.com.vn/quan-he-co-dong
DPM,Tổng Công ty Phân bón và Hóa chất Dầu khí - Công ty Cổ phần,Tổng Công ty Phân bón và Hóa chất Dầu khí,HOSE,Nguyên vật liệu,Hóa chất,Hóa chất,"Sản phẩm hóa dầu, Nông dược & Hóa chất khác",1357,FiinPro / Vietcap IQ & Sở GDCK,https://dpm.vn,https://dpm.vn/quan-he-co-dong
DPR,Công ty Cổ phần Cao su Đồng Phú,Cao su Đồng Phú,HOSE,Nguyên vật liệu,Hóa chất,Hóa chất,"Nhựa, cao su & sợi",1353,FiinPro / Vietcap IQ & Sở GDCK,http://doruco.com.vn,http://doruco.com.vn/quan-he-co-dong
DQC,Công ty Cổ phần Tập đoàn Điện Quang,Tập đoàn Điện Quang,HOSE,Hàng Tiêu dùng,Hàng cá nhân & Gia dụng,Hàng gia dụng,Thiết bị gia dụng,3726,FiinPro / Vietcap IQ & Sở GDCK,https://dqc.vn,https://dqc.vn/quan-he-co-dong
DRC,Công ty Cổ phần Cao su Đà Nẵng,Cao su Đà Nẵng,HOSE,Hàng Tiêu dùng,Ô tô và phụ tùng,Ô tô và phụ tùng,Lốp xe,3357,FiinPro / Vietcap IQ & Sở GDCK,https://drc.com.vn,https://drc.com.vn/quan-he-co-dong
DRH,Công ty Cổ phần DRH Holdings,DRH Holdings,HOSE,Tài chính,Bất động sản,Bất động sản,Bất động sản,8633,FiinPro / Vietcap IQ & Sở GDCK,https://drh.vn,https://drh.vn/quan-he-co-dong
DRL,Công ty Cổ phần Thủy điện - Điện lực 3,Thủy điện - Điện lực 3,HOSE,Tiện ích Cộng đồng,"Điện, nước & xăng dầu khí đốt",Sản xuất & Phân phối Điện,Sản xuất & Phân phối Điện,7535,FiinPro / Vietcap IQ & Sở GDCK,https://pc3hp.com.vn,https://pc3hp.com.vn/quan-he-co-dong
DSC,Công ty Cổ phần Chứng khoán DSC,Chứng khoán DSC,HOSE,Tài chính,Dịch vụ tài chính,Dịch vụ tài chính,Môi giới chứng khoán,8777,FiinPro / Vietcap IQ & Sở GDCK,https://dsc.com.vn,https://dsc.com.vn/quan-he-co-dong
DSE,Công ty Cổ phần Chứng khoán DNSE,Chứng Khoán DNSE,HOSE,Tài chính,Dịch vụ tài chính,Dịch vụ tài chính,Môi giới chứng khoán,8777,FiinPro / Vietcap IQ & Sở GDCK,https://dnse.com.vn,https://dnse.com.vn/quan-he-co-dongEIBNg
DSN,Công ty Cổ phần Công viên nước Đầm Sen,Công viên nước Đầm Sen,HOSE,Dịch vụ Tiêu dùng,Du lịch và Giải trí,Du lịch & Giải trí,Dịch vụ giải trí,5755,FiinPro / Vietcap IQ & Sở GDCK,https://damsenwaterpark.com.vn,https://damsenwaterpark.com.vn/quan-he-co-dong
DTA,Công ty Cổ phần Đệ Tam,BĐS Đệ Tam,HOSE,Tài chính,Bất động sản,Bất động sản,Bất động sản,8633,FiinPro / Vietcap IQ & Sở GDCK,http://detamland.com,http://detamland.com/quan-he-co-dong
DTL,Công ty Cổ phần Đại Thiên Lộc,Đại Thiên Lộc,HOSE,Nguyên vật liệu,Tài nguyên Cơ bản,Kim loại,Thép và sản phẩm thép,1757,FiinPro / Vietcap IQ & Sở GDCK,http://daithienloc.com.vn,http://daithienloc.com.vn/quan-he-co-dong
DTT,Công ty Cổ phần Kỹ nghệ Đô Thành,Kỹ nghệ Đô Thành,HOSE,Nguyên vật liệu,Hóa chất,Hóa chất,"Nhựa, cao su & sợi",1353,FiinPro / Vietcap IQ & Sở GDCK,http://dothanhtech.com,http://dothanhtech.com/quan-he-co-dong
DVP,Công ty Cổ phần Đầu tư và Phát triển Cảng Đình Vũ,ĐT và PT Cảng Đình Vũ,HOSE,Công nghiệp,Hàng & Dịch vụ Công nghiệp,Vận tải,"Kho bãi, hậu cần và bảo dưỡng",2777,FiinPro / Vietcap IQ & Sở GDCK,https://dinhvuport.com.vn,https://dinhvuport.com.vn/quan-he-co-dong
DXG,Công ty Cổ phần Bluemarq Group,Bluemarq Group,HOSE,Tài chính,Bất động sản,Bất động sản,Bất động sản,8633,FiinPro / Vietcap IQ & Sở GDCK,https://datxanh.vn,https://datxanh.vn/quan-he-co-dong
DXS,Công ty Cổ phần Dịch vụ Bất động sản Đất Xanh,Dịch vụ BĐS Đất Xanh,HOSE,Tài chính,Bất động sản,Bất động sản,"Tư Vấn, Định giá, Môi giới Bất động sản",8637,FiinPro / Vietcap IQ & Sở GDCK,https://datxanhservices.vn,https://datxanhservices.vn/quan-he-co-dong
DXV,Công ty Cổ phần VICEM Vật liệu Xây dựng Đà Nẵng,Vật liệu Xây dựng Đà Nẵng,HOSE,Công nghiệp,Xây dựng và Vật liệu,Xây dựng và Vật liệu,Vật liệu xây dựng & Nội thất,2353,FiinPro / Vietcap IQ & Sở GDCK,http://coxiva.com.vn,http://coxiva.com.vn/quan-he-co-dong
EIB,Ngân hàng Thương mại Cổ phần Xuất nhập khẩu Việt Nam,Eximbank,HOSE,Ngân hàng,Ngân hàng,Ngân hàng,Ngân hàng,8355,FiinPro / Vietcap IQ & Sở GDCK,https://eximbank.com.vn,https://eximbank.com.vn/quan-he-nha-dau-tu
ELC,Công ty Cổ phần Công nghệ - Viễn thông ELCOM,ELCOM,HOSE,Công nghệ Thông tin,Công nghệ Thông tin,Thiết bị và Phần cứng,Thiết bị viễn thông,9578,FiinPro / Vietcap IQ & Sở GDCK,https://elcom.com.vn,https://elcom.com.vn/quan-he-co-dong
EVE,Công ty Cổ phần Everpia,Everpia,HOSE,Hàng Tiêu dùng,Hàng cá nhân & Gia dụng,Hàng cá nhân,Hàng May mặc,3763,FiinPro / Vietcap IQ & Sở GDCK,https://everpia.vn,https://everpia.vn/quan-he-co-dong
EVF,Công ty Tài chính Tổng hợp Cổ phần Điện Lực,Tài chính Tổng hợp Điện lực,HOSE,Tài chính,Dịch vụ tài chính,Dịch vụ tài chính,Tài chính cá nhân,8773,FiinPro / Vietcap IQ & Sở GDCK,http://evnfc.vn,http://evnfc.vn/quan-he-co-dong
EVG,Công ty Cổ phần Tập đoàn Everland,Tập đoàn Everland,HOSE,Công nghiệp,Xây dựng và Vật liệu,Xây dựng và Vật liệu,Xây dựng,2357,FiinPro / Vietcap IQ & Sở GDCK,https://everland.vn,https://everland.vn/quan-he-co-dong
FCM,Công ty Cổ phần Bê tông Phan Vũ Hà Nam,Bê tông Phan Vũ Hà Nam,HOSE,Công nghiệp,Xây dựng và Vật liệu,Xây dựng và Vật liệu,Vật liệu xây dựng & Nội thất,2353,FiinPro / Vietcap IQ & Sở GDCK,http://feconmining.com.vn,http://feconmining.com.vn/quan-he-co-dong
FCN,Công ty Cổ phần Tập đoàn FECON,FECON CORP,HOSE,Công nghiệp,Xây dựng và Vật liệu,Xây dựng và Vật liệu,Xây dựng,2357,FiinPro / Vietcap IQ & Sở GDCK,https://fecon.com.vn,https://fecon.com.vn/quan-he-co-dong
FDC,Công ty Cổ phần Ngoại thương và Phát triển Đầu tư Thành phố Hồ Chí Minh,FIDECO,HOSE,Tài chính,Bất động sản,Bất động sản,Bất động sản,8633,FiinPro / Vietcap IQ & Sở GDCK,https://fideco.com.vn,https://fideco.com.vn/quan-he-co-dong
FIR,Công ty Cổ phần Địa ốc First Real,Địa ốc First Real,HOSE,Tài chính,Bất động sản,Bất động sản,Bất động sản,8633,FiinPro / Vietcap IQ & Sở GDCK,https://fir.vn,https://fir.vn/quan-he-co-dong
FIT,Công ty Cổ phần Tập đoàn F.I.T,Tập đoàn F.I.T,HOSE,Dược phẩm và Y tế,Y tế,Dược phẩm,Dược phẩm,4577,FiinPro / Vietcap IQ & Sở GDCK,https://fitgroup.com.vn,https://fitgroup.com.vn/quan-he-co-dong
FMC,Công ty Cổ phần Thực phẩm Sao Ta,Thực phẩm Sao Ta,HOSE,Hàng Tiêu dùng,Thực phẩm và đồ uống,Sản xuất thực phẩm,Nuôi trồng nông & hải sản,3573,FiinPro / Vietcap IQ & Sở GDCK,https://fimexvn.com,https://fimexvn.com/quan-he-co-dong
FPT,Công ty Cổ phần FPT,FPT Corp,HOSE,Công nghệ Thông tin,Công nghệ Thông tin,Phần mềm & Dịch vụ Máy tính,Phần mềm,9537,FiinPro / Vietcap IQ & Sở GDCK,https://fpt.com,https://fpt.com/vi/nha-dau-tu
FRT,Công ty Cổ phần Bán lẻ Kỹ thuật số FPT,Bán lẻ FPT,HOSE,Dịch vụ Tiêu dùng,Bán lẻ,Bán lẻ,Phân phối hàng chuyên dụng,5379,FiinPro / Vietcap IQ & Sở GDCK,https://fptretail.com.vn,https://fptretail.com.vn/quan-he-co-dong
FTS,Công ty Cổ phần Chứng khoán FPT,Chứng khoán FPT,HOSE,Tài chính,Dịch vụ tài chính,Dịch vụ tài chính,Môi giới chứng khoán,8777,FiinPro / Vietcap IQ & Sở GDCK,https://fpts.com.vn,https://fpts.com.vn/quan-he-nha-dau-tuHDBNg
GAS,Tổng Công ty Khí Việt Nam - Công ty Cổ phần,PV Gas,HOSE,Tiện ích Cộng đồng,"Điện, nước & xăng dầu khí đốt",Nước & Khí đốt,Phân phối xăng dầu & khí đốt,7573,FiinPro / Vietcap IQ & Sở GDCK,https://pvgas.com.vn,https://pvgas.com.vn/quan-he-co-dong
GDT,Công ty Cổ phần Chế biến Gỗ Đức Thành,Gỗ Đức Thành,HOSE,Hàng Tiêu dùng,Hàng cá nhân & Gia dụng,Hàng gia dụng,Thiết bị gia dụng,3726,FiinPro / Vietcap IQ & Sở GDCK,http://goducthanh.com,http://goducthanh.com/quan-he-co-dong
GEE,Công ty Cổ phần Điện lực Gelex,Điện lực Gelex,HOSE,Công nghiệp,Hàng & Dịch vụ Công nghiệp,Điện tử & Thiết bị điện,Thiết bị điện,2737,FiinPro / Vietcap IQ & Sở GDCK,https://gelex-electric.com,https://gelex-electric.com/quan-he-co-dong
GEG,Công ty Cổ phần Điện Gia Lai,Điện Gia Lai,HOSE,Tiện ích Cộng đồng,"Điện, nước & xăng dầu khí đốt",Sản xuất & Phân phối Điện,Sản xuất & Phân phối Điện,7535,FiinPro / Vietcap IQ & Sở GDCK,https://gecc.com.vn,https://gecc.com.vn/quan-he-co-dong
GEL,Công ty Cổ phần Hạ tầng GELEX,Hạ tầng GELEX,HOSE,Công nghiệp,Xây dựng và Vật liệu,Xây dựng và Vật liệu,Vật liệu xây dựng & Nội thất,2353,FiinPro / Vietcap IQ & Sở GDCK,https://gelex-infra.vn,https://gelex-infra.vn/quan-he-co-dong
GEX,Công ty Cổ phần Tập đoàn Gelex,Tập đoàn Gelex,HOSE,Công nghiệp,Hàng & Dịch vụ Công nghiệp,Điện tử & Thiết bị điện,Thiết bị điện,2737,FiinPro / Vietcap IQ & Sở GDCK,https://gelex.vn,https://gelex.vn/quan-he-co-dong
GHC,Công ty Cổ phần Thủy điện Gia Lai,Thủy điện Gia Lai,HOSE,Tiện ích Cộng đồng,"Điện, nước & xăng dầu khí đốt",Sản xuất & Phân phối Điện,Sản xuất & Phân phối Điện,7535,FiinPro / Vietcap IQ & Sở GDCK,https://ghc.vn,https://ghc.vn/quan-he-co-dong
GIL,Công ty Cổ phần Sản xuất Kinh doanh Xuất nhập khẩu Bình Thạnh,XNK Bình Thạnh,HOSE,Hàng Tiêu dùng,Hàng cá nhân & Gia dụng,Hàng cá nhân,Hàng May mặc,3763,FiinPro / Vietcap IQ & Sở GDCK,http://gilimex.com,http://gilimex.com/quan-he-co-dong
GMD,Công ty Cổ phần Tập đoàn Gemadept,Tập đoàn Gemadept,HOSE,Công nghiệp,Hàng & Dịch vụ Công nghiệp,Vận tải,"Kho bãi, hậu cần và bảo dưỡng",2777,FiinPro / Vietcap IQ & Sở GDCK,https://gemadept.com.vn,https://gemadept.com.vn/quan-he-co-dong
GMH,Công ty Cổ phần Minh Hưng Quảng Trị,Minh Hưng Quảng Trị,HOSE,Công nghiệp,Xây dựng và Vật liệu,Xây dựng và Vật liệu,Vật liệu xây dựng & Nội thất,2353,FiinPro / Vietcap IQ & Sở GDCK,https://minhhungqt.vn,https://minhhungqt.vn/quan-he-co-dong
GSP,Công ty Cổ phần Vận tải Sản phẩm Khí Quốc tế,Vận tải Sản phẩm Khí Quốc tế,HOSE,Công nghiệp,Hàng & Dịch vụ Công nghiệp,Vận tải,Vận tải Thủy,2773,FiinPro / Vietcap IQ & Sở GDCK,https://gasshipping.com.vn,https://gasshipping.com.vn/quan-he-co-dong
GTA,Công ty Cổ phần Chế biến Gỗ Thuận An,Gỗ Thuận An,HOSE,Nguyên vật liệu,Tài nguyên Cơ bản,Lâm nghiệp và Giấy,Lâm sản và Chế biến gỗ,1733,FiinPro / Vietcap IQ & Sở GDCK,https://gothuanan.vn,https://gothuanan.vn/quan-he-co-dong
GVR,Tập đoàn Công nghiệp Cao su Việt Nam - Công ty Cổ phần,Tập đoàn CN Cao su VN,HOSE,Nguyên vật liệu,Hóa chất,Hóa chất,"Nhựa, cao su & sợi",1353,FiinPro / Vietcap IQ & Sở GDCK,https://rubbergroup.vn,https://rubbergroup.vn/quan-he-co-dong
HAG,Công ty Cổ phần Hoàng Anh Gia Lai,Hoàng Anh Gia Lai,HOSE,Hàng Tiêu dùng,Thực phẩm và đồ uống,Sản xuất thực phẩm,Nuôi trồng nông & hải sản,3573,FiinPro / Vietcap IQ & Sở GDCK,https://hagl.com.vn,https://hagl.com.vn/quan-he-co-dong
HAH,Công ty Cổ phần Vận tải và Xếp dỡ Hải An,Vận tải và Xếp dỡ Hải An,HOSE,Công nghiệp,Hàng & Dịch vụ Công nghiệp,Vận tải,"Kho bãi, hậu cần và bảo dưỡng",2777,FiinPro / Vietcap IQ & Sở GDCK,https://haianshipping.com,https://haianshipping.com/quan-he-co-dong
HAP,Công ty Cổ phần Tập Đoàn Hapaco,Tập đoàn Hapaco,HOSE,Nguyên vật liệu,Tài nguyên Cơ bản,Lâm nghiệp và Giấy,Sản xuất giấy,1737,FiinPro / Vietcap IQ & Sở GDCK,http://hapaco.vn,http://hapaco.vn/quan-he-co-dong
HAR,Công ty Cổ phần Đầu tư Thương mại Bất động sản An Dương Thảo Điền,BĐS An Dương Thảo Điền,HOSE,Tài chính,Bất động sản,Bất động sản,Bất động sản,8633,FiinPro / Vietcap IQ & Sở GDCK,https://adtdgroup.com,https://adtdgroup.com/quan-he-co-dong
HAS,Công ty Cổ phần Hacisco,Hacisco,HOSE,Công nghiệp,Xây dựng và Vật liệu,Xây dựng và Vật liệu,Xây dựng,2357,FiinPro / Vietcap IQ & Sở GDCK,https://has.vn,https://has.vn/quan-he-co-dong
HAX,Công ty Cổ phần Dịch vụ Ô tô Hàng Xanh,Ô tô Hàng Xanh,HOSE,Hàng Tiêu dùng,Ô tô và phụ tùng,Ô tô và phụ tùng,Sản xuất ô tô,3353,FiinPro / Vietcap IQ & Sở GDCK,http://haxaco.com.vn,http://haxaco.com.vn/quan-he-co-dong
HCD,Công ty Cổ phần Đầu tư Sản xuất và Thương mại HCD,SX và Thương mại HCD,HOSE,Nguyên vật liệu,Hóa chất,Hóa chất,"Nhựa, cao su & sợi",1353,FiinPro / Vietcap IQ & Sở GDCK,https://hcdgroup.com.vn,https://hcdgroup.com.vn/quan-he-co-dong
HCM,Công ty Cổ phần Chứng khoán Thành phố Hồ Chí Minh,Chứng khoán HSC,HOSE,Tài chính,Dịch vụ tài chính,Dịch vụ tài chính,Môi giới chứng khoán,8777,FiinPro / Vietcap IQ & Sở GDCK,https://hsc.com.vn,https://hsc.com.vn/quan-he-nha-dau-tuLPBNg
HDB,Ngân hàng Thương mại Cổ phần Phát Triển Thành phố Hồ Chí Minh,HDBank,HOSE,Ngân hàng,Ngân hàng,Ngân hàng,Ngân hàng,8355,FiinPro / Vietcap IQ & Sở GDCK,https://hdbank.com.vn,https://ir.hdbank.com.vn
HDC,Công ty Cổ phần Phát triển Nhà Bà Rịa Vũng Tàu,Phát triển Nhà Bà Rịa Vũng Tàu,HOSE,Tài chính,Bất động sản,Bất động sản,Bất động sản,8633,FiinPro / Vietcap IQ & Sở GDCK,https://hodeco.vn,https://hodeco.vn/quan-he-co-dong
HDG,Công ty Cổ phần Tập đoàn Hà Đô,Tập đoàn Hà Đô,HOSE,Tiện ích Cộng đồng,"Điện, nước & xăng dầu khí đốt",Sản xuất & Phân phối Điện,Sản xuất & Phân phối Điện,7535,FiinPro / Vietcap IQ & Sở GDCK,https://hado.com.vn,https://hado.com.vn/quan-he-co-dong
HHP,Công ty Cổ phần HHP Global,HHP Global,HOSE,Nguyên vật liệu,Tài nguyên Cơ bản,Lâm nghiệp và Giấy,Sản xuất giấy,1737,FiinPro / Vietcap IQ & Sở GDCK,https://hhpglobaljsc.com,https://hhpglobaljsc.com/quan-he-co-dong
HHS,Công ty Cổ phần Đầu tư Dịch vụ Hoàng Huy,Đầu tư DV Hoàng Huy,HOSE,Hàng Tiêu dùng,Ô tô và phụ tùng,Ô tô và phụ tùng,Sản xuất ô tô,3353,FiinPro / Vietcap IQ & Sở GDCK,http://hoanghuyhhs.vn,http://hoanghuyhhs.vn/quan-he-co-dong
HHV,Công ty Cổ phần Đầu tư Hạ tầng Giao thông Đèo Cả,Đầu tư Hạ tầng Giao thông Đèo Cả,HOSE,Công nghiệp,Xây dựng và Vật liệu,Xây dựng và Vật liệu,Xây dựng,2357,FiinPro / Vietcap IQ & Sở GDCK,https://deoca.vn,https://deoca.vn/quan-he-co-dong
HID,Công ty Cổ phần Halcom Vietnam,Halcom Vietnam,HOSE,Công nghiệp,Xây dựng và Vật liệu,Xây dựng và Vật liệu,Xây dựng,2357,FiinPro / Vietcap IQ & Sở GDCK,http://halcom.vn,http://halcom.vn/quan-he-co-dong
HII,Công ty Cổ phần An Tiến Industries,An Tiến Industries,HOSE,Nguyên vật liệu,Hóa chất,Hóa chất,"Nhựa, cao su & sợi",1353,FiinPro / Vietcap IQ & Sở GDCK,https://antienindustries.com,https://antienindustries.com/quan-he-co-dong
HMC,Công ty Cổ phần Kim khí Thành phố Hồ Chí Minh - VNSTEEL,Kim khí TP.HCM,HOSE,Nguyên vật liệu,Tài nguyên Cơ bản,Kim loại,Thép và sản phẩm thép,1757,FiinPro / Vietcap IQ & Sở GDCK,https://metalhcm.com.vn,https://metalhcm.com.vn/quan-he-co-dong
HNA,Công ty Cổ phần Thủy điện Hủa Na,Thủy điện Hủa Na,HOSE,Tiện ích Cộng đồng,"Điện, nước & xăng dầu khí đốt",Sản xuất & Phân phối Điện,Sản xuất & Phân phối Điện,7535,FiinPro / Vietcap IQ & Sở GDCK,http://huana.com.vn,http://huana.com.vn/quan-he-co-dong
HPA,Công ty Cổ phần Phát triển Nông nghiệp Hoà Phát,Phát triển Nông nghiệp Hoà Phát,HOSE,Hàng Tiêu dùng,Thực phẩm và đồ uống,Sản xuất thực phẩm,Nuôi trồng nông & hải sản,3573,FiinPro / Vietcap IQ & Sở GDCK,https://nongnghiep.hoaphat.com.vn,https://nongnghiep.hoaphat.com.vn/quan-he-co-dong
HPG,Công ty Cổ phần Tập đoàn Hòa Phát,Hòa Phát,HOSE,Nguyên vật liệu,Tài nguyên Cơ bản,Kim loại,Thép và sản phẩm thép,1757,FiinPro / Vietcap IQ & Sở GDCK,https://hoaphat.com.vn,https://hoaphat.com.vn/quan-he-co-dong
HPX,Công ty Cổ phần Đầu tư Hải Phát,Đầu tư Hải Phát,HOSE,Tài chính,Bất động sản,Bất động sản,Bất động sản,8633,FiinPro / Vietcap IQ & Sở GDCK,https://haiphat.com.vn,https://haiphat.com.vn/quan-he-co-dong
HQC,Công ty Cổ phần Tư vấn - Thương mại - Dịch vụ Địa ốc Hoàng Quân,Địa ốc Hoàng Quân,HOSE,Tài chính,Bất động sản,Bất động sản,Bất động sản,8633,FiinPro / Vietcap IQ & Sở GDCK,https://hoangquan.com.vn,https://hoangquan.com.vn/quan-he-co-dong
HRC,Công ty Cổ phần Cao su Hòa Bình,Cao su Hòa Bình,HOSE,Nguyên vật liệu,Hóa chất,Hóa chất,"Nhựa, cao su & sợi",1353,FiinPro / Vietcap IQ & Sở GDCK,http://horuco.com.vn,http://horuco.com.vn/quan-he-co-dong
HSG,Công ty Cổ phần Tập đoàn Hoa Sen,Tập đoàn Hoa Sen,HOSE,Nguyên vật liệu,Tài nguyên Cơ bản,Kim loại,Thép và sản phẩm thép,1757,FiinPro / Vietcap IQ & Sở GDCK,https://hoasengroup.vn,https://hoasengroup.vn/quan-he-co-dong
HSL,Công ty Cổ phần Đầu tư Phát triển Thực phẩm Hồng Hà,Thực phẩm Hồng Hà,HOSE,Hàng Tiêu dùng,Thực phẩm và đồ uống,Sản xuất thực phẩm,Thực phẩm,3577,FiinPro / Vietcap IQ & Sở GDCK,http://honghagroup.com.vn,http://honghagroup.com.vn/quan-he-co-dong
HT1,Công ty Cổ phần Xi măng VICEM Hà Tiên,VICEM Hà Tiên,HOSE,Công nghiệp,Xây dựng và Vật liệu,Xây dựng và Vật liệu,Vật liệu xây dựng & Nội thất,2353,FiinPro / Vietcap IQ & Sở GDCK,https://hatien1.com.vn,https://hatien1.com.vn/quan-he-co-dong
HTG,Tổng Công ty Cổ phần Dệt may Hòa Thọ,Dệt may Hòa Thọ,HOSE,Hàng Tiêu dùng,Hàng cá nhân & Gia dụng,Hàng cá nhân,Hàng May mặc,3763,FiinPro / Vietcap IQ & Sở GDCK,http://hoatho.com.vn,http://hoatho.com.vn/quan-he-co-dong
HTI,Công ty Cổ phần Đầu tư Phát triển Hạ tầng IDICO,PT Hạ tầng IDICO,HOSE,Công nghiệp,Xây dựng và Vật liệu,Xây dựng và Vật liệu,Xây dựng,2357,FiinPro / Vietcap IQ & Sở GDCK,https://idico-idi.com.vn,https://idico-idi.com.vn/quan-he-co-dong
HTL,Công ty Cổ phần Kỹ thuật và Ô tô Trường Long,Ô tô Trường Long,HOSE,Hàng Tiêu dùng,Ô tô và phụ tùng,Ô tô và phụ tùng,Sản xuất ô tô,3353,FiinPro / Vietcap IQ & Sở GDCK,https://truonglong.com,https://truonglong.com/quan-he-co-dong
HTN,Công ty Cổ phần Hưng Thịnh Incons,Hưng Thịnh Incons,HOSE,Tài chính,Bất động sản,Bất động sản,Bất động sản,8633,FiinPro / Vietcap IQ & Sở GDCK,https://hungthinhincons.com.vn,https://hungthinhincons.com.vn/quan-he-co-dong
HTV,Công ty Cổ phần Logistics Vicem,Logistics Vicem,HOSE,Công nghiệp,Hàng & Dịch vụ Công nghiệp,Vận tải,Vận tải Thủy,2773,FiinPro / Vietcap IQ & Sở GDCK,https://vantaihatien.com.vn,https://vantaihatien.com.vn/quan-he-co-dong
HU1,Công ty Cổ phần Đầu tư và Xây dựng HUD1,Xây dựng HUD1,HOSE,Công nghiệp,Xây dựng và Vật liệu,Xây dựng và Vật liệu,Xây dựng,2357,FiinPro / Vietcap IQ & Sở GDCK,http://hud1.com.vn,http://hud1.com.vn/quan-he-co-dong
HUB,Công ty Cổ phần Xây lắp Thừa Thiên Huế,Xây lắp Huế,HOSE,Công nghiệp,Xây dựng và Vật liệu,Xây dựng và Vật liệu,Xây dựng,2357,FiinPro / Vietcap IQ & Sở GDCK,http://xaylaphue.com.vn,http://xaylaphue.com.vn/quan-he-co-dong
HVH,Công ty Cổ phần Đầu tư và Công nghệ HVC,Đầu tư và Công nghệ HVC,HOSE,Công nghiệp,Xây dựng và Vật liệu,Xây dựng và Vật liệu,Xây dựng,2357,FiinPro / Vietcap IQ & Sở GDCK,https://hvcgroup.net,https://hvcgroup.net/quan-he-co-dong
HVN,Tổng Công ty Hàng không Việt Nam - CTCP,Vietnam Airlines,HOSE,Dịch vụ Tiêu dùng,Du lịch và Giải trí,Du lịch & Giải trí,Hàng không,5751,FiinPro / Vietcap IQ & Sở GDCK,https://vietnamairlines.com,https://vietnamairlines.com/quan-he-co-dong
ICT,Công ty Cổ phần Viễn thông - Tin học Bưu điện,Viễn thông - Tin học Bưu điện,HOSE,Công nghệ Thông tin,Công nghệ Thông tin,Phần mềm & Dịch vụ Máy tính,Phần mềm,9537,FiinPro / Vietcap IQ & Sở GDCK,https://ctin.vn,https://ctin.vn/quan-he-co-dong
IDI,Công ty Cổ phần Đầu tư và Phát triển Đa Quốc Gia I.D.I,Đầu tư và PT Đa Quốc Gia I.D.I,HOSE,Hàng Tiêu dùng,Thực phẩm và đồ uống,Sản xuất thực phẩm,Nuôi trồng nông & hải sản,3573,FiinPro / Vietcap IQ & Sở GDCK,https://idiseafood.com,https://idiseafood.com/quan-he-co-dong
IJC,Công ty Cổ phần Phát triển Hạ tầng Kỹ thuật,Becamex IJC,HOSE,Tài chính,Bất động sản,Bất động sản,Bất động sản,8633,FiinPro / Vietcap IQ & Sở GDCK,https://becamexijc.com,https://becamexijc.com/quan-he-co-dong
ILB,Công ty Cổ phần ICD Tân Cảng - Long Bình,ICD Tân Cảng Long Bình,HOSE,Công nghiệp,Hàng & Dịch vụ Công nghiệp,Vận tải,"Kho bãi, hậu cần và bảo dưỡng",2777,FiinPro / Vietcap IQ & Sở GDCK,https://icdlongbinh.com,https://icdlongbinh.com/quan-he-co-dong
IMP,Công ty Cổ phần Dược phẩm Imexpharm,Dược phẩm Imexpharm,HOSE,Dược phẩm và Y tế,Y tế,Dược phẩm,Dược phẩm,4577,FiinPro / Vietcap IQ & Sở GDCK,http://imexpharm.com,http://imexpharm.com/quan-he-co-dong
ITC,Công ty Cổ phần Đầu tư - Kinh doanh nhà,Đầu tư kinh doanh Nhà,HOSE,Tài chính,Bất động sản,Bất động sản,Bất động sản,8633,FiinPro / Vietcap IQ & Sở GDCK,http://intresco.com.vn,http://intresco.com.vn/quan-he-co-dong
ITD,Công ty Cổ phần Công nghệ ITD,Công nghệ ITD,HOSE,Công nghệ Thông tin,Công nghệ Thông tin,Phần mềm & Dịch vụ Máy tính,Phần mềm,9537,FiinPro / Vietcap IQ & Sở GDCK,https://itd.com.vn,https://itd.com.vn/quan-he-co-dong
JVC,Công ty Cổ phần Đầu tư và Phát triển Y tế Việt Nhật,ĐT&PT Y tế Việt Nhật,HOSE,Dược phẩm và Y tế,Y tế,Thiết bị và Dịch vụ Y tế,Thiết bị y tế,4535,FiinPro / Vietcap IQ & Sở GDCK,https://vmpi.vn,https://vmpi.vn/quan-he-co-dong
KBC,Tổng Công ty Phát triển Đô thị Kinh Bắc - CTCP,TCT Đô thị Kinh Bắc,HOSE,Tài chính,Bất động sản,Bất động sản,Bất động sản,8633,FiinPro / Vietcap IQ & Sở GDCK,https://kinhbaccity.vn,https://kinhbaccity.vn/quan-he-co-dong
KDC,Công ty Cổ phần Tập đoàn KIDO,Tập đoàn KIDO,HOSE,Hàng Tiêu dùng,Thực phẩm và đồ uống,Sản xuất thực phẩm,Thực phẩm,3577,FiinPro / Vietcap IQ & Sở GDCK,https://kido.vn,https://kido.vn/quan-he-co-dong
KDH,Công ty Cổ phần Đầu tư và Kinh doanh nhà Khang Điền,Nhà Khang Điền,HOSE,Tài chính,Bất động sản,Bất động sản,Bất động sản,8633,FiinPro / Vietcap IQ & Sở GDCK,https://khangdien.com.vn,https://khangdien.com.vn/quan-he-co-dong
KHG,Công ty Cổ phần Tập đoàn Khải Hoàn Land,Tập đoàn Khải Hoàn Land,HOSE,Tài chính,Bất động sản,Bất động sản,Bất động sản,8633,FiinPro / Vietcap IQ & Sở GDCK,https://khaihoanland.vn,https://khaihoanland.vn/quan-he-co-dong
KHP,Công ty Cổ phần Điện lực Khánh Hòa,Điện lực Khánh Hòa,HOSE,Tiện ích Cộng đồng,"Điện, nước & xăng dầu khí đốt",Sản xuất & Phân phối Điện,Sản xuất & Phân phối Điện,7535,FiinPro / Vietcap IQ & Sở GDCK,https://pckhanhhoa.cpc.vn,https://pckhanhhoa.cpc.vn/quan-he-co-dong
KLB,Ngân hàng Thương mại Cổ phần Kiên Long,KienlongBank,HOSE,Ngân hàng,Ngân hàng,Ngân hàng,Ngân hàng,8355,FiinPro / Vietcap IQ & Sở GDCK,https://kienlongbank.com,https://kienlongbank.com/quan-he-co-dong
KMR,Công ty Cổ phần Mirae,MIRAE,HOSE,Hàng Tiêu dùng,Hàng cá nhân & Gia dụng,Hàng cá nhân,Hàng May mặc,3763,FiinPro / Vietcap IQ & Sở GDCK,http://miraejsc.com,http://miraejsc.com/quan-he-co-dong
KOS,Công ty Cổ phần KOSY,Công ty KOSY,HOSE,Tài chính,Bất động sản,Bất động sản,Bất động sản,8633,FiinPro / Vietcap IQ & Sở GDCK,https://kosy.vn,https://kosy.vn/quan-he-co-dong
KSB,Công ty Cổ phần Khoáng sản và Xây dựng Bình Dương,Khoáng sản Bình Dương,HOSE,Công nghiệp,Xây dựng và Vật liệu,Xây dựng và Vật liệu,Vật liệu xây dựng & Nội thất,2353,FiinPro / Vietcap IQ & Sở GDCK,https://ksb.vn,https://ksb.vn/quan-he-co-dong
L10,Công ty Cổ phần Lilama 10,LILAMA 10,HOSE,Công nghiệp,Hàng & Dịch vụ Công nghiệp,Công nghiệp nặng,Máy công nghiệp,2757,FiinPro / Vietcap IQ & Sở GDCK,https://lilama10.com,https://lilama10.com/quan-he-co-dong
LAF,Công ty Cổ phần Chế biến Hàng Xuất khẩu Long An,Chế biến Hàng XK Long An,HOSE,Hàng Tiêu dùng,Thực phẩm và đồ uống,Sản xuất thực phẩm,Thực phẩm,3577,FiinPro / Vietcap IQ & Sở GDCK,https://lafooco.vn,https://lafooco.vn/quan-he-co-dong
LBM,Công ty Cổ phần Khoáng sản và Vật liệu xây dựng Lâm Đồng,Khoáng sản Lâm Đồng,HOSE,Công nghiệp,Xây dựng và Vật liệu,Xây dựng và Vật liệu,Vật liệu xây dựng & Nội thất,2353,FiinPro / Vietcap IQ & Sở GDCK,http://lbm-vn.vn,http://lbm-vn.vn/quan-he-co-dong
LCG,Công ty Cổ phần Lizen,LIZEN,HOSE,Công nghiệp,Xây dựng và Vật liệu,Xây dựng và Vật liệu,Xây dựng,2357,FiinPro / Vietcap IQ & Sở GDCK,https://lizen.vn,https://lizen.vn/quan-he-co-dong
LDG,Công ty Cổ phần Đầu tư LDG,Đầu tư LDG,HOSE,Tài chính,Bất động sản,Bất động sản,Bất động sản,8633,FiinPro / Vietcap IQ & Sở GDCK,https://ldggroup.com.vn,https://ldggroup.com.vn/quan-he-co-dong
LGC,Công ty Cổ phần Đầu tư Cầu đường CII,Đầu tư Cầu đường CII,HOSE,Công nghiệp,Xây dựng và Vật liệu,Xây dựng và Vật liệu,Xây dựng,2357,FiinPro / Vietcap IQ & Sở GDCK,http://ciibr.com.vn,http://ciibr.com.vn/quan-he-co-dong
LGL,Công ty Cổ phần Đầu tư và Phát triển Đô thị Long Giang,Long Giang Land,HOSE,Tài chính,Bất động sản,Bất động sản,Bất động sản,8633,FiinPro / Vietcap IQ & Sở GDCK,https://longgiangland.com.vn,https://longgiangland.com.vn/quan-he-co-dong
LHG,Công ty Cổ phần Long Hậu,KCN Long Hậu,HOSE,Tài chính,Bất động sản,Bất động sản,Bất động sản,8633,FiinPro / Vietcap IQ & Sở GDCK,https://longhau.com.vn,https://longhau.com.vn/quan-he-co-dong
LIX,Công ty Cổ phần Bột Giặt LIX,Bột Giặt LIX,HOSE,Hàng Tiêu dùng,Hàng cá nhân & Gia dụng,Hàng cá nhân,Hàng cá nhân,3767,FiinPro / Vietcap IQ & Sở GDCK,https://lixco.com,https://lixco.com/quan-he-co-dong
LM8,Công ty Cổ phần Lilama 18,LILAMA 18,HOSE,Công nghiệp,Xây dựng và Vật liệu,Xây dựng và Vật liệu,Xây dựng,2357,FiinPro / Vietcap IQ & Sở GDCK,https://lilama18.com.vn,https://lilama18.com.vn/quan-he-co-dong
LPB,Ngân hàng Thương mại Cổ phần Lộc Phát Việt Nam,LPBank,HOSE,Ngân hàng,Ngân hàng,Ngân hàng,Ngân hàng,8355,FiinPro / Vietcap IQ & Sở GDCK,https://lpbank.com.vn,https://lpbank.com.vn/nha-dau-tuMBBNg
LPS,Công ty Cổ phần Chứng khoán LPS,Chứng khoán LPS,HOSE,Tài chính,Dịch vụ tài chính,Dịch vụ tài chính,Môi giới chứng khoán,8777,FiinPro / Vietcap IQ & Sở GDCK,https://lpbs.com.vn,https://lpbs.com.vn/quan-he-co-dong
LSS,Công ty Cổ phần Mía đường Lam Sơn,Mía đường Lam Sơn,HOSE,Hàng Tiêu dùng,Thực phẩm và đồ uống,Sản xuất thực phẩm,Thực phẩm,3577,FiinPro / Vietcap IQ & Sở GDCK,https://lasuco.vn,https://lasuco.vn/quan-he-co-dong
MBB,Ngân hàng Thương mại Cổ phần Quân đội,MBBank,HOSE,Ngân hàng,Ngân hàng,Ngân hàng,Ngân hàng,8355,FiinPro / Vietcap IQ & Sở GDCK,https://mbbank.com.vn,https://mbbank.com.vn/quan-he-nha-dau-tuMSBNg
MCH,Công ty Cổ phần Hàng Tiêu Dùng MaSan,Hàng Tiêu Dùng MaSan,HOSE,Hàng Tiêu dùng,Thực phẩm và đồ uống,Sản xuất thực phẩm,Thực phẩm,3577,FiinPro / Vietcap IQ & Sở GDCK,https://masanconsumer.com,https://masanconsumer.com/quan-he-co-dong
MCM,Công ty Cổ phần Giống bò sữa Mộc Châu,Giống bò sữa Mộc Châu,HOSE,Hàng Tiêu dùng,Thực phẩm và đồ uống,Sản xuất thực phẩm,Thực phẩm,3577,FiinPro / Vietcap IQ & Sở GDCK,https://mcmilk.com.vn,https://mcmilk.com.vn/quan-he-co-dong
MCP,Công ty Cổ phần In và Bao bì Mỹ Châu,In và Bao bì Mỹ Châu,HOSE,Công nghiệp,Hàng & Dịch vụ Công nghiệp,Hàng công nghiệp,Containers & Đóng gói,2723,FiinPro / Vietcap IQ & Sở GDCK,http://mychau.com.vn,http://mychau.com.vn/quan-he-co-dong
MDG,Công ty Cổ phần Miền Đông,Xây dựng Miền Đông,HOSE,Công nghiệp,Xây dựng và Vật liệu,Xây dựng và Vật liệu,Vật liệu xây dựng & Nội thất,2353,FiinPro / Vietcap IQ & Sở GDCK,http://miendong.com.vn,http://miendong.com.vn/quan-he-co-dong
MHC,Công ty Cổ phần MHC,CTCP MHC,HOSE,Công nghiệp,Hàng & Dịch vụ Công nghiệp,Vận tải,Dịch vụ vận tải,2779,FiinPro / Vietcap IQ & Sở GDCK,https://mhc.vn,https://mhc.vn/quan-he-co-dong
MIG,Tổng Công ty Cổ phần Bảo hiểm Quân đội,Bảo hiểm Quân đội,HOSE,Tài chính,Bảo hiểm,Bảo hiểm phi nhân thọ,Bảo hiểm phi nhân thọ,8536,FiinPro / Vietcap IQ & Sở GDCK,https://mic.vn,https://mic.vn/quan-he-co-dong
MSB,Ngân hàng Thương mại Cổ phần Hàng Hải Việt Nam,MSB Bank,HOSE,Ngân hàng,Ngân hàng,Ngân hàng,Ngân hàng,8355,FiinPro / Vietcap IQ & Sở GDCK,https://msb.com.vn,https://msb.com.vn/quan-he-nha-dau-tuOCBNg
MSH,Công ty Cổ phần May Sông Hồng,May Sông Hồng,HOSE,Hàng Tiêu dùng,Hàng cá nhân & Gia dụng,Hàng cá nhân,Hàng May mặc,3763,FiinPro / Vietcap IQ & Sở GDCK,http://songhong.vn,http://songhong.vn/quan-he-co-dong
MSN,Công ty Cổ phần Tập đoàn Masan,Tập đoàn Masan,HOSE,Hàng Tiêu dùng,Thực phẩm và đồ uống,Sản xuất thực phẩm,Thực phẩm,3577,FiinPro / Vietcap IQ & Sở GDCK,https://masangroup.com,https://masangroup.com/vi/investor-relations
MWG,Công ty Cổ phần Đầu tư Thế Giới Di Động,Thế giới di động,HOSE,Dịch vụ Tiêu dùng,Bán lẻ,Bán lẻ,Phân phối hàng chuyên dụng,5379,FiinPro / Vietcap IQ & Sở GDCK,https://mwg.vn,https://mwg.vn/quan-he-co-dong
MZG,Công ty Cổ Phần Miza,Miza Corp,HOSE,Nguyên vật liệu,Tài nguyên Cơ bản,Lâm nghiệp và Giấy,Sản xuất giấy,1737,FiinPro / Vietcap IQ & Sở GDCK,https://miza.vn,https://miza.vn/quan-he-co-dong
NAB,Ngân hàng Thương mại Cổ phần Nam Á,Ngân hàng Nam Á,HOSE,Ngân hàng,Ngân hàng,Ngân hàng,Ngân hàng,8355,FiinPro / Vietcap IQ & Sở GDCK,https://namabank.com.vn,https://namabank.com.vn/quan-he-co-dong
NAF,Công ty Cổ phần Nafoods Group,Nafoods Group,HOSE,Hàng Tiêu dùng,Thực phẩm và đồ uống,Bia và đồ uống,Đồ uống & giải khát,3537,FiinPro / Vietcap IQ & Sở GDCK,https://nafoods.com,https://nafoods.com/quan-he-co-dong
NAV,Công ty Cổ phần Nam Việt,Tấm lợp và gỗ Nam Việt,HOSE,Công nghiệp,Xây dựng và Vật liệu,Xây dựng và Vật liệu,Vật liệu xây dựng & Nội thất,2353,FiinPro / Vietcap IQ & Sở GDCK,http://navifico.vn,http://navifico.vn/quan-he-co-dong
NBB,Công ty Cổ phần Đầu tư Năm Bảy Bảy,577 CORP,HOSE,Tài chính,Bất động sản,Bất động sản,Bất động sản,8633,FiinPro / Vietcap IQ & Sở GDCK,http://nbb.com.vn,http://nbb.com.vn/quan-he-co-dong
NCT,Công ty Cổ phần Dịch vụ Hàng hóa Nội Bài,DV Hàng hóa Nội Bài,HOSE,Công nghiệp,Hàng & Dịch vụ Công nghiệp,Vận tải,"Kho bãi, hậu cần và bảo dưỡng",2777,FiinPro / Vietcap IQ & Sở GDCK,http://noibaicargo.com.vn,http://noibaicargo.com.vn/quan-he-co-dong
NHA,Tổng Công ty Đầu tư Phát triển Nhà và Đô thị Nam Hà Nội,PT Nhà và Đô thị Nam HN,HOSE,Công nghiệp,Xây dựng và Vật liệu,Xây dựng và Vật liệu,Xây dựng,2357,FiinPro / Vietcap IQ & Sở GDCK,https://namhanoi.com.vn,https://namhanoi.com.vn/quan-he-co-dong
NHH,Công ty Cổ phần Nhựa Hà Nội,Nhựa Hà Nội,HOSE,Nguyên vật liệu,Hóa chất,Hóa chất,"Nhựa, cao su & sợi",1353,FiinPro / Vietcap IQ & Sở GDCK,https://hanoiplastics.com.vn,https://hanoiplastics.com.vn/quan-he-co-dong
NHT,Công ty Cổ phần Sản xuất và Thương mại Nam Hoa,Sản xuất và Thương mại Nam Hoa,HOSE,Hàng Tiêu dùng,Hàng cá nhân & Gia dụng,Hàng hóa giải trí,Đồ chơi,3747,FiinPro / Vietcap IQ & Sở GDCK,https://namhoatoys.vn,https://namhoatoys.vn/quan-he-co-dong
NKG,Công ty Cổ phần Thép Nam Kim,Thép Nam Kim,HOSE,Nguyên vật liệu,Tài nguyên Cơ bản,Kim loại,Thép và sản phẩm thép,1757,FiinPro / Vietcap IQ & Sở GDCK,https://namkimgroup.vn,https://namkimgroup.vn/quan-he-co-dong
NLG,Công ty Cổ phần Đầu tư Nam Long,BĐS Nam Long,HOSE,Tài chính,Bất động sản,Bất động sản,Bất động sản,8633,FiinPro / Vietcap IQ & Sở GDCK,https://namlongvn.com,https://namlongvn.com/quan-he-co-dong
NNC,Công ty Cổ phần Đá Núi Nhỏ,Đá Núi Nhỏ,HOSE,Công nghiệp,Xây dựng và Vật liệu,Xây dựng và Vật liệu,Vật liệu xây dựng & Nội thất,2353,FiinPro / Vietcap IQ & Sở GDCK,http://nuinho.vn,http://nuinho.vn/quan-he-co-dong
NO1,Công ty Cổ phần Tập đoàn 911,Tập đoàn 911,HOSE,Công nghiệp,Hàng & Dịch vụ Công nghiệp,Công nghiệp nặng,Máy công nghiệp,2757,FiinPro / Vietcap IQ & Sở GDCK,https://911group.com.vn,https://911group.com.vn/quan-he-co-dong
NSC,Công ty Cổ phần Tập đoàn Giống cây trồng Việt Nam,Tập đoàn Giống cây trồng Việt Nam,HOSE,Hàng Tiêu dùng,Thực phẩm và đồ uống,Sản xuất thực phẩm,Nuôi trồng nông & hải sản,3573,FiinPro / Vietcap IQ & Sở GDCK,https://vinaseed.com.vn,https://vinaseed.com.vn/quan-he-co-dong
NT2,Công ty Cổ phần Điện lực Dầu khí Nhơn Trạch 2,Điện lực Nhơn Trạch 2,HOSE,Tiện ích Cộng đồng,"Điện, nước & xăng dầu khí đốt",Sản xuất & Phân phối Điện,Sản xuất & Phân phối Điện,7535,FiinPro / Vietcap IQ & Sở GDCK,https://pvpnt2.vn,https://pvpnt2.vn/quan-he-co-dong
NTC,Công ty Cổ phần Khu Công nghiệp Nam Tân Uyên,KCN Nam Tân Uyên,HOSE,Tài chính,Bất động sản,Bất động sản,Bất động sản,8633,FiinPro / Vietcap IQ & Sở GDCK,http://namtanuyen.com.vn,http://namtanuyen.com.vn/quan-he-co-dong
NTL,Công ty Cổ phần Phát triển Đô thị Từ Liêm,Đô thị Từ Liêm,HOSE,Tài chính,Bất động sản,Bất động sản,Bất động sản,8633,FiinPro / Vietcap IQ & Sở GDCK,http://lideco.vn,http://lideco.vn/quan-he-co-dong
NVL,Công ty Cổ phần Tập đoàn Đầu tư Địa ốc No Va,Novaland,HOSE,Tài chính,Bất động sản,Bất động sản,Bất động sản,8633,FiinPro / Vietcap IQ & Sở GDCK,https://novaland.com.vn,https://novaland.com.vn/quan-he-co-dong
NVT,Công ty Cổ phần Bất động sản Du lịch Ninh Vân Bay,Ninh Vân Bay,HOSE,Tài chính,Bất động sản,Bất động sản,Bất động sản,8633,FiinPro / Vietcap IQ & Sở GDCK,http://ninhvanbay.vn,http://ninhvanbay.vn/quan-he-co-dong
OCB,Ngân hàng Thương mại Cổ phần Phương Đông,Ngân hàng Phương Đông,HOSE,Ngân hàng,Ngân hàng,Ngân hàng,Ngân hàng,8355,FiinPro / Vietcap IQ & Sở GDCK,https://ocb.com.vn,https://ocb.com.vn/quan-he-nha-dau-tuSHBNg
OGC,Công ty Cổ phần Tập đoàn Đại Dương,Tập đoàn Đại Dương,HOSE,Tài chính,Dịch vụ tài chính,Dịch vụ tài chính,Tài chính đặc biệt,8775,FiinPro / Vietcap IQ & Sở GDCK,https://oceangroup.vn,https://oceangroup.vn/quan-he-co-dong
OPC,Công ty Cổ phần Dược Phẩm OPC,Dược phẩm OPC,HOSE,Dược phẩm và Y tế,Y tế,Dược phẩm,Dược phẩm,4577,FiinPro / Vietcap IQ & Sở GDCK,https://opcpharma.com,https://opcpharma.com/quan-he-co-dong
ORS,Công ty Cổ phần Chứng khoán Tiên Phong,Chứng khoán Tiên Phong,HOSE,Tài chính,Dịch vụ tài chính,Dịch vụ tài chính,Môi giới chứng khoán,8777,FiinPro / Vietcap IQ & Sở GDCK,https://tps.vn,https://tps.vn/quan-he-co-dong
PAC,Công ty Cổ phần Pin Ắc quy Miền Nam,Pin Ắc quy Miền Nam,HOSE,Công nghiệp,Hàng & Dịch vụ Công nghiệp,Điện tử & Thiết bị điện,Hàng điện & điện tử,2733,FiinPro / Vietcap IQ & Sở GDCK,https://pinaco.com,https://pinaco.com/quan-he-co-dong
PAN,Công ty Cổ phần Tập đoàn PAN,Tập đoàn PAN,HOSE,Hàng Tiêu dùng,Thực phẩm và đồ uống,Sản xuất thực phẩm,Thực phẩm,3577,FiinPro / Vietcap IQ & Sở GDCK,https://thepangroup.vn,https://thepangroup.vn/quan-he-co-dong
PC1,Công ty Cổ phần Tập đoàn PC1,Tập đoàn PC1,HOSE,Công nghiệp,Xây dựng và Vật liệu,Xây dựng và Vật liệu,Xây dựng,2357,FiinPro / Vietcap IQ & Sở GDCK,https://pc1group.vn,https://pc1group.vn/quan-he-co-dong
PDN,Công ty Cổ phần Cảng Đồng Nai,Cảng Đồng Nai,HOSE,Công nghiệp,Hàng & Dịch vụ Công nghiệp,Vận tải,"Kho bãi, hậu cần và bảo dưỡng",2777,FiinPro / Vietcap IQ & Sở GDCK,http://dongnai-port.com,http://dongnai-port.com/quan-he-co-dong
PDR,Công ty Cổ phần Phát triển Bất động sản Phát Đạt,BĐS Phát Đạt,HOSE,Tài chính,Bất động sản,Bất động sản,Bất động sản,8633,FiinPro / Vietcap IQ & Sở GDCK,https://phatdat.com.vn,https://phatdat.com.vn/quan-he-co-dong
PDV,Công ty Cổ phần Vận tải và Tiếp vận Phương Đông Việt,Vận tải Phương Đông Việt,HOSE,Công nghiệp,Hàng & Dịch vụ Công nghiệp,Vận tải,Vận tải Thủy,2773,FiinPro / Vietcap IQ & Sở GDCK,https://pvtlogistics.vn,https://pvtlogistics.vn/quan-he-co-dong
PET,Tổng Công ty Cổ phần Dịch vụ Tổng hợp Dầu khí,Dịch vụ Tổng hợp Dầu khí,HOSE,Dịch vụ Tiêu dùng,Bán lẻ,Bán lẻ,Phân phối hàng chuyên dụng,5379,FiinPro / Vietcap IQ & Sở GDCK,https://petrosetco.com.vn,https://petrosetco.com.vn/quan-he-co-dong
PGC,Tổng Công ty Gas Petrolimex - Công ty Cổ phần,Gas Petrolimex,HOSE,Tiện ích Cộng đồng,"Điện, nước & xăng dầu khí đốt",Nước & Khí đốt,Phân phối xăng dầu & khí đốt,7573,FiinPro / Vietcap IQ & Sở GDCK,https://pgas.petrolimex.com.vn,https://pgas.petrolimex.com.vn/quan-he-co-dong
PGD,Công ty Cổ phần Phân phối khí thấp áp dầu khí Việt Nam,PV GAS D,HOSE,Tiện ích Cộng đồng,"Điện, nước & xăng dầu khí đốt",Nước & Khí đốt,Phân phối xăng dầu & khí đốt,7573,FiinPro / Vietcap IQ & Sở GDCK,https://pvgasd.com.vn,https://pvgasd.com.vn/quan-he-co-dong
PGI,Tổng Công ty Cổ phần Bảo hiểm Petrolimex,Bảo hiểm PJICO,HOSE,Tài chính,Bảo hiểm,Bảo hiểm phi nhân thọ,Bảo hiểm phi nhân thọ,8536,FiinPro / Vietcap IQ & Sở GDCK,https://pjico.com.vn,https://pjico.com.vn/quan-he-co-dong
PGV,Tổng Công ty Phát điện 3 - Công ty Cổ phần,Tổng Công ty Phát điện 3,HOSE,Tiện ích Cộng đồng,"Điện, nước & xăng dầu khí đốt",Sản xuất & Phân phối Điện,Sản xuất & Phân phối Điện,7535,FiinPro / Vietcap IQ & Sở GDCK,https://genco3.com,https://genco3.com/quan-he-co-dong
PHC,Công ty Cổ phần Xây dựng Phục Hưng Holdings,Xây dựng Phục Hưng Holdings,HOSE,Công nghiệp,Xây dựng và Vật liệu,Xây dựng và Vật liệu,Xây dựng,2357,FiinPro / Vietcap IQ & Sở GDCK,http://phuchung.com.vn,http://phuchung.com.vn/quan-he-co-dong
PHR,Công ty Cổ phần Cao su Phước Hòa,Cao su Phước Hòa,HOSE,Nguyên vật liệu,Hóa chất,Hóa chất,"Nhựa, cao su & sợi",1353,FiinPro / Vietcap IQ & Sở GDCK,https://phr.vn,https://phr.vn/quan-he-co-dong
PIT,Công ty Cổ phần Xuất nhập khẩu Petrolimex,XNK PETROLIMEX,HOSE,Dịch vụ Tiêu dùng,Bán lẻ,Bán lẻ,Bán lẻ phức hợp,5373,FiinPro / Vietcap IQ & Sở GDCK,http://pitco.com.vn,http://pitco.com.vn/quan-he-co-dong
PJT,Công ty Cổ phần Vận tải Xăng dầu đường thủy Petrolimex,Vận tải thủy PETROLIMEX,HOSE,Công nghiệp,Hàng & Dịch vụ Công nghiệp,Vận tải,Vận tải Thủy,2773,FiinPro / Vietcap IQ & Sở GDCK,https://pjtaco.petrolimex.com.vn,https://pjtaco.petrolimex.com.vn/quan-he-co-dong
PLP,Công ty Cổ phần Sản xuất và Công nghệ Nhựa Pha Lê,SX và CN Nhựa Pha Lê,HOSE,Nguyên vật liệu,Hóa chất,Hóa chất,"Nhựa, cao su & sợi",1353,FiinPro / Vietcap IQ & Sở GDCK,https://phaleplastics.com.vn,https://phaleplastics.com.vn/quan-he-co-dong
PLX,Tập đoàn Xăng dầu Việt Nam,Petrolimex,HOSE,Dầu khí,Dầu khí,Sản xuất Dầu khí,Sản xuất và Khai thác dầu khí,533,FiinPro / Vietcap IQ & Sở GDCK,https://petrolimex.com.vn,https://petrolimex.com.vn/quan-he-co-dong
PMG,Công ty Cổ phần Đầu tư và Sản xuất Petro Miền Trung,ĐT và SX Petro Miền Trung,HOSE,Tiện ích Cộng đồng,"Điện, nước & xăng dầu khí đốt",Nước & Khí đốt,Phân phối xăng dầu & khí đốt,7573,FiinPro / Vietcap IQ & Sở GDCK,http://petrocenter.com.vn,http://petrocenter.com.vn/quan-he-co-dong
PNC,Công ty Cổ phần Văn hóa Phương Nam,Văn hóa Phương Nam,HOSE,Dịch vụ Tiêu dùng,Truyền thông,Truyền thông,"Sách, ấn bản & sản phẩm văn hóa",5557,FiinPro / Vietcap IQ & Sở GDCK,https://pnc.com.vn,https://pnc.com.vn/quan-he-co-dong
PNJ,Công ty Cổ phần Vàng bạc Đá quý Phú Nhuận,Vàng Phú Nhuận,HOSE,Hàng Tiêu dùng,Hàng cá nhân & Gia dụng,Hàng cá nhân,Hàng cá nhân,3767,FiinPro / Vietcap IQ & Sở GDCK,https://pnj.com.vn,https://pnj.com.vn/quan-he-co-dong
POW,Tổng Công ty Điện lực Dầu khí Việt Nam - CTCP,Điện lực Dầu khí Việt Nam,HOSE,Tiện ích Cộng đồng,"Điện, nước & xăng dầu khí đốt",Sản xuất & Phân phối Điện,Sản xuất & Phân phối Điện,7535,FiinPro / Vietcap IQ & Sở GDCK,https://pvpower.vn,https://pvpower.vn/quan-he-co-dong
PPC,Công ty Cổ phần Nhiệt điện Phả Lại,Nhiệt điện Phả Lại,HOSE,Tiện ích Cộng đồng,"Điện, nước & xăng dầu khí đốt",Sản xuất & Phân phối Điện,Sản xuất & Phân phối Điện,7535,FiinPro / Vietcap IQ & Sở GDCK,http://ppc.evn.vn,http://ppc.evn.vn/quan-he-co-dong
PTB,Công ty Cổ phần Phú Tài,Công ty Cổ phần Phú Tài,HOSE,Nguyên vật liệu,Tài nguyên Cơ bản,Lâm nghiệp và Giấy,Lâm sản và Chế biến gỗ,1733,FiinPro / Vietcap IQ & Sở GDCK,https://phutai.com.vn,https://phutai.com.vn/quan-he-co-dong
PTC,Công ty Cổ phần Đầu tư ICAPITAL,Đầu tư ICAPITAL,HOSE,Công nghiệp,Xây dựng và Vật liệu,Xây dựng và Vật liệu,Xây dựng,2357,FiinPro / Vietcap IQ & Sở GDCK,https://ptic.vn,https://ptic.vn/quan-he-co-dong
PTL,Công ty Cổ phần Victory Group,Victory Group,HOSE,Tài chính,Bất động sản,Bất động sản,Bất động sản,8633,FiinPro / Vietcap IQ & Sở GDCK,https://victorygroup.vn,https://victorygroup.vn/quan-he-co-dong
PVD,Tổng Công ty Cổ phần Khoan và Dịch vụ khoan Dầu khí,Khoan Dầu khí PVDrilling,HOSE,Dầu khí,Dầu khí,"Thiết bị, Dịch vụ và Phân phối Dầu khí",Thiết bị và Dịch vụ Dầu khí,573,FiinPro / Vietcap IQ & Sở GDCK,https://pvdrilling.com.vn,https://pvdrilling.com.vn/quan-he-co-dong
PVP,Công ty Cổ phần Vận tải Dầu khí Thái Bình Dương,Vận tải Dầu khí Thái Bình Dương,HOSE,Công nghiệp,Hàng & Dịch vụ Công nghiệp,Vận tải,Dịch vụ vận tải,2779,FiinPro / Vietcap IQ & Sở GDCK,https://pacificshipping.vn,https://pacificshipping.vn/quan-he-co-dong
PVT,Tổng Công ty Cổ phần Vận tải Dầu khí,Vận tải Dầu khí PVTrans,HOSE,Công nghiệp,Hàng & Dịch vụ Công nghiệp,Vận tải,Vận tải Thủy,2773,FiinPro / Vietcap IQ & Sở GDCK,https://pvtrans.com,https://pvtrans.com/quan-he-co-dong
QCG,Công ty Cổ phần Quốc Cường Gia Lai,Quốc Cường Gia Lai,HOSE,Tài chính,Bất động sản,Bất động sản,Bất động sản,8633,FiinPro / Vietcap IQ & Sở GDCK,http://quoccuonggialai.com.vn,http://quoccuonggialai.com.vn/quan-he-co-dong
QNP,Công ty Cổ phần Cảng Quy Nhơn,Cảng Quy Nhơn,HOSE,Công nghiệp,Hàng & Dịch vụ Công nghiệp,Vận tải,"Kho bãi, hậu cần và bảo dưỡng",2777,FiinPro / Vietcap IQ & Sở GDCK,https://quynhonport.vn,https://quynhonport.vn/quan-he-co-dong
RAL,Công ty Cổ phần Bóng đèn Phích nước Rạng Đông,Bóng đèn Phích nước Rạng Đông,HOSE,Hàng Tiêu dùng,Hàng cá nhân & Gia dụng,Hàng gia dụng,Thiết bị gia dụng,3726,FiinPro / Vietcap IQ & Sở GDCK,https://rangdong.com.vn,https://rangdong.com.vn/quan-he-co-dong
REE,Công ty Cổ phần Cơ điện Lạnh,Cơ Điện Lạnh REE,HOSE,Tiện ích Cộng đồng,"Điện, nước & xăng dầu khí đốt",Sản xuất & Phân phối Điện,Sản xuất & Phân phối Điện,7535,FiinPro / Vietcap IQ & Sở GDCK,https://ree.com.vn,https://ree.com.vn/quan-he-co-dong
RYG,Công ty Cổ phần Sản xuất và Đầu tư Hoàng Gia,Sản xuất và Đầu tư Hoàng Gia,HOSE,Công nghiệp,Xây dựng và Vật liệu,Xây dựng và Vật liệu,Vật liệu xây dựng & Nội thất,2353,FiinPro / Vietcap IQ & Sở GDCK,https://royaltiles.vn,https://royaltiles.vn/quan-he-co-dong
S4A,Công ty Cổ phần Thủy điện Sê San 4A,Thủy điện Sê San 4A,HOSE,Tiện ích Cộng đồng,"Điện, nước & xăng dầu khí đốt",Sản xuất & Phân phối Điện,Sản xuất & Phân phối Điện,7535,FiinPro / Vietcap IQ & Sở GDCK,http://sesan4a.com.vn,http://sesan4a.com.vn/quan-he-co-dong
SAB,Tổng Công ty Cổ phần Bia - Rượu - Nước Giải khát Sài Gòn,SABECO,HOSE,Hàng Tiêu dùng,Thực phẩm và đồ uống,Bia và đồ uống,Sản xuất bia,3533,FiinPro / Vietcap IQ & Sở GDCK,https://sabeco.com.vn,https://sabeco.com.vn/quan-he-co-dong
SAM,Công ty Cổ phần SAM Holdings,SAM Holdings,HOSE,Công nghệ Thông tin,Công nghệ Thông tin,Thiết bị và Phần cứng,Thiết bị viễn thông,9578,FiinPro / Vietcap IQ & Sở GDCK,http://samholdings.com.vn,http://samholdings.com.vn/quan-he-co-dong
SAV,Công ty Cổ phần Hợp tác Kinh tế và Xuất nhập khẩu Savimex,Savimex,HOSE,Nguyên vật liệu,Tài nguyên Cơ bản,Lâm nghiệp và Giấy,Lâm sản và Chế biến gỗ,1733,FiinPro / Vietcap IQ & Sở GDCK,http://savimex.com,http://savimex.com/quan-he-co-dong
SBA,Công ty Cổ phần Sông Ba,Sông Ba JSC,HOSE,Tiện ích Cộng đồng,"Điện, nước & xăng dầu khí đốt",Sản xuất & Phân phối Điện,Sản xuất & Phân phối Điện,7535,FiinPro / Vietcap IQ & Sở GDCK,http://songba.vn,http://songba.vn/quan-he-co-dong
SBG,Công ty Cổ Phần Tập Đoàn Cơ Khí Công Nghệ Cao Siba,Tập Đoàn Cơ Khí Công Nghệ Cao Siba,HOSE,Công nghiệp,Hàng & Dịch vụ Công nghiệp,Hàng công nghiệp,Công nghiệp phức hợp,2727,FiinPro / Vietcap IQ & Sở GDCK,https://siba.com.vn,https://siba.com.vn/quan-he-co-dong
SBT,Công ty Cổ phần Thành Thành Công - Biên Hòa,Mía đường Thành Thành Công - Biên Hòa,HOSE,Hàng Tiêu dùng,Thực phẩm và đồ uống,Sản xuất thực phẩm,Thực phẩm,3577,FiinPro / Vietcap IQ & Sở GDCK,https://ttcsugar.com.vn,https://ttcsugar.com.vn/quan-he-co-dong
SBV,Công ty Cổ phần Siam Brothers Việt Nam,Siam Brothers Việt Nam,HOSE,Dịch vụ Tiêu dùng,Bán lẻ,Bán lẻ,Phân phối hàng chuyên dụng,5379,FiinPro / Vietcap IQ & Sở GDCK,https://siambrothersvn.com,https://siambrothersvn.com/quan-he-co-dong
SC5,Công ty Cổ phần Xây dựng số 5,Xây dựng Số 5,HOSE,Công nghiệp,Xây dựng và Vật liệu,Xây dựng và Vật liệu,Xây dựng,2357,FiinPro / Vietcap IQ & Sở GDCK,http://sc5.vn,http://sc5.vn/quan-he-co-dong
SCR,Công ty Cổ phần Địa Ốc Sài Gòn Thương Tín,TTC Land,HOSE,Tài chính,Bất động sản,Bất động sản,Bất động sản,8633,FiinPro / Vietcap IQ & Sở GDCK,https://ttcland.vn,https://ttcland.vn/quan-he-co-dong
SCS,Công ty Cổ phần Dịch vụ Hàng hóa Sài Gòn,DV Hàng hóa Sài Gòn,HOSE,Dịch vụ Tiêu dùng,Du lịch và Giải trí,Du lịch & Giải trí,Hàng không,5751,FiinPro / Vietcap IQ & Sở GDCK,https://scsc.vn,https://scsc.vn/quan-he-co-dong
SFC,Công ty Cổ phần Nhiên liệu Sài Gòn,Nhiên liệu Sài Gòn,HOSE,Tiện ích Cộng đồng,"Điện, nước & xăng dầu khí đốt",Nước & Khí đốt,Phân phối xăng dầu & khí đốt,7573,FiinPro / Vietcap IQ & Sở GDCK,http://sfc.com.vn,http://sfc.com.vn/quan-he-co-dong
SFG,Công ty Cổ phần Phân bón Miền Nam,Phân bón Miền Nam,HOSE,Nguyên vật liệu,Hóa chất,Hóa chất,"Sản phẩm hóa dầu, Nông dược & Hóa chất khác",1357,FiinPro / Vietcap IQ & Sở GDCK,https://phanbonmiennam.com.vn,https://phanbonmiennam.com.vn/quan-he-co-dong
SFI,Công ty Cổ phần Đại lý Vận tải SAFI,Vận tải SAFI,HOSE,Công nghiệp,Hàng & Dịch vụ Công nghiệp,Vận tải,Vận tải Thủy,2773,FiinPro / Vietcap IQ & Sở GDCK,http://safi.com.vn,http://safi.com.vn/quan-he-co-dong
SGN,Công ty Cổ phần Phục vụ mặt đất Sài Gòn,Phục vụ mặt đất Sài Gòn,HOSE,Công nghiệp,Hàng & Dịch vụ Công nghiệp,Vận tải,"Kho bãi, hậu cần và bảo dưỡng",2777,FiinPro / Vietcap IQ & Sở GDCK,https://sags.vn,https://sags.vn/quan-he-co-dong
SGR,Công ty Cổ phần Tổng Công ty Cổ phần Địa ốc Sài Gòn,Địa ốc Sài Gòn,HOSE,Tài chính,Bất động sản,Bất động sản,Bất động sản,8633,FiinPro / Vietcap IQ & Sở GDCK,https://saigonres.com.vn,https://saigonres.com.vn/quan-he-co-dong
SGT,Công ty Cổ phần Công nghệ Viễn thông Sài Gòn,Sài Gòn Telecom,HOSE,Công nghệ Thông tin,Công nghệ Thông tin,Phần mềm & Dịch vụ Máy tính,Internet,9535,FiinPro / Vietcap IQ & Sở GDCK,http://saigontel.vn,http://saigontel.vn/quan-he-co-dong
SHA,Công ty Cổ phần Sơn Hà Sài Gòn,Sơn Hà Sài Gòn,HOSE,Nguyên vật liệu,Tài nguyên Cơ bản,Kim loại,Thép và sản phẩm thép,1757,FiinPro / Vietcap IQ & Sở GDCK,https://sonhasg.com.vn,https://sonhasg.com.vn/quan-he-co-dong
SHB,Ngân hàng Thương mại Cổ phần Sài Gòn – Hà Nội,SHB,HOSE,Ngân hàng,Ngân hàng,Ngân hàng,Ngân hàng,8355,FiinPro / Vietcap IQ & Sở GDCK,https://shb.com.vn,https://shb.com.vn/quan-he-co-dongSSBNg
SHI,Công ty Cổ phần Quốc tế Sơn Hà,Quốc tế Sơn Hà,HOSE,Nguyên vật liệu,Tài nguyên Cơ bản,Kim loại,Thép và sản phẩm thép,1757,FiinPro / Vietcap IQ & Sở GDCK,https://sonha.com.vn,https://sonha.com.vn/quan-he-co-dong
SHP,Công ty Cổ phần Thủy điện Miền Nam,Thủy điện Miền Nam,HOSE,Tiện ích Cộng đồng,"Điện, nước & xăng dầu khí đốt",Sản xuất & Phân phối Điện,Sản xuất & Phân phối Điện,7535,FiinPro / Vietcap IQ & Sở GDCK,https://shp.vn,https://shp.vn/quan-he-co-dong
SIP,Công ty Cổ phần Đầu tư Sài Gòn VRG,Đầu tư Sài Gòn VRG,HOSE,Tài chính,Bất động sản,Bất động sản,Bất động sản,8633,FiinPro / Vietcap IQ & Sở GDCK,https://saigonvrg.com.vn,https://saigonvrg.com.vn/quan-he-co-dong
SJD,Công ty Cổ phần Thủy điện Cần Đơn,Thủy điện Cần Đơn,HOSE,Tiện ích Cộng đồng,"Điện, nước & xăng dầu khí đốt",Sản xuất & Phân phối Điện,Sản xuất & Phân phối Điện,7535,FiinPro / Vietcap IQ & Sở GDCK,http://candon.com.vn,http://candon.com.vn/quan-he-co-dong
SJS,Công ty Cổ phần SJ Group,SJ Group,HOSE,Tài chính,Bất động sản,Bất động sản,Bất động sản,8633,FiinPro / Vietcap IQ & Sở GDCK,https://sjgroups.com.vn,https://sjgroups.com.vn/quan-he-co-dong
SKG,Công ty Cổ phần Tàu Cao tốc Superdong - Kiên Giang,Tàu Cao tốc Superdong,HOSE,Dịch vụ Tiêu dùng,Du lịch và Giải trí,Du lịch & Giải trí,Vận tải hành khách & Du lịch,5759,FiinPro / Vietcap IQ & Sở GDCK,http://superdong.com.vn,http://superdong.com.vn/quan-he-co-dong
SMA,Công ty Cổ phần Thiết bị Phụ tùng Sài Gòn,Thiết bị Phụ tùng Sài Gòn,HOSE,Tiện ích Cộng đồng,"Điện, nước & xăng dầu khí đốt",Sản xuất & Phân phối Điện,Sản xuất & Phân phối Điện,7535,FiinPro / Vietcap IQ & Sở GDCK,https://thuydiendakglun.vcpholdings.com.vn,https://thuydiendakglun.vcpholdings.com.vn/quan-he-co-dong
SMB,Công ty Cổ phần Bia Sài Gòn - Miền Trung,Bia Sài Gòn - Miền Trung,HOSE,Hàng Tiêu dùng,Thực phẩm và đồ uống,Bia và đồ uống,Sản xuất bia,3533,FiinPro / Vietcap IQ & Sở GDCK,https://biasaigonmt.com,https://biasaigonmt.com/quan-he-co-dong
SMC,Công ty Cổ phần Đầu tư Thương mại SMC,Đầu tư Thương mại SMC,HOSE,Nguyên vật liệu,Tài nguyên Cơ bản,Kim loại,Thép và sản phẩm thép,1757,FiinPro / Vietcap IQ & Sở GDCK,https://smc.vn,https://smc.vn/quan-he-co-dong
SPM,Công ty Cổ phần S.P.M,S.P.M CORP,HOSE,Dược phẩm và Y tế,Y tế,Dược phẩm,Dược phẩm,4577,FiinPro / Vietcap IQ & Sở GDCK,https://spm.com.vn,https://spm.com.vn/quan-he-co-dong
SRC,Công ty Cổ phần Cao su Sao Vàng,Cao su Sao Vàng,HOSE,Hàng Tiêu dùng,Ô tô và phụ tùng,Ô tô và phụ tùng,Lốp xe,3357,FiinPro / Vietcap IQ & Sở GDCK,https://casumina.com,https://casumina.com/quan-he-co-dong
SRF,Công ty Cổ phần Searefico,SEAREFICO,HOSE,Công nghiệp,Hàng & Dịch vụ Công nghiệp,Công nghiệp nặng,Máy công nghiệp,2757,FiinPro / Vietcap IQ & Sở GDCK,https://searefico.com,https://searefico.com/quan-he-co-dong
SSB,Ngân hàng Thương mại Cổ phần Đông Nam Á,SeABank,HOSE,Ngân hàng,Ngân hàng,Ngân hàng,Ngân hàng,8355,FiinPro / Vietcap IQ & Sở GDCK,https://seabank.com.vn,https://seabank.com.vn/quan-he-co-dong
SSC,Công ty Cổ phần Giống cây trồng Miền Nam,Giống cây trồng Miền Nam,HOSE,Hàng Tiêu dùng,Thực phẩm và đồ uống,Sản xuất thực phẩm,Nuôi trồng nông & hải sản,3573,FiinPro / Vietcap IQ & Sở GDCK,http://ssc.com.vn,http://ssc.com.vn/quan-he-co-dong
SSI,Công ty Cổ phần Chứng khoán SSI,Chứng khoán SSI,HOSE,Tài chính,Dịch vụ tài chính,Dịch vụ tài chính,Môi giới chứng khoán,8777,FiinPro / Vietcap IQ & Sở GDCK,https://ssi.com.vn,https://ssi.com.vn/quan-he-nha-dau-tuSTBNg
ST8,Công ty Cổ phần Tập đoàn ST8,Tập đoàn ST8,HOSE,Công nghệ Thông tin,Công nghệ Thông tin,Thiết bị và Phần cứng,Thiết bị văn phòng,9574,FiinPro / Vietcap IQ & Sở GDCK,https://st8.vn,https://st8.vn/quan-he-co-dong
STB,Ngân hàng Thương mại Cổ phần Sài Gòn Tài Lộc,NH Sài Gòn Tài Lộc (SACOMBANK),HOSE,Ngân hàng,Ngân hàng,Ngân hàng,Ngân hàng,8355,FiinPro / Vietcap IQ & Sở GDCK,https://sacombank.com.vn,https://sacombank.com.vn/quan-he-nha-dau-tuTCBNg
STG,Công ty Cổ phần Kho Vận Miền Nam,Kho Vận Miền Nam,HOSE,Công nghiệp,Hàng & Dịch vụ Công nghiệp,Vận tải,"Kho bãi, hậu cần và bảo dưỡng",2777,FiinPro / Vietcap IQ & Sở GDCK,https://sotrans.com.vn,https://sotrans.com.vn/quan-he-co-dong
STK,Công ty Cổ phần Sợi Thế Kỷ,Sợi Thế Kỷ,HOSE,Hàng Tiêu dùng,Hàng cá nhân & Gia dụng,Hàng cá nhân,Hàng May mặc,3763,FiinPro / Vietcap IQ & Sở GDCK,https://theky.vn,https://theky.vn/quan-he-co-dong
SVC,Công ty Cổ phần Dịch vụ tổng hợp Sài Gòn,SAVICO,HOSE,Hàng Tiêu dùng,Ô tô và phụ tùng,Ô tô và phụ tùng,Sản xuất ô tô,3353,FiinPro / Vietcap IQ & Sở GDCK,https://savico.com.vn,https://savico.com.vn/quan-he-co-dong
SVD,Công ty Cổ phần Đầu tư & Thương mại Vũ Đăng,Đầu tư & Thương mại Vũ Đăng,HOSE,Hàng Tiêu dùng,Hàng cá nhân & Gia dụng,Hàng cá nhân,Hàng May mặc,3763,FiinPro / Vietcap IQ & Sở GDCK,https://vudang.vn,https://vudang.vn/quan-he-co-dong
SVT,Công ty Cổ phần Công nghệ Sài Gòn Viễn Đông,Công nghệ SG Viễn Đông,HOSE,Dịch vụ Tiêu dùng,Bán lẻ,Bán lẻ,Dịch vụ tiêu dùng chuyên ngành,5377,FiinPro / Vietcap IQ & Sở GDCK,http://savitechco.com.vn,http://savitechco.com.vn/quan-he-co-dong
SZC,Công ty Cổ phần Sonadezi Châu Đức,Sonadezi Châu Đức,HOSE,Tài chính,Bất động sản,Bất động sản,Bất động sản,8633,FiinPro / Vietcap IQ & Sở GDCK,https://sonadezichauduc.com.vn,https://sonadezichauduc.com.vn/quan-he-co-dong
SZL,Công ty Cổ phần Sonadezi Long Thành,Sonadezi Long Thành,HOSE,Tài chính,Bất động sản,Bất động sản,Bất động sản,8633,FiinPro / Vietcap IQ & Sở GDCK,http://szl.com.vn,http://szl.com.vn/quan-he-co-dong
TAL,Công Ty Cổ Phần Đầu Tư Bất Động Sản Taseco,Đầu Tư Bất Động Sản Taseco,HOSE,Tài chính,Bất động sản,Bất động sản,Bất động sản,8633,FiinPro / Vietcap IQ & Sở GDCK,https://tasecoland.vn,https://tasecoland.vn/quan-he-co-dong
TBC,Công ty Cổ phần Thủy điện Thác Bà,Thủy điện Thác Bà,HOSE,Tiện ích Cộng đồng,"Điện, nước & xăng dầu khí đốt",Sản xuất & Phân phối Điện,Sản xuất & Phân phối Điện,7535,FiinPro / Vietcap IQ & Sở GDCK,https://thacba.vn,https://thacba.vn/quan-he-co-dong
TCB,Ngân hàng Thương mại Cổ phần Kỹ thương Việt Nam,Techcombank,HOSE,Ngân hàng,Ngân hàng,Ngân hàng,Ngân hàng,8355,FiinPro / Vietcap IQ & Sở GDCK,https://techcombank.com,https://techcombank.com/ve-chung-toi/nha-dau-tuTPBNg
TCH,Công ty Cổ phần Đầu tư Dịch vụ Tài chính Hoàng Huy,ĐT DV Tài chính Hoàng Huy,HOSE,Tài chính,Bất động sản,Bất động sản,Bất động sản,8633,FiinPro / Vietcap IQ & Sở GDCK,https://hoanghuy.vn,https://hoanghuy.vn/quan-he-co-dong
TCI,Công ty Cổ phần Chứng khoán Thành Công,Chứng khoán Thành Công,HOSE,Tài chính,Dịch vụ tài chính,Dịch vụ tài chính,Môi giới chứng khoán,8777,FiinPro / Vietcap IQ & Sở GDCK,https://tcsc.vn,https://tcsc.vn/quan-he-co-dong
TCL,Công ty Cổ phần Đại lý Giao nhận Vận tải Xếp dỡ Tân Cảng,Tan Cang Logistics,HOSE,Công nghiệp,Hàng & Dịch vụ Công nghiệp,Vận tải,Dịch vụ vận tải,2779,FiinPro / Vietcap IQ & Sở GDCK,http://tancanglogistics.com,http://tancanglogistics.com/quan-he-co-dong
TCM,Công ty Cổ phần Dệt may - Đầu tư - Thương mại Thành Công,Dệt may Thành Công,HOSE,Hàng Tiêu dùng,Hàng cá nhân & Gia dụng,Hàng cá nhân,Hàng May mặc,3763,FiinPro / Vietcap IQ & Sở GDCK,https://thanhcong.com.vn,https://thanhcong.com.vn/quan-he-co-dong
TCO,Công ty Cổ phần Janus Group,Janus Group,HOSE,Hàng Tiêu dùng,Thực phẩm và đồ uống,Sản xuất thực phẩm,Nuôi trồng nông & hải sản,3573,FiinPro / Vietcap IQ & Sở GDCK,https://janusgroup.vn,https://janusgroup.vn/quan-he-co-dong
TCR,Công ty Cổ phần Công nghiệp Gốm sứ TAICERA,Gốm sứ TAICERA,HOSE,Công nghiệp,Xây dựng và Vật liệu,Xây dựng và Vật liệu,Vật liệu xây dựng & Nội thất,2353,FiinPro / Vietcap IQ & Sở GDCK,http://taicera.com,http://taicera.com/quan-he-co-dong
TCT,Công ty Cổ phần Cáp treo Núi Bà Tây Ninh,Cáp treo Tây Ninh,HOSE,Dịch vụ Tiêu dùng,Du lịch và Giải trí,Du lịch & Giải trí,Vận tải hành khách & Du lịch,5759,FiinPro / Vietcap IQ & Sở GDCK,http://catour.com.vn,http://catour.com.vn/quan-he-co-dong
TCX,Công ty Cổ phần Chứng khoán Kỹ Thương,Chứng khoán TCBS,HOSE,Tài chính,Dịch vụ tài chính,Dịch vụ tài chính,Môi giới chứng khoán,8777,FiinPro / Vietcap IQ & Sở GDCK,https://tcbs.com.vn,https://tcbs.com.vn/quan-he-co-dong
TDC,Công ty Cổ phần Kinh doanh và Phát triển Bình Dương,Becamex TDC,HOSE,Tài chính,Bất động sản,Bất động sản,"Tư Vấn, Định giá, Môi giới Bất động sản",8637,FiinPro / Vietcap IQ & Sở GDCK,https://becamextdc.com.vn,https://becamextdc.com.vn/quan-he-co-dong
TDG,Công ty Cổ phần Đầu tư TDG Global,Đầu tư TDG Global,HOSE,Tiện ích Cộng đồng,"Điện, nước & xăng dầu khí đốt",Nước & Khí đốt,Phân phối xăng dầu & khí đốt,7573,FiinPro / Vietcap IQ & Sở GDCK,https://thaiduongpetrol.vn,https://thaiduongpetrol.vn/quan-he-co-dong
TDH,Công ty Cổ phần Phát triển Nhà Thủ Đức,Thủ Đức House,HOSE,Tài chính,Bất động sản,Bất động sản,Bất động sản,8633,FiinPro / Vietcap IQ & Sở GDCK,http://thuduchouse.com,http://thuduchouse.com/quan-he-co-dong
TDM,Công ty Cổ phần Nước Thủ Dầu Một,Nước Thủ Dầu Một,HOSE,Tiện ích Cộng đồng,"Điện, nước & xăng dầu khí đốt",Nước & Khí đốt,Nước,7577,FiinPro / Vietcap IQ & Sở GDCK,https://tdmwater.vn,https://tdmwater.vn/quan-he-co-dong
TDP,Công ty Cổ phần Thuận Đức,Công ty Thuận Đức,HOSE,Công nghiệp,Hàng & Dịch vụ Công nghiệp,Hàng công nghiệp,Containers & Đóng gói,2723,FiinPro / Vietcap IQ & Sở GDCK,https://thuanducjsc.vn,https://thuanducjsc.vn/quan-he-co-dong
TDW,Công ty Cổ phần Cấp nước Thủ Đức,Cấp nước Thủ Đức,HOSE,Tiện ích Cộng đồng,"Điện, nước & xăng dầu khí đốt",Nước & Khí đốt,Nước,7577,FiinPro / Vietcap IQ & Sở GDCK,http://capnuocthuduc.vn,http://capnuocthuduc.vn/quan-he-co-dong
TEG,Công ty Cổ phần Trường Thành Energy Group,Trường Thành Energy Group,HOSE,Tài chính,Bất động sản,Bất động sản,Bất động sản,8633,FiinPro / Vietcap IQ & Sở GDCK,https://tteg.vn,https://tteg.vn/quan-he-co-dong
THG,Công ty Cổ phần Đầu tư và Xây dựng Tiền Giang,XD Tiền Giang,HOSE,Công nghiệp,Xây dựng và Vật liệu,Xây dựng và Vật liệu,Vật liệu xây dựng & Nội thất,2353,FiinPro / Vietcap IQ & Sở GDCK,https://ticco.com.vn,https://ticco.com.vn/quan-he-co-dong
TIP,Công ty Cổ phần Phát triển Khu công nghiệp Tín Nghĩa,PT KCN Tín Nghĩa,HOSE,Tài chính,Bất động sản,Bất động sản,Bất động sản,8633,FiinPro / Vietcap IQ & Sở GDCK,https://tinnghiaip.com.vn,https://tinnghiaip.com.vn/quan-he-co-dong
TIX,Công ty Cổ phần Sản xuất Kinh doanh Xuất nhập khẩu Dịch vụ và Đầu tư Tân Bình,TANIMEX,HOSE,Tài chính,Bất động sản,Bất động sản,Bất động sản,8633,FiinPro / Vietcap IQ & Sở GDCK,https://tanimex.com.vn,https://tanimex.com.vn/quan-he-co-dong
TLD,Công ty Cổ phần Đầu tư Xây dựng và Phát triển Đô thị Thăng Long,ĐT XD và PT Đô thị Thăng Long,HOSE,Công nghiệp,Xây dựng và Vật liệu,Xây dựng và Vật liệu,Vật liệu xây dựng & Nội thất,2353,FiinPro / Vietcap IQ & Sở GDCK,http://thanglongdeco.com,http://thanglongdeco.com/quan-he-co-dong
TLG,Công ty Cổ phần Tập đoàn Thiên Long,Tập đoàn Thiên Long,HOSE,Hàng Tiêu dùng,Hàng cá nhân & Gia dụng,Hàng gia dụng,Đồ gia dụng một lần,3724,FiinPro / Vietcap IQ & Sở GDCK,https://thienlonggroup.com,https://thienlonggroup.com/quan-he-co-dong
TLH,Công ty Cổ phần Tập đoàn Thép Tiến Lên,Thép Tiến Lên,HOSE,Nguyên vật liệu,Tài nguyên Cơ bản,Kim loại,Thép và sản phẩm thép,1757,FiinPro / Vietcap IQ & Sở GDCK,https://tienlensteel.com.vn,https://tienlensteel.com.vn/quan-he-co-dong
TMP,Công ty Cổ phần Thủy điện Thác Mơ,Thủy điện Thác Mơ,HOSE,Tiện ích Cộng đồng,"Điện, nước & xăng dầu khí đốt",Sản xuất & Phân phối Điện,Sản xuất & Phân phối Điện,7535,FiinPro / Vietcap IQ & Sở GDCK,https://tmhpp.com.vn,https://tmhpp.com.vn/quan-he-co-dong
TMS,Công ty Cổ phần Transimex,Transimex,HOSE,Công nghiệp,Hàng & Dịch vụ Công nghiệp,Vận tải,"Kho bãi, hậu cần và bảo dưỡng",2777,FiinPro / Vietcap IQ & Sở GDCK,https://transimex.com.vn,https://transimex.com.vn/quan-he-co-dong
TMT,Công ty Cổ phần Ô tô TMT,Ô tô TMT,HOSE,Hàng Tiêu dùng,Ô tô và phụ tùng,Ô tô và phụ tùng,Sản xuất ô tô,3353,FiinPro / Vietcap IQ & Sở GDCK,http://tmt-vietnam.com.vn,http://tmt-vietnam.com.vn/quan-he-co-dong
TN1,Công ty Cổ phần Rox Key Holdings,Rox Key Holdings,HOSE,Tài chính,Bất động sản,Bất động sản,Bất động sản,8633,FiinPro / Vietcap IQ & Sở GDCK,https://roxkey.vn,https://roxkey.vn/quan-he-co-dong
TNC,Công ty Cổ phần Cao su Thống Nhất,Cao su Thống Nhất,HOSE,Nguyên vật liệu,Hóa chất,Hóa chất,"Nhựa, cao su & sợi",1353,FiinPro / Vietcap IQ & Sở GDCK,http://trc.com.vn,http://trc.com.vn/quan-he-co-dong
TNH,Công ty Cổ phần Tập đoàn Bệnh viện TNH,Tập đoàn Bệnh viện TNH,HOSE,Dược phẩm và Y tế,Y tế,Thiết bị và Dịch vụ Y tế,Chăm sóc y tế,4533,FiinPro / Vietcap IQ & Sở GDCK,https://tnh.com.vn,https://tnh.com.vn/quan-he-co-dong
TNI,Công ty Cổ phần Tập đoàn Thành Nam,Tập đoàn Thành Nam,HOSE,Nguyên vật liệu,Tài nguyên Cơ bản,Kim loại,Thép và sản phẩm thép,1757,FiinPro / Vietcap IQ & Sở GDCK,https://thanhnamgroup.com.vn,https://thanhnamgroup.com.vn/quan-he-co-dong
TNT,Công ty Cổ phần Tập đoàn TNT,Tập đoàn TNT,HOSE,Công nghiệp,Xây dựng và Vật liệu,Xây dựng và Vật liệu,Vật liệu xây dựng & Nội thất,2353,FiinPro / Vietcap IQ & Sở GDCK,https://tnt-group.vn,https://tnt-group.vn/quan-he-co-dong
TPB,Ngân hàng Thương mại Cổ phần Tiên Phong,TPBank,HOSE,Ngân hàng,Ngân hàng,Ngân hàng,Ngân hàng,8355,FiinPro / Vietcap IQ & Sở GDCK,https://tpb.vn,https://tpb.vn/quan-he-co-dong
TPC,Công ty Cổ phần Nhựa Tân Đại Hưng,Nhựa Tân Đại Hưng,HOSE,Nguyên vật liệu,Hóa chất,Hóa chất,"Nhựa, cao su & sợi",1353,FiinPro / Vietcap IQ & Sở GDCK,http://tandaihungplastic.com,http://tandaihungplastic.com/quan-he-co-dong
TRA,Công ty Cổ phần Traphaco,Traphaco,HOSE,Dược phẩm và Y tế,Y tế,Dược phẩm,Dược phẩm,4577,FiinPro / Vietcap IQ & Sở GDCK,https://traphaco.com.vn,https://traphaco.com.vn/quan-he-co-dong
TRC,Công ty Cổ phần Cao su Tây Ninh,Cao su Tây Ninh,HOSE,Nguyên vật liệu,Hóa chất,Hóa chất,"Nhựa, cao su & sợi",1353,FiinPro / Vietcap IQ & Sở GDCK,http://taniruco.com,http://taniruco.com/quan-he-co-dong
TSA,Công ty Cổ Phần Đầu Tư Và Xây Lắp Trường Sơn,Đầu Tư Và Xây Lắp Trường Sơn,HOSE,Công nghiệp,Xây dựng và Vật liệu,Xây dựng và Vật liệu,Xây dựng,2357,FiinPro / Vietcap IQ & Sở GDCK,https://truongsonhn.com.vn,https://truongsonhn.com.vn/quan-he-co-dong
TSC,Công ty Cổ phần Vật tư Kỹ thuật Nông nghiệp Cần Thơ,Kỹ thuật NN Cần Thơ,HOSE,Nguyên vật liệu,Hóa chất,Hóa chất,"Sản phẩm hóa dầu, Nông dược & Hóa chất khác",1357,FiinPro / Vietcap IQ & Sở GDCK,http://tsccantho.com.vn,http://tsccantho.com.vn/quan-he-co-dong
TTA,Công ty Cổ phần Đầu tư Xây dựng và Phát triển Trường Thành,XD và PT Trường Thành,HOSE,Tiện ích Cộng đồng,"Điện, nước & xăng dầu khí đốt",Sản xuất & Phân phối Điện,Sản xuất & Phân phối Điện,7535,FiinPro / Vietcap IQ & Sở GDCK,https://truongthanhgroup.com.vn,https://truongthanhgroup.com.vn/quan-he-co-dong
TTE,Công ty Cổ phần Đầu tư Năng lượng Trường Thịnh,ĐT Năng lượng Trường Thịnh,HOSE,Tiện ích Cộng đồng,"Điện, nước & xăng dầu khí đốt",Sản xuất & Phân phối Điện,Sản xuất & Phân phối Điện,7535,FiinPro / Vietcap IQ & Sở GDCK,https://dientruongthinh.vn,https://dientruongthinh.vn/quan-he-co-dong
TTF,Công ty Cổ phần Tập đoàn Kỹ nghệ Gỗ Trường Thành,Gỗ Trường Thành,HOSE,Nguyên vật liệu,Tài nguyên Cơ bản,Lâm nghiệp và Giấy,Lâm sản và Chế biến gỗ,1733,FiinPro / Vietcap IQ & Sở GDCK,https://truongthanh.com,https://truongthanh.com/quan-he-co-dong
TV2,Công ty Cổ phần Tư vấn Xây dựng Điện 2,Tư vấn XD Điện 2,HOSE,Công nghiệp,Hàng & Dịch vụ Công nghiệp,Tư vấn & Hỗ trợ Kinh doanh,Tư vấn & Hỗ trợ KD,2791,FiinPro / Vietcap IQ & Sở GDCK,http://pecc2.com,http://pecc2.com/quan-he-co-dong
TVB,Công ty Cổ phần Chứng khoán T-Cap,Chứng khoán T-Cap,HOSE,Tài chính,Dịch vụ tài chính,Dịch vụ tài chính,Môi giới chứng khoán,8777,FiinPro / Vietcap IQ & Sở GDCK,https://tcap.vn,https://tcap.vn/quan-he-co-dong
TVS,Công ty Cổ phần Chứng khoán Thiên Việt,Chứng khoán Thiên Việt,HOSE,Tài chính,Dịch vụ tài chính,Dịch vụ tài chính,Môi giới chứng khoán,8777,FiinPro / Vietcap IQ & Sở GDCK,https://tvs.vn,https://tvs.vn/quan-he-co-dongVCBNg
TVT,Tổng Công ty Việt Thắng - CTCP,May Việt Thắng,HOSE,Hàng Tiêu dùng,Hàng cá nhân & Gia dụng,Hàng cá nhân,Hàng May mặc,3763,FiinPro / Vietcap IQ & Sở GDCK,https://vietthang.com.vn,https://vietthang.com.vn/quan-he-co-dong
TYA,Công ty Cổ phần Dây và Cáp điện Taya Việt Nam,Dây và Cáp điện Taya,HOSE,Công nghiệp,Hàng & Dịch vụ Công nghiệp,Điện tử & Thiết bị điện,Hàng điện & điện tử,2733,FiinPro / Vietcap IQ & Sở GDCK,http://taya.com.vn,http://taya.com.vn/quan-he-co-dong
UIC,Công ty Cổ phần Đầu tư Phát triển Nhà và Đô thị IDICO,Phát triển Nhà và Đô thị IDICO,HOSE,Tiện ích Cộng đồng,"Điện, nước & xăng dầu khí đốt",Sản xuất & Phân phối Điện,Sản xuất & Phân phối Điện,7535,FiinPro / Vietcap IQ & Sở GDCK,https://udico.com.vn,https://udico.com.vn/quan-he-co-dong
VAB,Ngân hàng Thương mại Cổ phần Việt Á,Ngân hàng Việt Á,HOSE,Ngân hàng,Ngân hàng,Ngân hàng,Ngân hàng,8355,FiinPro / Vietcap IQ & Sở GDCK,https://vietabank.com.vn,https://vietabank.com.vn/quan-he-co-dong
VBB,Ngân hàng Thương mại Cổ phần Việt Nam Thương Tín,VietBank,HOSE,Ngân hàng,Ngân hàng,Ngân hàng,Ngân hàng,8355,FiinPro / Vietcap IQ & Sở GDCK,https://vietbank.com.vn,https://vietbank.com.vn/quan-he-co-dong
VCA,Công ty Cổ phần Thép VICASA,Thép VICASA,HOSE,Nguyên vật liệu,Tài nguyên Cơ bản,Kim loại,Thép và sản phẩm thép,1757,FiinPro / Vietcap IQ & Sở GDCK,https://vicasasteel.com,https://vicasasteel.com/quan-he-co-dong
VCB,Ngân hàng Thương mại Cổ phần Ngoại thương Việt Nam,Vietcombank,HOSE,Ngân hàng,Ngân hàng,Ngân hàng,Ngân hàng,8355,FiinPro / Vietcap IQ & Sở GDCK,https://vietcombank.com.vn,https://vietcombank.com.vn/quan-he-nha-dau-tu
VCF,Công ty Cổ phần VinaCafé Biên Hòa,VinaCafé Biên Hòa,HOSE,Hàng Tiêu dùng,Thực phẩm và đồ uống,Bia và đồ uống,Đồ uống & giải khát,3537,FiinPro / Vietcap IQ & Sở GDCK,https://vinacafebienhoa.com,https://vinacafebienhoa.com/quan-he-co-dong
VCG,Tổng Công ty Cổ phần Xuất nhập khẩu và Xây dựng Việt Nam,VINACONEX,HOSE,Công nghiệp,Xây dựng và Vật liệu,Xây dựng và Vật liệu,Xây dựng,2357,FiinPro / Vietcap IQ & Sở GDCK,https://vinaconex.com.vn,https://vinaconex.com.vn/quan-he-co-dong
VCI,Công ty Cổ phần Chứng khoán Vietcap,Chứng khoán Vietcap,HOSE,Tài chính,Dịch vụ tài chính,Dịch vụ tài chính,Môi giới chứng khoán,8777,FiinPro / Vietcap IQ & Sở GDCK,https://vietcap.com.vn,https://vietcap.com.vn/quan-he-nha-dau-tu
VCK,Công ty Cổ phần Chứng Khoán VPS,Chứng Khoán VPS,HOSE,Tài chính,Dịch vụ tài chính,Dịch vụ tài chính,Môi giới chứng khoán,8777,FiinPro / Vietcap IQ & Sở GDCK,https://vps.com.vn,https://vps.com.vn/quan-he-co-dong
VDP,Công ty Cổ phần Dược phẩm Trung ương VIDIPHA,Dược phẩm VIDIPHA,HOSE,Dược phẩm và Y tế,Y tế,Dược phẩm,Dược phẩm,4577,FiinPro / Vietcap IQ & Sở GDCK,http://vidipha.com.vn,http://vidipha.com.vn/quan-he-co-dong
VDS,Công ty Cổ phần Chứng khoán Rồng Việt,Chứng khoán Rồng Việt,HOSE,Tài chính,Dịch vụ tài chính,Dịch vụ tài chính,Môi giới chứng khoán,8777,FiinPro / Vietcap IQ & Sở GDCK,https://vdsc.com.vn,https://vdsc.com.vn/quan-he-co-dongVIBNg
VFG,Công ty Cổ phần Khử trùng Việt Nam,Khử trùng Việt Nam,HOSE,Nguyên vật liệu,Hóa chất,Hóa chất,"Sản phẩm hóa dầu, Nông dược & Hóa chất khác",1357,FiinPro / Vietcap IQ & Sở GDCK,http://vfc.com.vn,http://vfc.com.vn/quan-he-co-dong
VGC,Tổng Công ty Viglacera - Công ty Cổ phần,Tổng Công ty Viglacera,HOSE,Công nghiệp,Xây dựng và Vật liệu,Xây dựng và Vật liệu,Vật liệu xây dựng & Nội thất,2353,FiinPro / Vietcap IQ & Sở GDCK,http://viglacera.com.vn,http://viglacera.com.vn/quan-he-co-dong
VHC,Công ty Cổ phần Vĩnh Hoàn,Thủy sản Vĩnh Hoàn,HOSE,Hàng Tiêu dùng,Thực phẩm và đồ uống,Sản xuất thực phẩm,Nuôi trồng nông & hải sản,3573,FiinPro / Vietcap IQ & Sở GDCK,https://vinhhoan.com,https://vinhhoan.com/investors
VHM,Công ty Cổ phần Vinhomes,Vinhomes,HOSE,Tài chính,Bất động sản,Bất động sản,Bất động sản,8633,FiinPro / Vietcap IQ & Sở GDCK,https://vinhomes.vn,https://vinhomes.vn/vi/quan-he-co-dong
VIB,Ngân hàng Thương mại Cổ phần Quốc tế Việt Nam,VIBBank,HOSE,Ngân hàng,Ngân hàng,Ngân hàng,Ngân hàng,8355,FiinPro / Vietcap IQ & Sở GDCK,https://vib.com.vn,https://vib.com.vn/vn/quan-he-co-dong
VIC,Tập đoàn Vingroup - Công ty CP,VinGroup,HOSE,Tài chính,Bất động sản,Bất động sản,Bất động sản,8633,FiinPro / Vietcap IQ & Sở GDCK,https://vingroup.net,https://ir.vingroup.net
VID,Công ty Cổ phần Đầu tư Phát triển Thương mại Viễn Đông,Viễn Đông,HOSE,Nguyên vật liệu,Tài nguyên Cơ bản,Lâm nghiệp và Giấy,Sản xuất giấy,1737,FiinPro / Vietcap IQ & Sở GDCK,https://dautuviendong.vn,https://dautuviendong.vn/quan-he-co-dong
VIP,Công ty Cổ phần Vận tải Xăng dầu VIPCO,Vận tải Xăng dầu VIPCO,HOSE,Công nghiệp,Hàng & Dịch vụ Công nghiệp,Vận tải,Vận tải Thủy,2773,FiinPro / Vietcap IQ & Sở GDCK,http://vipco.com.vn,http://vipco.com.vn/quan-he-co-dong
VIX,Công ty Cổ phần Chứng khoán VIX,Chứng khoán VIX,HOSE,Tài chính,Dịch vụ tài chính,Dịch vụ tài chính,Môi giới chứng khoán,8777,FiinPro / Vietcap IQ & Sở GDCK,https://vix.vn,https://vix.vn/quan-he-co-dong
VJC,Công ty Cổ phần Hàng không Vietjet,Vietjet Air,HOSE,Dịch vụ Tiêu dùng,Du lịch và Giải trí,Du lịch & Giải trí,Hàng không,5751,FiinPro / Vietcap IQ & Sở GDCK,https://vietjetair.com,https://ir.vietjetair.com
VMD,Công ty Cổ phần Y Dược phẩm Vimedimex,Y Dược phẩm Vimedimex,HOSE,Dược phẩm và Y tế,Y tế,Dược phẩm,Dược phẩm,4577,FiinPro / Vietcap IQ & Sở GDCK,https://vietpharm.com.vn,https://vietpharm.com.vn/quan-he-co-dong
VND,Công ty Cổ phần Chứng khoán VNDIRECT,Chứng khoán VNDIRECT,HOSE,Tài chính,Dịch vụ tài chính,Dịch vụ tài chính,Môi giới chứng khoán,8777,FiinPro / Vietcap IQ & Sở GDCK,https://vndirect.com.vn,https://vndirect.com.vn/quan-he-co-dongVPBNg
VNG,Công ty Cổ phần Du Lịch Thành Thành Công,DL Thành Thành Công,HOSE,Dịch vụ Tiêu dùng,Du lịch và Giải trí,Du lịch & Giải trí,Khách sạn,5753,FiinPro / Vietcap IQ & Sở GDCK,https://ttchospitality.vn,https://ttchospitality.vn/quan-he-co-dong
VNL,Công ty Cổ phần Logistics Vinalink,Vinalink Logistics,HOSE,Công nghiệp,Hàng & Dịch vụ Công nghiệp,Vận tải,Dịch vụ vận tải,2779,FiinPro / Vietcap IQ & Sở GDCK,https://vinalinklogistics.com,https://vinalinklogistics.com/quan-he-co-dong
VNM,Công ty Cổ phần Sữa Việt Nam,VINAMILK,HOSE,Hàng Tiêu dùng,Thực phẩm và đồ uống,Sản xuất thực phẩm,Thực phẩm,3577,FiinPro / Vietcap IQ & Sở GDCK,https://vinamilk.com.vn,https://vinamilk.com.vn/quan-he-co-dongNh
VNS,Công ty Cổ phần Ánh Dương Việt Nam,Ánh Dương Việt Nam,HOSE,Dịch vụ Tiêu dùng,Du lịch và Giải trí,Du lịch & Giải trí,Vận tải hành khách & Du lịch,5759,FiinPro / Vietcap IQ & Sở GDCK,https://vinasun.vn,https://vinasun.vn/quan-he-co-dong
VOS,Công ty Cổ phần Vận tải Biển Việt Nam,Vận tải Biển Việt Nam,HOSE,Công nghiệp,Hàng & Dịch vụ Công nghiệp,Vận tải,Vận tải Thủy,2773,FiinPro / Vietcap IQ & Sở GDCK,http://vosco.vn,http://vosco.vn/quan-he-co-dong
VPB,Ngân hàng Thương mại Cổ phần Việt Nam Thịnh Vượng,VPBank,HOSE,Ngân hàng,Ngân hàng,Ngân hàng,Ngân hàng,8355,FiinPro / Vietcap IQ & Sở GDCK,https://vpbank.com.vn,https://vpbank.com.vn/quan-he-nha-dau-tuNh
VPD,Công ty Cổ phần Phát triển Điện lực Việt Nam,Phát triển Điện lực Việt Nam,HOSE,Tiện ích Cộng đồng,"Điện, nước & xăng dầu khí đốt",Sản xuất & Phân phối Điện,Sản xuất & Phân phối Điện,7535,FiinPro / Vietcap IQ & Sở GDCK,http://vnpd.com.vn,http://vnpd.com.vn/quan-he-co-dong
VPG,Công ty Cổ phần Đầu tư Thương mại Xuất nhập khẩu Việt Phát,Đầu tư TMại XNK Việt Phát,HOSE,Nguyên vật liệu,Tài nguyên Cơ bản,Khai khoáng,Khai khoáng,1775,FiinPro / Vietcap IQ & Sở GDCK,https://vietphatgroup.com.vn,https://vietphatgroup.com.vn/quan-he-co-dong
VPH,Công ty Cổ phần Vạn Phát Hưng,Vạn Phát Hưng,HOSE,Tài chính,Bất động sản,Bất động sản,Bất động sản,8633,FiinPro / Vietcap IQ & Sở GDCK,http://vanphathung.com,http://vanphathung.com/quan-he-co-dong
VPI,Công ty Cổ phần Phát triển Bất động sản Văn Phú,Đầu tư Văn Phú - Invest,HOSE,Tài chính,Bất động sản,Bất động sản,Bất động sản,8633,FiinPro / Vietcap IQ & Sở GDCK,https://vanphu.vn,https://vanphu.vn/quan-he-co-dong
VPL,Công ty Cổ phần Vinpearl,Vinpearl,HOSE,Dịch vụ Tiêu dùng,Du lịch và Giải trí,Du lịch & Giải trí,Dịch vụ giải trí,5755,FiinPro / Vietcap IQ & Sở GDCK,http://vinpearlland.com,http://vinpearlland.com/quan-he-co-dong
VPS,Công ty Cổ phần Thuốc sát trùng Việt Nam,Thuốc sát trùng Việt Nam,HOSE,Nguyên vật liệu,Hóa chất,Hóa chất,"Sản phẩm hóa dầu, Nông dược & Hóa chất khác",1357,FiinPro / Vietcap IQ & Sở GDCK,https://vps.com.vn,https://vps.com.vn/quan-he-co-dong
VPX,Công ty Cổ phần Chứng khoán VPBank,Chứng khoán VPBank,HOSE,Tài chính,Dịch vụ tài chính,Dịch vụ tài chính,Môi giới chứng khoán,8777,FiinPro / Vietcap IQ & Sở GDCK,https://vpbanks.com.vn,https://vpbanks.com.vn/quan-he-co-dong
VRC,Công ty Cổ phần Bất động sản và Đầu tư VRC,Bất động sản và Đầu tư VRC,HOSE,Tài chính,Bất động sản,Bất động sản,Bất động sản,8633,FiinPro / Vietcap IQ & Sở GDCK,http://vrc.com.vn,http://vrc.com.vn/quan-he-co-dong
VRE,Công ty Cổ phần Vincom Retail,Vincom Retail,HOSE,Tài chính,Bất động sản,Bất động sản,Bất động sản,8633,FiinPro / Vietcap IQ & Sở GDCK,https://vincom.com.vn,https://ir.vincom.com.vnNh
VSC,Công ty Cổ phần Container Việt Nam,VICONSHIP,HOSE,Công nghiệp,Hàng & Dịch vụ Công nghiệp,Vận tải,"Kho bãi, hậu cần và bảo dưỡng",2777,FiinPro / Vietcap IQ & Sở GDCK,https://viconship.com,https://viconship.com/quan-he-co-dong
VSH,Công ty Cổ phần Thủy điện Vĩnh Sơn - Sông Hinh,Thủy điện Vĩnh Sơn - Sông Hinh,HOSE,Tiện ích Cộng đồng,"Điện, nước & xăng dầu khí đốt",Sản xuất & Phân phối Điện,Sản xuất & Phân phối Điện,7535,FiinPro / Vietcap IQ & Sở GDCK,https://vshpc.evn.vn,https://vshpc.evn.vn/quan-he-co-dongDanh
VSI,Công ty Cổ phần Đầu tư và Xây dựng Cấp thoát nước,Đầu tư và Xây dựng Cấp thoát nước,HOSE,Công nghiệp,Xây dựng và Vật liệu,Xây dựng và Vật liệu,Xây dựng,2357,FiinPro / Vietcap IQ & Sở GDCK,http://waseco.com.vn,http://waseco.com.vn/quan-he-co-dong
VTB,Công ty Cổ phần Viettronics Tân Bình,Viettronics Tân Bình,HOSE,Công nghiệp,Hàng & Dịch vụ Công nghiệp,Điện tử & Thiết bị điện,Hàng điện & điện tử,2733,FiinPro / Vietcap IQ & Sở GDCK,http://vtb.com.vn,http://vtb.com.vn/quan-he-co-dong
VTO,Công ty Cổ phần Vận tải Xăng dầu VITACO,VITACO,HOSE,Công nghiệp,Hàng & Dịch vụ Công nghiệp,Vận tải,Vận tải Thủy,2773,FiinPro / Vietcap IQ & Sở GDCK,https://vitaco.petrolimex.com.vn,https://vitaco.petrolimex.com.vn/quan-he-co-dong
VTP,Tổng Công ty Cổ phần Bưu chính Viettel,Bưu chính Viettel,HOSE,Công nghiệp,Hàng & Dịch vụ Công nghiệp,Vận tải,Chuyển phát nhanh,2771,FiinPro / Vietcap IQ & Sở GDCK,https://viettelpost.com.vn,https://viettelpost.com.vn/quan-he-co-dong
VVS,Công ty Cổ phần Đầu tư Phát triển Máy Việt Nam,Đầu tư Phát triển Máy Việt Nam,HOSE,Hàng Tiêu dùng,Ô tô và phụ tùng,Ô tô và phụ tùng,Sản xuất ô tô,3353,FiinPro / Vietcap IQ & Sở GDCK,https://vimid.vn,https://vimid.vn/quan-he-co-dong
YBM,Công ty Cổ phần Khoáng sản Công nghiệp Yên Bái,Khoáng sản CN Yên Bái,HOSE,Nguyên vật liệu,Tài nguyên Cơ bản,Khai khoáng,Khai khoáng,1775,FiinPro / Vietcap IQ & Sở GDCK,https://ybm.com.vn,https://ybm.com.vn/quan-he-co-dong
YEG,Công ty Cổ phần Tập đoàn Yeah1,Tập đoàn Yeah1,HOSE,Dịch vụ Tiêu dùng,Truyền thông,Truyền thông,Giải trí & Truyền thông,5553,FiinPro / Vietcap IQ & Sở GDCK,https://yeah1group.com,https://yeah1group.com/quan-he-co-dong
ADC,Công ty Cổ phần Mĩ thuật và Truyền thông,Mĩ thuật và Truyền thông,HNX,Dịch vụ Tiêu dùng,Truyền thông,Truyền thông,"Sách, ấn bản & sản phẩm văn hóa",5557,FiinPro / Vietcap IQ & Sở GDCK,http://adc.net.vn,http://adc.net.vn/quan-he-co-dong
ALT,Công ty Cổ phần Văn hóa Tân Bình,Văn hóa Tân Bình,HNX,Dịch vụ Tiêu dùng,Truyền thông,Truyền thông,"Sách, ấn bản & sản phẩm văn hóa",5557,FiinPro / Vietcap IQ & Sở GDCK,https://alt.com.vn,https://alt.com.vn/quan-he-co-dong
AMC,Công ty Cổ phần Khoáng sản Á Châu,Khoáng sản Á Châu,HNX,Nguyên vật liệu,Tài nguyên Cơ bản,Khai khoáng,Khai khoáng,1775,FiinPro / Vietcap IQ & Sở GDCK,http://amcvina.vn,http://amcvina.vn/quan-he-co-dong
AME,Công ty cổ phần Alphanam E&C,Cơ điện Alphanam,HNX,Công nghiệp,Hàng & Dịch vụ Công nghiệp,Điện tử & Thiết bị điện,Thiết bị điện,2737,FiinPro / Vietcap IQ & Sở GDCK,http://alphanamec.com.vn,http://alphanamec.com.vn/quan-he-co-dong
AMV,Công ty Cổ phần Sản xuất Kinh doanh Dược và Trang thiết bị Y tế Việt Mỹ,Dược-TB Y tế Việt Mỹ,HNX,Dược phẩm và Y tế,Y tế,Thiết bị và Dịch vụ Y tế,Thiết bị y tế,4535,FiinPro / Vietcap IQ & Sở GDCK,https://amvpharma.vn,https://amvpharma.vn/quan-he-co-dong
API,Công ty Cổ phần Đầu tư Châu Á - Thái Bình Dương,Đầu tư Châu Á - Thái Bình Dương,HNX,Tài chính,Bất động sản,Bất động sản,Bất động sản,8633,FiinPro / Vietcap IQ & Sở GDCK,https://apec.com.vn,https://apec.com.vn/chung-khoan-apsBABNg
APS,Công ty Cổ phần Chứng khoán Châu Á - Thái Bình Dương,CK Châu Á - TBD,HNX,Tài chính,Dịch vụ tài chính,Dịch vụ tài chính,Môi giới chứng khoán,8777,FiinPro / Vietcap IQ & Sở GDCK,https://apec.com.vn,https://apec.com.vn/quan-he-co-dong
ARM,Công ty Cổ phần Xuất nhập khẩu Hàng không,XNK Hàng không,HNX,Công nghiệp,Hàng & Dịch vụ Công nghiệp,Tư vấn & Hỗ trợ Kinh doanh,Nhà cung cấp thiết bị,2797,FiinPro / Vietcap IQ & Sở GDCK,https://airimex.vn,https://airimex.vn/quan-he-co-dong
ATS,Công ty Cổ phần Tập đoàn Đầu tư ATS,Tập đoàn Đầu tư ATS,HNX,Dịch vụ Tiêu dùng,Du lịch và Giải trí,Du lịch & Giải trí,Nhà hàng và quán bar,5757,FiinPro / Vietcap IQ & Sở GDCK,https://atsinvest.com.vn,https://atsinvest.com.vn/quan-he-co-dong
BAB,Ngân hàng Thương mại Cổ phần Bắc Á,Ngân hàng Bắc Á,HNX,Ngân hàng,Ngân hàng,Ngân hàng,Ngân hàng,8355,FiinPro / Vietcap IQ & Sở GDCK,https://bac-abank.vn,https://bac-abank.vn/quan-he-co-dong
BAX,Công ty Cổ phần Thống Nhất,Công ty Thống Nhất,HNX,Công nghiệp,Xây dựng và Vật liệu,Xây dựng và Vật liệu,Xây dựng,2357,FiinPro / Vietcap IQ & Sở GDCK,http://bauxeo.com.vn,http://bauxeo.com.vn/quan-he-co-dong
BBS,Công ty Cổ phần VICEM Bao bì Bút Sơn,Bao bì Xi măng Bút Sơn,HNX,Công nghiệp,Hàng & Dịch vụ Công nghiệp,Hàng công nghiệp,Containers & Đóng gói,2723,FiinPro / Vietcap IQ & Sở GDCK,https://butsonpackaging.vn,https://butsonpackaging.vn/quan-he-co-dong
BCC,Công ty Cổ phần Xi măng Bỉm Sơn,Xi măng Bỉm Sơn,HNX,Công nghiệp,Xây dựng và Vật liệu,Xây dựng và Vật liệu,Vật liệu xây dựng & Nội thất,2353,FiinPro / Vietcap IQ & Sở GDCK,http://ximangbimson.com.vn,http://ximangbimson.com.vn/quan-he-co-dong
BCF,Công ty Cổ phần Thực phẩm Bích Chi,Thực phẩm Bích Chi,HNX,Hàng Tiêu dùng,Thực phẩm và đồ uống,Sản xuất thực phẩm,Thực phẩm,3577,FiinPro / Vietcap IQ & Sở GDCK,http://bichchi.com.vn,http://bichchi.com.vn/quan-he-co-dong
BCH,Công ty Cổ phần Tập đoàn Dược Bảo Châu,Dược Bảo Châu,HNX,Dược phẩm và Y tế,Y tế,Dược phẩm,Dược phẩm,4577,FiinPro / Vietcap IQ & Sở GDCK,,https://finance.vietstock.vn/BCH/ho-so-doanh-nghiep.htm
BED,Công ty Cổ phần Sách và Thiết bị trường học Đà Nẵng,Sách Đà Nẵng,HNX,Dịch vụ Tiêu dùng,Truyền thông,Truyền thông,"Sách, ấn bản & sản phẩm văn hóa",5557,FiinPro / Vietcap IQ & Sở GDCK,https://danangbook.com,https://danangbook.com/quan-he-co-dong
BKC,Công ty Cổ phần Khoáng sản Bắc Kạn,Khoáng sản Bắc Kạn,HNX,Nguyên vật liệu,Tài nguyên Cơ bản,Khai khoáng,Khai khoáng,1775,FiinPro / Vietcap IQ & Sở GDCK,https://backanmineral.com.vn,https://backanmineral.com.vn/co-dong
BNA,Công ty Cổ phần Tập đoàn Đầu tư Bảo Ngọc,Tập đoàn Đầu tư Bảo Ngọc,HNX,Hàng Tiêu dùng,Thực phẩm và đồ uống,Sản xuất thực phẩm,Thực phẩm,3577,FiinPro / Vietcap IQ & Sở GDCK,https://baongoc.vn,https://baongoc.vn/quan-he-co-dong
BPC,Công ty Cổ phần Vicem Bao bì Bỉm Sơn,Bao bì Bỉm Sơn,HNX,Công nghiệp,Hàng & Dịch vụ Công nghiệp,Hàng công nghiệp,Containers & Đóng gói,2723,FiinPro / Vietcap IQ & Sở GDCK,https://baobibimson.vn,https://baobibimson.vn/co-dong
BTS,Công ty Cổ phần Xi măng VICEM Bút Sơn,Xi măng Bút Sơn,HNX,Công nghiệp,Xây dựng và Vật liệu,Xây dựng và Vật liệu,Vật liệu xây dựng & Nội thất,2353,FiinPro / Vietcap IQ & Sở GDCK,https://vicembutson.com.vn,https://vicembutson.com.vn/quan-he-co-dong
BTW,Công ty Cổ phần Cấp nước Bến Thành,Cấp nước Bến Thành,HNX,Tiện ích Cộng đồng,"Điện, nước & xăng dầu khí đốt",Nước & Khí đốt,Nước,7577,FiinPro / Vietcap IQ & Sở GDCK,http://capnuocbenthanh.com,http://capnuocbenthanh.com/quan-he-co-dong
BVS,Công ty Cổ phần Chứng khoán Bảo Việt,Chứng khoán Bảo Việt,HNX,Tài chính,Dịch vụ tài chính,Dịch vụ tài chính,Môi giới chứng khoán,8777,FiinPro / Vietcap IQ & Sở GDCK,https://bvsc.com.vn,https://bvsc.com.vn/quan-he-co-dong
BXH,Công ty Cổ phần VICEM Bao bì Hải Phòng,Bao bì Xi măng HP,HNX,Công nghiệp,Hàng & Dịch vụ Công nghiệp,Hàng công nghiệp,Containers & Đóng gói,2723,FiinPro / Vietcap IQ & Sở GDCK,https://hpvc.com.vn,https://hpvc.com.vn/quan-he-co-dong
C69,Công ty Cổ phần Xây dựng 1369,Xây dựng 1369,HNX,Công nghiệp,Xây dựng và Vật liệu,Xây dựng và Vật liệu,Xây dựng,2357,FiinPro / Vietcap IQ & Sở GDCK,https://c69.vn,https://c69.vn/quan-he-co-dong
CAG,Công ty Cổ phần Cảng An Giang,Cảng An Giang,HNX,Công nghiệp,Hàng & Dịch vụ Công nghiệp,Vận tải,"Kho bãi, hậu cần và bảo dưỡng",2777,FiinPro / Vietcap IQ & Sở GDCK,https://angiangport.com.vn,https://angiangport.com.vn/quan-he-co-dong
CAN,Công ty Cổ phần Đồ hộp Hạ Long,Đồ hộp Hạ Long,HNX,Hàng Tiêu dùng,Thực phẩm và đồ uống,Sản xuất thực phẩm,Thực phẩm,3577,FiinPro / Vietcap IQ & Sở GDCK,https://halongcanfoco.com,https://halongcanfoco.com/quan-he-co-dong
CAP,Công ty Cổ phần Lâm Nông sản Thực phẩm Yên Bái,Lâm nông sản Yên Bái,HNX,Nguyên vật liệu,Tài nguyên Cơ bản,Lâm nghiệp và Giấy,Sản xuất giấy,1737,FiinPro / Vietcap IQ & Sở GDCK,http://yfatuf.com.vn,http://yfatuf.com.vn/quan-he-co-dong
CAR,Công ty cổ phần Tập đoàn Giáo dục Trí Việt,Tập đoàn Giáo dục Trí Việt,HNX,Công nghiệp,Hàng & Dịch vụ Công nghiệp,Tư vấn & Hỗ trợ Kinh doanh,Đào tạo & Việc làm,2793,FiinPro / Vietcap IQ & Sở GDCK,https://trivietgroup.edu.vn,https://trivietgroup.edu.vn/quan-he-co-dong
CCR,Công ty Cổ phần Cảng Cam Ranh,Cảng Cam Ranh,HNX,Công nghiệp,Hàng & Dịch vụ Công nghiệp,Vận tải,"Kho bãi, hậu cần và bảo dưỡng",2777,FiinPro / Vietcap IQ & Sở GDCK,https://camranhport.vn,https://camranhport.vn/quan-he-co-dong
CDN,Công ty Cổ phần Cảng Đà Nẵng,Cảng Đà Nẵng,HNX,Công nghiệp,Hàng & Dịch vụ Công nghiệp,Vận tải,"Kho bãi, hậu cần và bảo dưỡng",2777,FiinPro / Vietcap IQ & Sở GDCK,https://danangport.com,https://danangport.com/quan-he-co-dong
CEO,Công ty Cổ phần Tập đoàn C.E.O,Tập đoàn CEO,HNX,Tài chính,Bất động sản,Bất động sản,Bất động sản,8633,FiinPro / Vietcap IQ & Sở GDCK,https://ceogroup.com.vn,https://ceogroup.com.vn/quan-he-co-dong
CET,Công ty Cổ phần HTC Holding,HTC Holding,HNX,Hàng Tiêu dùng,Hàng cá nhân & Gia dụng,Hàng cá nhân,Hàng cá nhân,3767,FiinPro / Vietcap IQ & Sở GDCK,https://cetholding.vn,https://cetholding.vn/quan-he-co-dong
CIA,Công ty Cổ Phần Dịch Vụ Sân Bay Quốc Tế Cam Ranh,DV Sân Bay Cam Ranh,HNX,Công nghiệp,Hàng & Dịch vụ Công nghiệp,Vận tải,"Kho bãi, hậu cần và bảo dưỡng",2777,FiinPro / Vietcap IQ & Sở GDCK,https://cias.vn,https://cias.vn/quan-he-co-dong
CJC,Công ty Cổ phần Cơ điện Miền Trung,Cơ điện Miền Trung,HNX,Công nghiệp,Hàng & Dịch vụ Công nghiệp,Điện tử & Thiết bị điện,Thiết bị điện,2737,FiinPro / Vietcap IQ & Sở GDCK,http://cemc.com.vn,http://cemc.com.vn/quan-he-co-dong
CKV,Công ty Cổ phần CokyVina,CokyVina,HNX,Công nghệ Thông tin,Công nghệ Thông tin,Thiết bị và Phần cứng,Thiết bị viễn thông,9578,FiinPro / Vietcap IQ & Sở GDCK,http://cokyvina.com.vn,http://cokyvina.com.vn/quan-he-co-dong
CLH,Công ty Cổ phần Xi măng La Hiên VVMI,Xi măng La Hiên,HNX,Công nghiệp,Xây dựng và Vật liệu,Xây dựng và Vật liệu,Vật liệu xây dựng & Nội thất,2353,FiinPro / Vietcap IQ & Sở GDCK,http://ximanglahien.com.vn,http://ximanglahien.com.vn/quan-he-co-dong
CLM,Công ty Cổ phần Xuất nhập khẩu Than - Vinacomin,Xuất nhập khẩu Than - Vinacomin,HNX,Nguyên vật liệu,Tài nguyên Cơ bản,Khai khoáng,Khai thác Than,1771,FiinPro / Vietcap IQ & Sở GDCK,https://clm.vn,https://clm.vn/quan-he-co-dong
CMC,Công ty Cổ phần Đầu tư CMC,Đầu tư CMC,HNX,Công nghiệp,Hàng & Dịch vụ Công nghiệp,Công nghiệp nặng,Máy công nghiệp,2757,FiinPro / Vietcap IQ & Sở GDCK,http://cmci.com.vn,http://cmci.com.vn/quan-he-co-dong
CMS,Công ty Cổ phần Tập đoàn CMH Việt Nam,Tập đoàn CMH Việt Nam,HNX,Công nghiệp,Xây dựng và Vật liệu,Xây dựng và Vật liệu,Xây dựng,2357,FiinPro / Vietcap IQ & Sở GDCK,https://cmhgroup.vn,https://cmhgroup.vn/quan-he-co-dong
CPC,Công ty Cổ phần Thuốc sát trùng Cần Thơ,Thuốc sát trùng Cần Thơ,HNX,Nguyên vật liệu,Hóa chất,Hóa chất,"Sản phẩm hóa dầu, Nông dược & Hóa chất khác",1357,FiinPro / Vietcap IQ & Sở GDCK,http://tstcantho.com.vn,http://tstcantho.com.vn/quan-he-co-dong
CSC,Công ty Cổ phần Tập đoàn COTANA,Tập đoàn COTANA,HNX,Công nghiệp,Xây dựng và Vật liệu,Xây dựng và Vật liệu,Xây dựng,2357,FiinPro / Vietcap IQ & Sở GDCK,https://cotanagroup.vn,https://cotanagroup.vn/quan-he-co-dong
CST,Công ty Cổ phần Than Cao Sơn - TKV,Than Cao Sơn - TKV,HNX,Nguyên vật liệu,Tài nguyên Cơ bản,Khai khoáng,Khai thác Than,1771,FiinPro / Vietcap IQ & Sở GDCK,https://caosoncoal.vn,https://caosoncoal.vn/quan-he-co-dong
CTB,Công ty Cổ phần Chế tạo Bơm Hải Dương,Bơm Hải Dương,HNX,Công nghiệp,Hàng & Dịch vụ Công nghiệp,Công nghiệp nặng,Máy công nghiệp,2757,FiinPro / Vietcap IQ & Sở GDCK,https://pmh.com.vn,https://pmh.com.vn/co-dong
CTP,Công ty Cổ phần Tập đoàn CTP Group,CTP Group,HNX,Hàng Tiêu dùng,Thực phẩm và đồ uống,Bia và đồ uống,Đồ uống & giải khát,3537,FiinPro / Vietcap IQ & Sở GDCK,https://ctpgroupvietnam.com,https://ctpgroupvietnam.com/quan-he-co-dong
CTT,Công ty Cổ phần Chế tạo máy - Vinacomin,Chế tạo máy - Vinacomin,HNX,Công nghiệp,Hàng & Dịch vụ Công nghiệp,Công nghiệp nặng,Máy công nghiệp,2757,FiinPro / Vietcap IQ & Sở GDCK,https://chetaomay.com.vn,https://chetaomay.com.vn/quan-he-co-dong
CX8,Công ty Cổ phần Đầu tư và Xây lắp Constrexim số 8,Constrexim số 8,HNX,Công nghiệp,Xây dựng và Vật liệu,Xây dựng và Vật liệu,Xây dựng,2357,FiinPro / Vietcap IQ & Sở GDCK,http://constrexim8.com.vn,http://constrexim8.com.vn/quan-he-co-dong
D11,Công ty Cổ phần Địa ốc 11,Địa ốc 11,HNX,Tài chính,Bất động sản,Bất động sản,Bất động sản,8633,FiinPro / Vietcap IQ & Sở GDCK,https://diaoc11.com.vn,https://diaoc11.com.vn/quan-he-co-dong
DAD,Công ty Cổ phần Đầu tư và Phát triển Giáo dục Đà Nẵng,Phát triển GD Đà Nẵng,HNX,Dịch vụ Tiêu dùng,Truyền thông,Truyền thông,"Sách, ấn bản & sản phẩm văn hóa",5557,FiinPro / Vietcap IQ & Sở GDCK,http://iseebooks.vn,http://iseebooks.vn/quan-he-co-dong
DAE,Công ty Cổ phần Sách Giáo dục tại Thành phố Đà Nẵng,Sách Giáo dục Đà Nẵng,HNX,Dịch vụ Tiêu dùng,Truyền thông,Truyền thông,"Sách, ấn bản & sản phẩm văn hóa",5557,FiinPro / Vietcap IQ & Sở GDCK,https://sachgiaoduc.com,https://sachgiaoduc.com/quan-he-co-dong
DC2,Công ty Cổ phần Đầu tư Phát triển - Xây dựng (DIC) số 2,DIC Số 2,HNX,Công nghiệp,Xây dựng và Vật liệu,Xây dựng và Vật liệu,Xây dựng,2357,FiinPro / Vietcap IQ & Sở GDCK,https://dic2.vn,https://dic2.vn/quan-he-co-dong
DHP,Công ty Cổ phần Điện cơ Hải Phòng,Điện cơ Hải Phòng,HNX,Công nghiệp,Hàng & Dịch vụ Công nghiệp,Điện tử & Thiết bị điện,Thiết bị điện,2737,FiinPro / Vietcap IQ & Sở GDCK,https://dhp.com.vn,https://dhp.com.vn/quan-he-co-dong
DHT,Công ty Cổ phần Dược phẩm Hà Tây,Dược phẩm Hà Tây,HNX,Dược phẩm và Y tế,Y tế,Dược phẩm,Dược phẩm,4577,FiinPro / Vietcap IQ & Sở GDCK,https://hataphar.com.vn,https://hataphar.com.vn/quan-he-co-dong
DIH,Công ty Cổ phần Đầu tư Phát triển Xây dựng - Hội An,PT Xây dựng Hội An,HNX,Tài chính,Bất động sản,Bất động sản,Bất động sản,8633,FiinPro / Vietcap IQ & Sở GDCK,https://dichoian.vn,https://dichoian.vn/quan-he-co-dong
DL1,Công ty Cổ phần Tập đoàn Alpha Seven,Tập đoàn Alpha 7,HNX,Công nghiệp,Hàng & Dịch vụ Công nghiệp,Vận tải,"Kho bãi, hậu cần và bảo dưỡng",2777,FiinPro / Vietcap IQ & Sở GDCK,https://a7group.vn,https://a7group.vn/quan-he-co-dong
DNC,Công ty Cổ phần Điện nước Lắp máy Hải Phòng,Điện nước Hải Phòng,HNX,Tiện ích Cộng đồng,"Điện, nước & xăng dầu khí đốt",Sản xuất & Phân phối Điện,Sản xuất & Phân phối Điện,7535,FiinPro / Vietcap IQ & Sở GDCK,https://diennuochp.com.vn,https://diennuochp.com.vn/quan-he-co-dong
DNP,Công ty Cổ phần DNP Holding,DNP Holding,HNX,Công nghiệp,Xây dựng và Vật liệu,Xây dựng và Vật liệu,Vật liệu xây dựng & Nội thất,2353,FiinPro / Vietcap IQ & Sở GDCK,https://dnpcorp.vn,https://dnpcorp.vn/quan-he-co-dong
DP3,Công ty Cổ Phần Dược Phẩm Trung Ương 3,Dược Phẩm TW3,HNX,Dược phẩm và Y tế,Y tế,Dược phẩm,Dược phẩm,4577,FiinPro / Vietcap IQ & Sở GDCK,https://duocphamtw3.com,https://duocphamtw3.com/quan-he-co-dong
DS3,Công ty Cổ phần DS3,Quản lý Đường sông số 3,HNX,Công nghiệp,Hàng & Dịch vụ Công nghiệp,Vận tải,"Kho bãi, hậu cần và bảo dưỡng",2777,FiinPro / Vietcap IQ & Sở GDCK,https://ds3.vn,https://ds3.vn/quan-he-co-dong
DST,Công ty Cổ phần Đầu tư Sao Thăng Long,Đầu tư Sao Thăng Long,HNX,Dịch vụ Tiêu dùng,Truyền thông,Truyền thông,"Sách, ấn bản & sản phẩm văn hóa",5557,FiinPro / Vietcap IQ & Sở GDCK,https://saothanglong.vn,https://saothanglong.vn/quan-he-co-dong
DTD,Công ty Cổ phần Đầu tư Phát triển Thành Đạt,Đầu tư Phát triển Thành Đạt,HNX,Tài chính,Bất động sản,Bất động sản,Bất động sản,8633,FiinPro / Vietcap IQ & Sở GDCK,https://thanhdatcorp.com.vn,https://thanhdatcorp.com.vn/quan-he-co-dong
DTG,Công ty Cổ phần Dược phẩm Tipharco,Dược phẩm Tipharco,HNX,Dược phẩm và Y tế,Y tế,Dược phẩm,Dược phẩm,4577,FiinPro / Vietcap IQ & Sở GDCK,https://tipharco.vn,https://tipharco.vn/quan-he-co-dong
DTK,Tổng Công ty Điện lực TKV - Công ty Cổ phần,Vinacomin Power,HNX,Tiện ích Cộng đồng,"Điện, nước & xăng dầu khí đốt",Sản xuất & Phân phối Điện,Sản xuất & Phân phối Điện,7535,FiinPro / Vietcap IQ & Sở GDCK,http://dienluctkv.vn,http://dienluctkv.vn/quan-he-co-dong
DVM,Công ty Cổ phần Dược liệu Việt Nam,Dược liệu Việt Nam,HNX,Dược phẩm và Y tế,Y tế,Dược phẩm,Dược phẩm,4577,FiinPro / Vietcap IQ & Sở GDCK,https://duoclieuvietnam.com.vn,https://duoclieuvietnam.com.vn/quan-he-co-dong
DXP,Công ty Cổ phần Cảng Đoạn Xá,Cảng Đoạn Xá,HNX,Công nghiệp,Hàng & Dịch vụ Công nghiệp,Vận tải,"Kho bãi, hậu cần và bảo dưỡng",2777,FiinPro / Vietcap IQ & Sở GDCK,https://doanxaport.com.vn,https://doanxaport.com.vn/quan-he-co-dong
EBS,Công ty Cổ phần Sách Giáo dục tại Thành phố Hà Nội,Sách Giáo dục Hà Nội,HNX,Dịch vụ Tiêu dùng,Truyền thông,Truyền thông,"Sách, ấn bản & sản phẩm văn hóa",5557,FiinPro / Vietcap IQ & Sở GDCK,http://sachgiaoduchanoi.vn,http://sachgiaoduchanoi.vn/quan-he-co-dong
ECI,Công ty Cổ phần Tập đoàn ECI,Bản đồ và tranh ảnh GD,HNX,Dịch vụ Tiêu dùng,Truyền thông,Truyền thông,"Sách, ấn bản & sản phẩm văn hóa",5557,FiinPro / Vietcap IQ & Sở GDCK,https://ecigroup.com.vn,https://ecigroup.com.vn/quan-he-co-dong
EID,Công ty Cổ phần Đầu tư và Phát triển Giáo dục Hà Nội,Phát triển GD Hà Nội,HNX,Dịch vụ Tiêu dùng,Truyền thông,Truyền thông,"Sách, ấn bản & sản phẩm văn hóa",5557,FiinPro / Vietcap IQ & Sở GDCK,https://heid.vn,https://heid.vn/quan-he-co-dong
EVS,Công ty Cổ phần Chứng khoán EVS,Chứng khoán EVS,HNX,Tài chính,Dịch vụ tài chính,Dịch vụ tài chính,Môi giới chứng khoán,8777,FiinPro / Vietcap IQ & Sở GDCK,https://eves.com.vn,https://eves.com.vn/quan-he-co-dong
FID,Công ty Cổ phần Đầu tư và Phát triển Doanh nghiệp Việt Nam,Đầu tư và PT doanh nghiệp VN,HNX,Công nghiệp,Xây dựng và Vật liệu,Xây dựng và Vật liệu,Vật liệu xây dựng & Nội thất,2353,FiinPro / Vietcap IQ & Sở GDCK,http://vndi.vn,http://vndi.vn/quan-he-co-dong
GDW,Công ty Cổ phần Cấp nước Gia Định,Cấp nước Gia Định,HNX,Tiện ích Cộng đồng,"Điện, nước & xăng dầu khí đốt",Nước & Khí đốt,Nước,7577,FiinPro / Vietcap IQ & Sở GDCK,https://capnuocgiadinh.vn,https://capnuocgiadinh.vn/quan-he-co-dong
GIC,Công ty Cổ phần VSC Green Logistics,ĐT Dịch vụ và PT Xanh,HNX,Công nghiệp,Hàng & Dịch vụ Công nghiệp,Vận tải,"Kho bãi, hậu cần và bảo dưỡng",2777,FiinPro / Vietcap IQ & Sở GDCK,https://greenicd.com.vn,https://greenicd.com.vn/quan-he-co-dong
GKM,Công ty Cổ phần GKM Holdings,GKM Holdings,HNX,Công nghiệp,Xây dựng và Vật liệu,Xây dựng và Vật liệu,Vật liệu xây dựng & Nội thất,2353,FiinPro / Vietcap IQ & Sở GDCK,https://khangminhgroup.com,https://khangminhgroup.com/quan-he-co-dong
GLT,Công ty Cổ phần Kỹ thuật điện Toàn Cầu,KT Điện Toàn Cầu,HNX,Hàng Tiêu dùng,Hàng cá nhân & Gia dụng,Hàng hóa giải trí,Điện tử tiêu dùng,3743,FiinPro / Vietcap IQ & Sở GDCK,https://glt.com.vn,https://glt.com.vn/quan-he-co-dong
GMA,Công ty Cổ phần G-Automobile,G-Automobile,HNX,Hàng Tiêu dùng,Ô tô và phụ tùng,Ô tô và phụ tùng,Sản xuất ô tô,3353,FiinPro / Vietcap IQ & Sở GDCK,https://g-automobile.vn,https://g-automobile.vn/quan-he-co-dong
GMX,Công ty Cổ phần Gạch ngói Gốm xây dựng Mỹ Xuân,Gạch ngói Mỹ Xuân,HNX,Công nghiệp,Xây dựng và Vật liệu,Xây dựng và Vật liệu,Vật liệu xây dựng & Nội thất,2353,FiinPro / Vietcap IQ & Sở GDCK,https://myxuan-ceramic.com.vn,https://myxuan-ceramic.com.vn/quan-he-co-dong
HAD,Công ty Cổ phần Bia Hà Nội - Hải Dương,Bia Hà Nội - Hải Dương,HNX,Hàng Tiêu dùng,Thực phẩm và đồ uống,Bia và đồ uống,Sản xuất bia,3533,FiinPro / Vietcap IQ & Sở GDCK,https://biaduong.com.vn,https://biaduong.com.vn/quan-he-co-dong
HAT,Công ty Cổ phần Thương mại Bia Hà Nội,TM Bia Hà Nội,HNX,Hàng Tiêu dùng,Thực phẩm và đồ uống,Bia và đồ uống,Sản xuất bia,3533,FiinPro / Vietcap IQ & Sở GDCK,http://biahoihanoi.com.vn,http://biahoihanoi.com.vn/quan-he-co-dong
HBS,Công ty Cổ phần Chứng khoán Hòa Bình,Chứng khoán Hòa Bình,HNX,Tài chính,Dịch vụ tài chính,Dịch vụ tài chính,Môi giới chứng khoán,8777,FiinPro / Vietcap IQ & Sở GDCK,https://hbse.com.vn,https://hbse.com.vn/quan-he-co-dong
HCC,Công ty Cổ phần Bê tông Hòa Cầm - Intimex,Bê tông Hòa Cầm,HNX,Công nghiệp,Xây dựng và Vật liệu,Xây dựng và Vật liệu,Vật liệu xây dựng & Nội thất,2353,FiinPro / Vietcap IQ & Sở GDCK,http://betonghoacam.com.vn,http://betonghoacam.com.vn/quan-he-co-dong
HCT,Công ty Cổ phần Thương mại - Dịch vụ - Vận tải Xi măng Hải Phòng,TM - DV - Vận tải Xi măng Hải Phòng,HNX,Công nghiệp,Hàng & Dịch vụ Công nghiệp,Vận tải,Dịch vụ vận tải,2779,FiinPro / Vietcap IQ & Sở GDCK,https://vtxmhp.com,https://vtxmhp.com/quan-he-co-dong
HDA,Công ty Cổ phần Hãng sơn Đông Á,Hãng sơn Đông Á,HNX,Công nghiệp,Xây dựng và Vật liệu,Xây dựng và Vật liệu,Vật liệu xây dựng & Nội thất,2353,FiinPro / Vietcap IQ & Sở GDCK,https://dongapaints.com.vn,https://dongapaints.com.vn/quan-he-co-dong
HEV,Công ty Cổ phần Sách Đại học - Dạy nghề,Sách Đại học - Dạy nghề,HNX,Dịch vụ Tiêu dùng,Truyền thông,Truyền thông,"Sách, ấn bản & sản phẩm văn hóa",5557,FiinPro / Vietcap IQ & Sở GDCK,https://hevobooks.com,https://hevobooks.com/quan-he-co-dong
HGM,Công ty Cổ phần Cơ khí và Khoáng sản Hà Giang,Khoáng sản Hà Giang,HNX,Nguyên vật liệu,Tài nguyên Cơ bản,Khai khoáng,Khai khoáng,1775,FiinPro / Vietcap IQ & Sở GDCK,https://hgm.vn,https://hgm.vn/quan-he-co-dong
HHC,Công ty Cổ phần Bánh kẹo Hải Hà,Bánh kẹo Hải Hà,HNX,Hàng Tiêu dùng,Thực phẩm và đồ uống,Sản xuất thực phẩm,Thực phẩm,3577,FiinPro / Vietcap IQ & Sở GDCK,http://haihaco.com.vn,http://haihaco.com.vn/quan-he-co-dong
HJS,Công ty Cổ phần Thủy điện Nậm Mu,Thủy điện Nậm Mu,HNX,Tiện ích Cộng đồng,"Điện, nước & xăng dầu khí đốt",Sản xuất & Phân phối Điện,Sản xuất & Phân phối Điện,7535,FiinPro / Vietcap IQ & Sở GDCK,https://thuydiennammu.com.vn,https://thuydiennammu.com.vn/quan-he-co-dong
HKT,Công ty Cổ phần QP Holdings,QP Holdings,HNX,Hàng Tiêu dùng,Thực phẩm và đồ uống,Bia và đồ uống,Đồ uống & giải khát,3537,FiinPro / Vietcap IQ & Sở GDCK,https://qpxanh.com.vn,https://qpxanh.com.vn/quan-he-co-dong
HLC,Công ty Cổ phần Than Hà Lầm - Vinacomin,Than Hà Lầm,HNX,Nguyên vật liệu,Tài nguyên Cơ bản,Khai khoáng,Khai thác Than,1771,FiinPro / Vietcap IQ & Sở GDCK,https://halamcoal.com.vn,https://halamcoal.com.vn/quan-he-co-dong
HLD,Công ty Cổ phần Đầu tư và Phát triển Bất động sản HUDLAND,Bất động sản HUDLAND,HNX,Tài chính,Bất động sản,Bất động sản,Bất động sản,8633,FiinPro / Vietcap IQ & Sở GDCK,http://hudland.com.vn,http://hudland.com.vn/quan-he-co-dong
HMH,Công ty Cổ phần Hải Minh,Tập đoàn Hải Minh,HNX,Công nghiệp,Hàng & Dịch vụ Công nghiệp,Vận tải,Dịch vụ vận tải,2779,FiinPro / Vietcap IQ & Sở GDCK,https://haiminh.com.vn,https://haiminh.com.vn/quan-he-co-dong
HMR,Công ty Cổ phần Đá Hoàng Mai,Đá Hoàng Mai,HNX,Công nghiệp,Xây dựng và Vật liệu,Xây dựng và Vật liệu,Vật liệu xây dựng & Nội thất,2353,FiinPro / Vietcap IQ & Sở GDCK,https://rcchoangmai.vn,https://rcchoangmai.vn/quan-he-co-dong
HOM,Công ty Cổ phần Xi măng VICEM Hoàng Mai,Xi măng VICEM Hoàng Mai,HNX,Công nghiệp,Xây dựng và Vật liệu,Xây dựng và Vật liệu,Vật liệu xây dựng & Nội thất,2353,FiinPro / Vietcap IQ & Sở GDCK,https://ximanghoangmai.vn,https://ximanghoangmai.vn/quan-he-co-dong
HTC,Công ty Cổ phần Thương mại Hóc Môn,Thương mại Hóc Môn,HNX,Tiện ích Cộng đồng,"Điện, nước & xăng dầu khí đốt",Nước & Khí đốt,Phân phối xăng dầu & khí đốt,7573,FiinPro / Vietcap IQ & Sở GDCK,http://hotraco.com.vn,http://hotraco.com.vn/quan-he-co-dong
HUT,Công ty Cổ phần Tasco,Tasco- CTCP,HNX,Hàng Tiêu dùng,Ô tô và phụ tùng,Ô tô và phụ tùng,Sản xuất ô tô,3353,FiinPro / Vietcap IQ & Sở GDCK,http://tasco.com.vn,http://tasco.com.vn/quan-he-co-dong
HVT,Công ty Cổ phần Hóa chất Việt Trì,Hóa chất Việt trì,HNX,Nguyên vật liệu,Hóa chất,Hóa chất,"Sản phẩm hóa dầu, Nông dược & Hóa chất khác",1357,FiinPro / Vietcap IQ & Sở GDCK,https://vitrichem.vn,https://vitrichem.vn/quan-he-co-dong
ICG,Công ty Cổ phần Xây dựng Sông Hồng,Xây dựng Sông Hồng,HNX,Công nghiệp,Xây dựng và Vật liệu,Xây dựng và Vật liệu,Xây dựng,2357,FiinPro / Vietcap IQ & Sở GDCK,https://incomex.com.vn,https://incomex.com.vn/quan-he-co-dong
IDC,Tổng Công ty IDICO - CTCP,IDICO,HNX,Tài chính,Bất động sản,Bất động sản,Bất động sản,8633,FiinPro / Vietcap IQ & Sở GDCK,https://idico.com.vn,https://idico.com.vn/quan-he-co-dong
IDJ,Công ty Cổ phần Đầu tư IDJ Việt Nam,Đầu tư IDJ Việt Nam,HNX,Tài chính,Bất động sản,Bất động sản,Bất động sản,8633,FiinPro / Vietcap IQ & Sở GDCK,http://idjf.vn,http://idjf.vn/quan-he-co-dong
IDV,Công ty Cổ phần Phát triển Hạ tầng Vĩnh Phúc,PT Hạ tầng Vĩnh Phúc,HNX,Tài chính,Bất động sản,Bất động sản,Bất động sản,8633,FiinPro / Vietcap IQ & Sở GDCK,https://vpid.com.vn,https://vpid.com.vn/quan-he-co-dong
INC,Công ty Cổ phần Tư vấn Đầu tư IDICO,Tư vấn Đầu tư IDICO,HNX,Công nghiệp,Xây dựng và Vật liệu,Xây dựng và Vật liệu,Xây dựng,2357,FiinPro / Vietcap IQ & Sở GDCK,https://idico-incon.com.vn,https://idico-incon.com.vn/quan-he-co-dong
INN,Công ty Cổ phần Bao bì và In Nông nghiệp,Bao bì và In Nông Nghiệp,HNX,Công nghiệp,Hàng & Dịch vụ Công nghiệp,Hàng công nghiệp,Containers & Đóng gói,2723,FiinPro / Vietcap IQ & Sở GDCK,https://appprintco.com,https://appprintco.com/quan-he-co-dong
IPA,Công ty Cổ phần Tập đoàn Đầu tư I.P.A,Tập đoàn Đầu tư I.P.A,HNX,Công nghiệp,Hàng & Dịch vụ Công nghiệp,Tư vấn & Hỗ trợ Kinh doanh,Tư vấn & Hỗ trợ KD,2791,FiinPro / Vietcap IQ & Sở GDCK,https://ipa.com.vn,https://ipa.com.vn/quan-he-co-dong
ITQ,Công ty Cổ phần Tập đoàn Thiên Quang,Tập đoàn Thiên Quang,HNX,Nguyên vật liệu,Tài nguyên Cơ bản,Kim loại,Thép và sản phẩm thép,1757,FiinPro / Vietcap IQ & Sở GDCK,http://inoxthienquang.com.vn,http://inoxthienquang.com.vn/quan-he-co-dong
IVS,Công ty Cổ phần Chứng khoán Guotai Haitong (Việt Nam),Chứng khoán Guotai Haitong (Việt Nam),HNX,Tài chính,Dịch vụ tài chính,Dịch vụ tài chính,Môi giới chứng khoán,8777,FiinPro / Vietcap IQ & Sở GDCK,https://gtjai.com.vn,https://gtjai.com.vn/quan-he-co-dong
KDM,Công ty Cổ phần Tập đoàn GCL,Tập đoàn GCL,HNX,Công nghiệp,Xây dựng và Vật liệu,Xây dựng và Vật liệu,Xây dựng,2357,FiinPro / Vietcap IQ & Sở GDCK,https://gclgroup.vn,https://gclgroup.vn/quan-he-co-dong
KHS,Công ty Cổ phần Kiên Hùng,Thủy sản Kiên Hùng,HNX,Hàng Tiêu dùng,Thực phẩm và đồ uống,Sản xuất thực phẩm,Nuôi trồng nông & hải sản,3573,FiinPro / Vietcap IQ & Sở GDCK,http://kihuseavn.com,http://kihuseavn.com/quan-he-co-dong
KKC,Công ty Cổ phần Tập đoàn Thành Thái,Tập đoàn Thành Thái,HNX,Nguyên vật liệu,Tài nguyên Cơ bản,Kim loại,Thép và sản phẩm thép,1757,FiinPro / Vietcap IQ & Sở GDCK,https://thanhthaigroup.com.vn,https://thanhthaigroup.com.vn/quan-he-co-dong
KMT,Công ty Cổ phần Kim khí Miền Trung,Kim khí Miền Trung,HNX,Nguyên vật liệu,Tài nguyên Cơ bản,Kim loại,Thép và sản phẩm thép,1757,FiinPro / Vietcap IQ & Sở GDCK,https://cevimetal.com.vn,https://cevimetal.com.vn/quan-he-co-dong
KSD,Công ty Cổ phần Đầu tư DNA,Đầu tư DNA,HNX,Hàng Tiêu dùng,Hàng cá nhân & Gia dụng,Hàng gia dụng,Đồ gia dụng lâu bền,3722,FiinPro / Vietcap IQ & Sở GDCK,http://hangermetal.com,http://hangermetal.com/quan-he-co-dong
KSF,Công ty Cổ phần Tập đoàn Sunshine,Tập đoàn Sunshine,HNX,Tài chính,Bất động sản,Bất động sản,Bất động sản,8633,FiinPro / Vietcap IQ & Sở GDCK,https://sunshinegroup.vn,https://sunshinegroup.vn/quan-he-co-dong
KST,Công ty Cổ phần KASATI,KASATI,HNX,Công nghệ Thông tin,Công nghệ Thông tin,Thiết bị và Phần cứng,Thiết bị viễn thông,9578,FiinPro / Vietcap IQ & Sở GDCK,http://kasati.com.vn,http://kasati.com.vn/quan-he-co-dong
KSV,Tổng Công ty Khoáng sản TKV - Công ty Cổ phần,Khoáng sản TKV,HNX,Nguyên vật liệu,Tài nguyên Cơ bản,Khai khoáng,Khai khoáng,1775,FiinPro / Vietcap IQ & Sở GDCK,https://vimico.vn,https://vimico.vn/quan-he-co-dong
KTS,Công ty Cổ phần Đường Kon Tum,Đường Kon Tum,HNX,Hàng Tiêu dùng,Thực phẩm và đồ uống,Sản xuất thực phẩm,Thực phẩm,3577,FiinPro / Vietcap IQ & Sở GDCK,http://ktsduongkontum.vn,http://ktsduongkontum.vn/quan-he-co-dong
L14,Công ty Cổ phần Licogi 14,Licogi 14,HNX,Công nghiệp,Xây dựng và Vật liệu,Xây dựng và Vật liệu,Xây dựng,2357,FiinPro / Vietcap IQ & Sở GDCK,https://licogi14.vn,https://licogi14.vn/quan-he-co-dong
L18,Công ty Cổ phần Đầu tư và Xây dựng số 18,LICOGI - 18,HNX,Công nghiệp,Xây dựng và Vật liệu,Xây dựng và Vật liệu,Xây dựng,2357,FiinPro / Vietcap IQ & Sở GDCK,https://licogi18.com.vn,https://licogi18.com.vn/quan-he-co-dong
L40,Công ty Cổ phần Đầu tư và Xây dựng 40,Đầu tư và Xây dựng 40,HNX,Công nghiệp,Xây dựng và Vật liệu,Xây dựng và Vật liệu,Xây dựng,2357,FiinPro / Vietcap IQ & Sở GDCK,https://l40.com.vn,https://l40.com.vn/quan-he-co-dong
LAS,Công ty Cổ phần Supe Phốt phát và Hóa chất Lâm Thao,Hóa chất Lâm Thao,HNX,Nguyên vật liệu,Hóa chất,Hóa chất,"Sản phẩm hóa dầu, Nông dược & Hóa chất khác",1357,FiinPro / Vietcap IQ & Sở GDCK,https://supelamthao.vn,https://supelamthao.vn/quan-he-co-dong
LBE,Công ty Cổ phần Thương mại và Dịch vụ LVA,Thương mại và Dịch vụ LVA,HNX,Hàng Tiêu dùng,Hàng cá nhân & Gia dụng,Hàng cá nhân,Hàng cá nhân,3767,FiinPro / Vietcap IQ & Sở GDCK,https://lva.com.vn,https://lva.com.vn/quan-he-co-dong
LCD,Công ty Cổ phần Lắp máy - Thí nghiệm cơ điện,Thí nghiệm cơ điện,HNX,Công nghiệp,Xây dựng và Vật liệu,Xây dựng và Vật liệu,Xây dựng,2357,FiinPro / Vietcap IQ & Sở GDCK,https://emetc.com.vn,https://emetc.com.vn/quan-he-co-dong
LDP,Công ty Cổ phần Dược Lâm Đồng - Ladophar,Dược Lâm Đồng - Ladophar,HNX,Dược phẩm và Y tế,Y tế,Dược phẩm,Dược phẩm,4577,FiinPro / Vietcap IQ & Sở GDCK,https://ladophar.com,https://ladophar.com/quan-he-co-dong
LHC,Công ty Cổ phần Đầu tư và Xây dựng Thủy lợi Lâm Đồng,XD Thủy lợi Lâm Đồng,HNX,Công nghiệp,Xây dựng và Vật liệu,Xây dựng và Vật liệu,Xây dựng,2357,FiinPro / Vietcap IQ & Sở GDCK,https://lhc.com.vn,https://lhc.com.vn/quan-he-co-dong
LIG,Công ty Cổ phần Licogi 13,Licogi 13,HNX,Công nghiệp,Xây dựng và Vật liệu,Xây dựng và Vật liệu,Xây dựng,2357,FiinPro / Vietcap IQ & Sở GDCK,https://licogi13.com.vn,https://licogi13.com.vn/quan-he-co-dong
MAC,Công ty Cổ phần Tập đoàn Macstar,Tập đoàn Macstar,HNX,Công nghiệp,Hàng & Dịch vụ Công nghiệp,Công nghiệp nặng,Xe tải & Đóng tàu,2753,FiinPro / Vietcap IQ & Sở GDCK,http://maserco.com.vn,http://maserco.com.vn/quan-he-co-dong
MAS,Công ty cổ phần Dịch vụ Hàng Không Sân Bay Đà Nẵng,Sân bay Đà Nẵng,HNX,Dịch vụ Tiêu dùng,Du lịch và Giải trí,Du lịch & Giải trí,Vận tải hành khách & Du lịch,5759,FiinPro / Vietcap IQ & Sở GDCK,https://masco.com.vn,https://masco.com.vn/quan-he-co-dong
MBG,Công ty Cổ phần Tập đoàn MBG,Tập đoàn MBG,HNX,Công nghiệp,Xây dựng và Vật liệu,Xây dựng và Vật liệu,Vật liệu xây dựng & Nội thất,2353,FiinPro / Vietcap IQ & Sở GDCK,http://mbg.vn,http://mbg.vn/quan-he-co-dong
MBS,Công ty Cổ phần Chứng khoán MB,Chứng khoán MB,HNX,Tài chính,Dịch vụ tài chính,Dịch vụ tài chính,Môi giới chứng khoán,8777,FiinPro / Vietcap IQ & Sở GDCK,https://mbs.com.vn,https://mbs.com.vn/quan-he-co-dong
MCC,Công ty Cổ phần Gạch ngói cao cấp,Gạch ngói cao cấp,HNX,Công nghiệp,Xây dựng và Vật liệu,Xây dựng và Vật liệu,Vật liệu xây dựng & Nội thất,2353,FiinPro / Vietcap IQ & Sở GDCK,http://gachngoicaocap.com,http://gachngoicaocap.com/quan-he-co-dong
MCF,Công ty Cổ phần Xây lắp Cơ khí và Lương thực Thực phẩm,Cơ khí và Lương thực Thực phẩm,HNX,Hàng Tiêu dùng,Thực phẩm và đồ uống,Sản xuất thực phẩm,Thực phẩm,3577,FiinPro / Vietcap IQ & Sở GDCK,http://mecofood.com.vn,http://mecofood.com.vn/quan-he-co-dong
MCO,Công ty Cổ phần Đầu tư và Xây dựng BDC Việt Nam,BDC Việt Nam,HNX,Công nghiệp,Xây dựng và Vật liệu,Xây dựng và Vật liệu,Xây dựng,2357,FiinPro / Vietcap IQ & Sở GDCK,http://mcovietnam.com.vn,http://mcovietnam.com.vn/quan-he-co-dong
MDC,Công ty Cổ phần Than Mông Dương - Vinacomin,Than Mông Dương,HNX,Nguyên vật liệu,Tài nguyên Cơ bản,Khai khoáng,Khai thác Than,1771,FiinPro / Vietcap IQ & Sở GDCK,https://thanmongduong.vn,https://thanmongduong.vn/quan-he-co-dong
MDD,Công ty Cổ phần Mai Động,Công ty Mai Động,HNX,Công nghiệp,Hàng & Dịch vụ Công nghiệp,Công nghiệp nặng,Máy công nghiệp,2757,FiinPro / Vietcap IQ & Sở GDCK,,https://finance.vietstock.vn/MDD/ho-so-doanh-nghiep.htm
MED,Công ty Cổ phần Dược Trung ương Mediplantex,Dược Mediplantex,HNX,Dược phẩm và Y tế,Y tế,Dược phẩm,Dược phẩm,4577,FiinPro / Vietcap IQ & Sở GDCK,https://mediplantex.com,https://mediplantex.com/quan-he-co-dongNVBNg
MEL,Công ty Cổ phần Thép Mê Lin,Thép Mê Lin,HNX,Nguyên vật liệu,Tài nguyên Cơ bản,Kim loại,Thép và sản phẩm thép,1757,FiinPro / Vietcap IQ & Sở GDCK,https://melinsteel.vn,https://melinsteel.vn/quan-he-co-dong
MIC,Công ty Cổ phần Kỹ nghệ Khoáng sản Quảng Nam,Khoáng sản Quảng Nam,HNX,Nguyên vật liệu,Tài nguyên Cơ bản,Khai khoáng,Khai khoáng,1775,FiinPro / Vietcap IQ & Sở GDCK,https://minco.com.vn,https://minco.com.vn/quan-he-co-dong
MKV,Công ty Cổ phần Dược Thú Y Cai Lậy,Dược Thú Y Cai Lậy,HNX,Dược phẩm và Y tế,Y tế,Dược phẩm,Dược phẩm,4577,FiinPro / Vietcap IQ & Sở GDCK,http://mekovet.com.vn,http://mekovet.com.vn/quan-he-co-dong
MST,Công ty Cổ phần Đầu tư MST,Đầu tư MST,HNX,Công nghiệp,Xây dựng và Vật liệu,Xây dựng và Vật liệu,Xây dựng,2357,FiinPro / Vietcap IQ & Sở GDCK,https://mstgroup.vn,https://mstgroup.vn/quan-he-co-dong
MVB,Tổng Công ty Công nghiệp mỏ Việt Bắc TKV - Công ty Cổ phần,Mỏ Việt Bắc - TKV,HNX,Nguyên vật liệu,Tài nguyên Cơ bản,Khai khoáng,Khai khoáng,1775,FiinPro / Vietcap IQ & Sở GDCK,https://congnghiepmovietbac.vn,https://congnghiepmovietbac.vn/co-dong
NAG,Công ty Cổ phần Tập đoàn Nagakawa,Tập đoàn Nagakawa,HNX,Công nghiệp,Hàng & Dịch vụ Công nghiệp,Điện tử & Thiết bị điện,Hàng điện & điện tử,2733,FiinPro / Vietcap IQ & Sở GDCK,https://nagakawa.com.vn,https://nagakawa.com.vn/quan-he-co-dong
NAP,Công ty Cổ phần Cảng Nghệ Tĩnh,Cảng Nghệ Tĩnh,HNX,Công nghiệp,Hàng & Dịch vụ Công nghiệp,Vận tải,"Kho bãi, hậu cần và bảo dưỡng",2777,FiinPro / Vietcap IQ & Sở GDCK,https://nghetinhport.vn,https://nghetinhport.vn/quan-he-co-dong
NBC,Công ty Cổ phần Than Núi Béo - Vinacomin,Than Núi Béo,HNX,Nguyên vật liệu,Tài nguyên Cơ bản,Khai khoáng,Khai thác Than,1771,FiinPro / Vietcap IQ & Sở GDCK,http://nuibeo.com.vn,http://nuibeo.com.vn/quan-he-co-dong
NBP,Công ty Cổ phần Nhiệt Điện Ninh Bình,Nhiệt điện Ninh Bình,HNX,Tiện ích Cộng đồng,"Điện, nước & xăng dầu khí đốt",Sản xuất & Phân phối Điện,Sản xuất & Phân phối Điện,7535,FiinPro / Vietcap IQ & Sở GDCK,https://nbtpc.com.vn,https://nbtpc.com.vn/quan-he-co-dong
NBW,Công ty Cổ phần Cấp nước Nhà Bè,Cấp nước Nhà Bè,HNX,Tiện ích Cộng đồng,"Điện, nước & xăng dầu khí đốt",Nước & Khí đốt,Nước,7577,FiinPro / Vietcap IQ & Sở GDCK,https://capnuocnhabe.vn,https://capnuocnhabe.vn/quan-he-co-dong
NDN,Công ty Cổ phần Đầu tư Phát triển Nhà Đà Nẵng,PT Nhà Đà Nẵng,HNX,Tài chính,Bất động sản,Bất động sản,Bất động sản,8633,FiinPro / Vietcap IQ & Sở GDCK,https://ndn.com.vn,https://ndn.com.vn/quan-he-co-dong
NDX,Công ty Cổ phần Xây lắp Phát triển Nhà Đà Nẵng,Phát triển Nhà Đà Nẵng,HNX,Công nghiệp,Xây dựng và Vật liệu,Xây dựng và Vật liệu,Xây dựng,2357,FiinPro / Vietcap IQ & Sở GDCK,https://ndx.com.vn,https://ndx.com.vn/quan-he-co-dong
NET,Công ty Cổ phần Bột giặt Net,Bột giặt Net,HNX,Hàng Tiêu dùng,Hàng cá nhân & Gia dụng,Hàng cá nhân,Hàng cá nhân,3767,FiinPro / Vietcap IQ & Sở GDCK,http://netcovn.com.vn,http://netcovn.com.vn/quan-he-co-dong
NFC,Công ty Cổ phần Phân lân Ninh Bình,Phân lân Ninh Bình,HNX,Nguyên vật liệu,Hóa chất,Hóa chất,"Sản phẩm hóa dầu, Nông dược & Hóa chất khác",1357,FiinPro / Vietcap IQ & Sở GDCK,http://niferco.com.vn,http://niferco.com.vn/quan-he-co-dong
NHC,Công ty Cổ phần Gạch ngói Nhị Hiệp,Gạch ngói Nhị Hiệp,HNX,Công nghiệp,Xây dựng và Vật liệu,Xây dựng và Vật liệu,Vật liệu xây dựng & Nội thất,2353,FiinPro / Vietcap IQ & Sở GDCK,https://gachngoinhihiep.com,https://gachngoinhihiep.com/quan-he-co-dong
NRC,Công ty Cổ phần Tập đoàn Bất động sản Quốc gia,Tập đoàn Bất động sản Quốc gia,HNX,Tài chính,Bất động sản,Bất động sản,Bất động sản,8633,FiinPro / Vietcap IQ & Sở GDCK,https://nrc.com.vn,https://nrc.com.vn/quan-he-co-dong
NSH,Công ty Cổ phần Tập đoàn Nhôm Sông Hồng Shalumi,Nhôm Sông Hồng,HNX,Nguyên vật liệu,Tài nguyên Cơ bản,Kim loại,Nhôm,1753,FiinPro / Vietcap IQ & Sở GDCK,https://shalumi.com.vn,https://shalumi.com.vn/quan-he-co-dong
NST,Công ty Cổ phần Ngân Sơn,Thuốc lá Ngân Sơn,HNX,Hàng Tiêu dùng,Hàng cá nhân & Gia dụng,Thuốc lá,Thuốc lá,3785,FiinPro / Vietcap IQ & Sở GDCK,https://nganson.vn,https://nganson.vn/quan-he-co-dong
NTH,Công ty Cổ phần Thủy điện Nước Trong,Thủy điện Nước Trong,HNX,Tiện ích Cộng đồng,"Điện, nước & xăng dầu khí đốt",Sản xuất & Phân phối Điện,Sản xuất & Phân phối Điện,7535,FiinPro / Vietcap IQ & Sở GDCK,http://thuydiennuoctrong.com.vn,http://thuydiennuoctrong.com.vn/quan-he-co-dong
NTP,Công ty Cổ phần Nhựa Thiếu niên Tiền Phong,Nhựa Tiền Phong,HNX,Công nghiệp,Xây dựng và Vật liệu,Xây dựng và Vật liệu,Vật liệu xây dựng & Nội thất,2353,FiinPro / Vietcap IQ & Sở GDCK,https://nhuatienphong.vn,https://nhuatienphong.vn/quan-he-co-dong
NVB,Ngân hàng Thương mại Cổ phần Quốc Dân,Ngân hàng Quốc Dân,HNX,Ngân hàng,Ngân hàng,Ngân hàng,Ngân hàng,8355,FiinPro / Vietcap IQ & Sở GDCK,https://ncb-bank.vn,https://ncb-bank.vn/quan-he-nha-dau-tu
OCH,Công ty Cổ phần One Capital Hospitality,Khách sạn và Dịch vụ OCH,HNX,Hàng Tiêu dùng,Thực phẩm và đồ uống,Sản xuất thực phẩm,Thực phẩm,3577,FiinPro / Vietcap IQ & Sở GDCK,http://och.vn,http://och.vn/quan-he-co-dong
ONE,Công ty Cổ phần Công nghệ ONE,Truyền thông Số 1,HNX,Công nghệ Thông tin,Công nghệ Thông tin,Thiết bị và Phần cứng,Phần cứng,9572,FiinPro / Vietcap IQ & Sở GDCK,http://one.com.vn,http://one.com.vn/quan-he-co-dong
PBP,Công ty Cổ phần Bao bì Dầu khí Việt Nam,Bao bì Dầu khí VN,HNX,Công nghiệp,Hàng & Dịch vụ Công nghiệp,Hàng công nghiệp,Containers & Đóng gói,2723,FiinPro / Vietcap IQ & Sở GDCK,https://pbp.vn,https://pbp.vn/quan-he-co-dong
PCE,Công ty Cổ phần Phân bón và hóa chất dầu khí Miền Trung,Phân bón và Hóa chất DK Miền Trung,HNX,Nguyên vật liệu,Hóa chất,Hóa chất,"Sản phẩm hóa dầu, Nông dược & Hóa chất khác",1357,FiinPro / Vietcap IQ & Sở GDCK,https://pce.vn,https://pce.vn/quan-he-co-dong
PCH,Công ty Cổ phần Picomat Holding,Picomat Holding,HNX,Nguyên vật liệu,Hóa chất,Hóa chất,"Nhựa, cao su & sợi",1353,FiinPro / Vietcap IQ & Sở GDCK,https://picomat.com.vn,https://picomat.com.vn/quan-he-co-dong
PCT,Công ty Cổ phần Vận tải Biển Global Pacific,Vận tải Biển Global Pacific,HNX,Công nghiệp,Hàng & Dịch vụ Công nghiệp,Vận tải,Dịch vụ vận tải,2779,FiinPro / Vietcap IQ & Sở GDCK,https://pct.com.vn,https://pct.com.vn/quan-he-co-dong
PDB,Công ty Cổ phần Tập đoàn Đầu tư DIN Capital,DIN Capital,HNX,Công nghiệp,Xây dựng và Vật liệu,Xây dựng và Vật liệu,Vật liệu xây dựng & Nội thất,2353,FiinPro / Vietcap IQ & Sở GDCK,https://dincapital.com,https://dincapital.com/quan-he-co-dong
PEN,Công ty Cổ phần Xây lắp III Petrolimex,Xây lắp III Petrolimex,HNX,Công nghiệp,Xây dựng và Vật liệu,Xây dựng và Vật liệu,Xây dựng,2357,FiinPro / Vietcap IQ & Sở GDCK,https://penjico.petrolimex.com.vn,https://penjico.petrolimex.com.vn/quan-he-co-dong
PGN,Công ty Cổ phần Phụ Gia Nhựa,Phụ Gia Nhựa,HNX,Nguyên vật liệu,Hóa chất,Hóa chất,"Nhựa, cao su & sợi",1353,FiinPro / Vietcap IQ & Sở GDCK,https://pgn.com.vn,https://pgn.com.vn/quan-he-co-dong
PGS,Công ty Cổ phần Kinh doanh Khí Miền Nam,Khí Miền Nam,HNX,Tiện ích Cộng đồng,"Điện, nước & xăng dầu khí đốt",Nước & Khí đốt,Phân phối xăng dầu & khí đốt,7573,FiinPro / Vietcap IQ & Sở GDCK,http://pgs.com.vn,http://pgs.com.vn/quan-he-co-dong
PGT,Công ty Cổ phần PGT Holdings,PGT Holdings,HNX,Dịch vụ Tiêu dùng,Du lịch và Giải trí,Du lịch & Giải trí,Vận tải hành khách & Du lịch,5759,FiinPro / Vietcap IQ & Sở GDCK,https://pgt-holdings.com,https://pgt-holdings.com/quan-he-co-dong
PHN,Công ty Cổ phần Pin Hà Nội,Pin Hà Nội,HNX,Công nghiệp,Hàng & Dịch vụ Công nghiệp,Điện tử & Thiết bị điện,Hàng điện & điện tử,2733,FiinPro / Vietcap IQ & Sở GDCK,https://habaco.vn,https://habaco.vn/quan-he-co-dong
PIA,Công ty Cổ phần Tin học Viễn thông Petrolimex,Tin học Viễn thông Petrolimex,HNX,Viễn thông,Viễn thông,Viễn thông cố định,Viễn thông cố định,6535,FiinPro / Vietcap IQ & Sở GDCK,http://piacom.com.vn,http://piacom.com.vn/quan-he-co-dong
PIC,Công ty Cổ phần Đầu tư Điện lực 3,Đầu tư Điện lực 3,HNX,Tiện ích Cộng đồng,"Điện, nước & xăng dầu khí đốt",Sản xuất & Phân phối Điện,Sản xuất & Phân phối Điện,7535,FiinPro / Vietcap IQ & Sở GDCK,https://pc3invest.cpc.vn,https://pc3invest.cpc.vn/quan-he-co-dong
PJC,Công ty Cổ phần Thương mại và Vận tải Petrolimex Hà Nội,TM và Vận tải Petrolimex HN,HNX,Tiện ích Cộng đồng,"Điện, nước & xăng dầu khí đốt",Nước & Khí đốt,Phân phối xăng dầu & khí đốt,7573,FiinPro / Vietcap IQ & Sở GDCK,https://petajicohanoi.petrolimex.com.vn,https://petajicohanoi.petrolimex.com.vn/quan-he-co-dong
PLC,Tổng Công ty Hóa dầu Petrolimex - Công ty Cổ phần,Hóa dầu Petrolimex,HNX,Nguyên vật liệu,Hóa chất,Hóa chất,"Sản phẩm hóa dầu, Nông dược & Hóa chất khác",1357,FiinPro / Vietcap IQ & Sở GDCK,https://plc.petrolimex.com.vn,https://plc.petrolimex.com.vn/quan-he-co-dong
PMB,Công ty Cổ phần Phân bón và Hóa chất Dầu khí Miền Bắc,Phân bón và Hóa chất Dầu khí Miền Bắc,HNX,Nguyên vật liệu,Hóa chất,Hóa chất,"Sản phẩm hóa dầu, Nông dược & Hóa chất khác",1357,FiinPro / Vietcap IQ & Sở GDCK,https://pmb.vn,https://pmb.vn/quan-he-co-dong
PMC,Công ty Cổ phần Dược phẩm Dược liệu Pharmedic,Pharmedic,HNX,Dược phẩm và Y tế,Y tế,Dược phẩm,Dược phẩm,4577,FiinPro / Vietcap IQ & Sở GDCK,https://pharmedic.com.vn,https://pharmedic.com.vn/quan-he-co-dong
PMP,Công ty Cổ phần Bao bì Đạm Phú Mỹ,Bao bì Đạm Phú Mỹ,HNX,Công nghiệp,Hàng & Dịch vụ Công nghiệp,Hàng công nghiệp,Containers & Đóng gói,2723,FiinPro / Vietcap IQ & Sở GDCK,https://dpmp.vn,https://dpmp.vn/quan-he-co-dong
PMS,Công ty Cổ phần Cơ khí Xăng dầu,Cơ khí xăng dầu,HNX,Công nghiệp,Hàng & Dịch vụ Công nghiệp,Công nghiệp nặng,Máy công nghiệp,2757,FiinPro / Vietcap IQ & Sở GDCK,https://pms.petrolimex.com.vn,https://pms.petrolimex.com.vn/quan-he-co-dong
POT,Công ty Cổ phần Thiết bị Bưu điện,Thiết bị Bưu điện Postef,HNX,Công nghệ Thông tin,Công nghệ Thông tin,Thiết bị và Phần cứng,Phần cứng,9572,FiinPro / Vietcap IQ & Sở GDCK,http://postef.com.vn,http://postef.com.vn/quan-he-co-dong
PPE,Công ty Cổ phần Tư vấn Đầu tư PP Enterprise,PVPower Engineering,HNX,Công nghiệp,Hàng & Dịch vụ Công nghiệp,Tư vấn & Hỗ trợ Kinh doanh,Tư vấn & Hỗ trợ KD,2791,FiinPro / Vietcap IQ & Sở GDCK,https://pvpe.vn,https://pvpe.vn/quan-he-co-dong
PPP,Công ty Cổ phần Dược phẩm Phong Phú,PP.Pharco,HNX,Dược phẩm và Y tế,Y tế,Dược phẩm,Dược phẩm,4577,FiinPro / Vietcap IQ & Sở GDCK,https://duocphongphu.com.vn,https://duocphongphu.com.vn/quan-he-co-dong
PPS,Công ty Cổ phần Dịch vụ Kỹ thuật Điện lực Dầu khí Việt Nam,DVKT Điện lực Dầu khí,HNX,Công nghiệp,Hàng & Dịch vụ Công nghiệp,Tư vấn & Hỗ trợ Kinh doanh,Tư vấn & Hỗ trợ KD,2791,FiinPro / Vietcap IQ & Sở GDCK,https://pps.pvpower.vn,https://pps.pvpower.vn/quan-he-co-dong
PPT,Công ty cổ phần Petro Times,Petro Times,HNX,Tiện ích Cộng đồng,"Điện, nước & xăng dầu khí đốt",Nước & Khí đốt,Phân phối xăng dầu & khí đốt,7573,FiinPro / Vietcap IQ & Sở GDCK,https://petrotimesgroup.com,https://petrotimesgroup.com/quan-he-co-dong
PPY,Công ty Cổ phần Xăng dầu dầu khí Phú Yên,Xăng dầu dầu khí Phú Yên,HNX,Tiện ích Cộng đồng,"Điện, nước & xăng dầu khí đốt",Nước & Khí đốt,Phân phối xăng dầu & khí đốt,7573,FiinPro / Vietcap IQ & Sở GDCK,https://pvsoilphuyen.com.vn,https://pvsoilphuyen.com.vn/quan-he-co-dong
PRC,Công ty Cổ phần Logistics Portserco,Vận tải Portserco,HNX,Công nghiệp,Hàng & Dịch vụ Công nghiệp,Vận tải,Dịch vụ vận tải,2779,FiinPro / Vietcap IQ & Sở GDCK,http://portserco.com,http://portserco.com/quan-he-co-dong
PRE,Tổng Công ty Cổ phần Tái bảo hiểm Hà Nội,Tái bảo hiểm PVI,HNX,Tài chính,Bảo hiểm,Bảo hiểm phi nhân thọ,Tái bảo hiểm,8538,FiinPro / Vietcap IQ & Sở GDCK,https://hanoire.com,https://hanoire.com/quan-he-co-dong
PSC,Công ty Cổ phần Vận tải và Dịch vụ Petrolimex Sài Gòn,Vận tải Petrolimex SG,HNX,Công nghiệp,Hàng & Dịch vụ Công nghiệp,Vận tải,Dịch vụ vận tải,2779,FiinPro / Vietcap IQ & Sở GDCK,https://ptssaigon.petrolimex.com.vn,https://ptssaigon.petrolimex.com.vn/quan-he-co-dong
PSD,Công ty Cổ phần Dịch vụ Phân phối Tổng hợp Dầu khí,Phân phối Tổng hợp Dầu khí,HNX,Dịch vụ Tiêu dùng,Bán lẻ,Bán lẻ,Phân phối hàng chuyên dụng,5379,FiinPro / Vietcap IQ & Sở GDCK,https://psd.com.vn,https://psd.com.vn/quan-he-co-dong
PSE,Công ty Cổ phần Phân bón và hóa chất dầu khí Đông Nam Bộ,Phân bón và hóa chất dầu khí Đông Nam Bộ,HNX,Nguyên vật liệu,Hóa chất,Hóa chất,"Sản phẩm hóa dầu, Nông dược & Hóa chất khác",1357,FiinPro / Vietcap IQ & Sở GDCK,https://pse.vn,https://pse.vn/quan-he-co-dong
PSI,Công ty Cổ phần Chứng khoán Dầu khí,Chứng khoán Dầu khí,HNX,Tài chính,Dịch vụ tài chính,Dịch vụ tài chính,Môi giới chứng khoán,8777,FiinPro / Vietcap IQ & Sở GDCK,https://psi.vn,https://psi.vn/quan-he-co-dong
PSW,Công ty Cổ phần Phân bón và hóa chất dầu khí Tây Nam Bộ,Phân bón hóa chất dầu khí Tây Nam Bộ,HNX,Nguyên vật liệu,Hóa chất,Hóa chất,"Sản phẩm hóa dầu, Nông dược & Hóa chất khác",1357,FiinPro / Vietcap IQ & Sở GDCK,https://psw.vn,https://psw.vn/quan-he-co-dong
PTD,Công ty Cổ phần Thiết kế - Xây dựng - Thương mại Phúc Thịnh,Thiết kế-XD-TM Phúc Thịnh,HNX,Công nghiệp,Xây dựng và Vật liệu,Xây dựng và Vật liệu,Xây dựng,2357,FiinPro / Vietcap IQ & Sở GDCK,https://phucthinh.com.vn,https://phucthinh.com.vn/quan-he-co-dong
PTI,Tổng Công ty Cổ phần Bảo hiểm Bưu điện,Bảo hiểm Bưu điện,HNX,Tài chính,Bảo hiểm,Bảo hiểm phi nhân thọ,Bảo hiểm phi nhân thọ,8536,FiinPro / Vietcap IQ & Sở GDCK,https://pti.com.vn,https://pti.com.vn/quan-he-co-dong
PTS,Công ty Cổ phần Vận tải và Dịch vụ Petrolimex Hải Phòng,Vận tải Petrolimex HP,HNX,Công nghiệp,Hàng & Dịch vụ Công nghiệp,Vận tải,Dịch vụ vận tải,2779,FiinPro / Vietcap IQ & Sở GDCK,https://ptshaiphong.petrolimex.com.vn,https://ptshaiphong.petrolimex.com.vn/quan-he-co-dong
PTX,Công ty Cổ phần Vận tải và Dịch vụ Petrolimex Nghệ Tĩnh,VT Petrolimex Nghệ Tĩnh,HNX,Tiện ích Cộng đồng,"Điện, nước & xăng dầu khí đốt",Nước & Khí đốt,Phân phối xăng dầu & khí đốt,7573,FiinPro / Vietcap IQ & Sở GDCK,https://ptx.petrolimex.com.vn,https://ptx.petrolimex.com.vn/quan-he-co-dong
PV2,Công ty Cổ phần Genea Capital,Genea Capital,HNX,Tài chính,Bất động sản,Bất động sản,Bất động sản,8633,FiinPro / Vietcap IQ & Sở GDCK,http://pv2.com.vn,http://pv2.com.vn/quan-he-co-dong
PVB,Công ty Cổ phần Bọc ống Dầu khí Việt Nam,Bọc ống Dầu khí Việt Nam,HNX,Dầu khí,Dầu khí,"Thiết bị, Dịch vụ và Phân phối Dầu khí",Thiết bị và Dịch vụ Dầu khí,573,FiinPro / Vietcap IQ & Sở GDCK,https://pvcoating.vn,https://pvcoating.vn/quan-he-co-dong
PVC,Tổng Công ty Hóa chất và Dịch vụ Dầu khí - Công ty Cổ phần,Hóa chất và Dịch vụ Dầu khí,HNX,Dầu khí,Dầu khí,"Thiết bị, Dịch vụ và Phân phối Dầu khí",Thiết bị và Dịch vụ Dầu khí,573,FiinPro / Vietcap IQ & Sở GDCK,https://pvcc.com.vn,https://pvcc.com.vn/quan-he-co-dong
PVG,Công ty Cổ phần Kinh doanh LPG Việt Nam,Kinh doanh LPG Việt Nam,HNX,Tiện ích Cộng đồng,"Điện, nước & xăng dầu khí đốt",Nước & Khí đốt,Phân phối xăng dầu & khí đốt,7573,FiinPro / Vietcap IQ & Sở GDCK,http://pvgaslpg.vn,http://pvgaslpg.vn/quan-he-co-dong
PVI,Công ty Cổ phần PVI,PVI Holdings,HNX,Tài chính,Bảo hiểm,Bảo hiểm phi nhân thọ,Bảo hiểm phi nhân thọ,8536,FiinPro / Vietcap IQ & Sở GDCK,https://pvi.com.vn,https://pvi.com.vn/quan-he-co-dong
PVS,Tổng Công ty Cổ phần Dịch vụ Kỹ thuật Dầu khí Việt Nam,DVKT Dầu khí PTSC,HNX,Dầu khí,Dầu khí,"Thiết bị, Dịch vụ và Phân phối Dầu khí",Thiết bị và Dịch vụ Dầu khí,573,FiinPro / Vietcap IQ & Sở GDCK,https://ptsc.com.vn,https://ptsc.com.vn/quan-he-co-dong
QHD,Công ty Cổ phần Que hàn điện Việt Đức,Que hàn Việt Đức,HNX,Công nghiệp,Hàng & Dịch vụ Công nghiệp,Hàng công nghiệp,Công nghiệp phức hợp,2727,FiinPro / Vietcap IQ & Sở GDCK,https://quehanvietduc.com.vn,https://quehanvietduc.com.vn/quan-he-co-dong
QST,Công ty Cổ phần Sách và Thiết bị trường học Quảng Ninh,Sách Quảng Ninh,HNX,Dịch vụ Tiêu dùng,Truyền thông,Truyền thông,"Sách, ấn bản & sản phẩm văn hóa",5557,FiinPro / Vietcap IQ & Sở GDCK,http://sachquangninh.vn,http://sachquangninh.vn/quan-he-co-dong
QTC,Công ty Cổ phần Công trình Giao thông Vận tải Quảng Nam,GTVT Quảng Nam,HNX,Công nghiệp,Xây dựng và Vật liệu,Xây dựng và Vật liệu,Xây dựng,2357,FiinPro / Vietcap IQ & Sở GDCK,https://gtvtquangnam.com,https://gtvtquangnam.com/quan-he-co-dong
RCL,Công ty Cổ phần Địa ốc Chợ Lớn,Địa Ốc Chợ Lớn,HNX,Tài chính,Bất động sản,Bất động sản,Bất động sản,8633,FiinPro / Vietcap IQ & Sở GDCK,https://cholonres.com.vn,https://cholonres.com.vn/quan-he-co-dong
S55,Công ty Cổ phần Sông Đà 505,Sông Đà 505,HNX,Công nghiệp,Xây dựng và Vật liệu,Xây dựng và Vật liệu,Xây dựng,2357,FiinPro / Vietcap IQ & Sở GDCK,https://songda505.com.vn,https://songda505.com.vn/quan-he-co-dong
S99,Công ty Cổ phần SCI,Sông Đà 9.09 (SCI),HNX,Công nghiệp,Xây dựng và Vật liệu,Xây dựng và Vật liệu,Xây dựng,2357,FiinPro / Vietcap IQ & Sở GDCK,http://sci.pro.vn,http://sci.pro.vn/quan-he-co-dong
SAF,Công ty Cổ phần Lương thực Thực phẩm SAFOCO,Thực Phẩm SAFOCO,HNX,Hàng Tiêu dùng,Thực phẩm và đồ uống,Sản xuất thực phẩm,Thực phẩm,3577,FiinPro / Vietcap IQ & Sở GDCK,http://safocofood.com,http://safocofood.com/quan-he-co-dong
SCG,Công ty Cổ phần Tập đoàn Xây dựng SCG,Xây dựng SCG,HNX,Công nghiệp,Xây dựng và Vật liệu,Xây dựng và Vật liệu,Xây dựng,2357,FiinPro / Vietcap IQ & Sở GDCK,https://scgr.vn,https://scgr.vn/quan-he-co-dong
SCI,Công ty Cổ phần SCI E&C,SCI E&C,HNX,Công nghiệp,Xây dựng và Vật liệu,Xây dựng và Vật liệu,Xây dựng,2357,FiinPro / Vietcap IQ & Sở GDCK,https://scigroup.vn,https://scigroup.vn/quan-he-co-dong
SD5,Công ty Cổ phần Sông Đà 5,Sông Đà 5,HNX,Công nghiệp,Xây dựng và Vật liệu,Xây dựng và Vật liệu,Xây dựng,2357,FiinPro / Vietcap IQ & Sở GDCK,http://songda5.com.vn,http://songda5.com.vn/quan-he-co-dong
SD9,Công ty Cổ phần Sông Đà 9,Sông Đà 9,HNX,Công nghiệp,Xây dựng và Vật liệu,Xây dựng và Vật liệu,Xây dựng,2357,FiinPro / Vietcap IQ & Sở GDCK,http://songda9.com,http://songda9.com/quan-he-co-dong
SDC,Công ty Cổ phần Tư vấn Sông Đà,Tư vấn Sông Đà,HNX,Công nghiệp,Hàng & Dịch vụ Công nghiệp,Tư vấn & Hỗ trợ Kinh doanh,Tư vấn & Hỗ trợ KD,2791,FiinPro / Vietcap IQ & Sở GDCK,https://sdcc.com.vn,https://sdcc.com.vn/quan-he-co-dong
SDG,Công ty Cổ phần Sadico Cần Thơ,Sadico Cần Thơ,HNX,Công nghiệp,Hàng & Dịch vụ Công nghiệp,Hàng công nghiệp,Containers & Đóng gói,2723,FiinPro / Vietcap IQ & Sở GDCK,http://sadico.com.vn,http://sadico.com.vn/quan-he-co-dong
SDN,Công ty Cổ phần Sơn Đồng Nai,Sơn Đồng Nai,HNX,Công nghiệp,Xây dựng và Vật liệu,Xây dựng và Vật liệu,Vật liệu xây dựng & Nội thất,2353,FiinPro / Vietcap IQ & Sở GDCK,https://dongnaipaint.com.vn,https://dongnaipaint.com.vn/quan-he-co-dong
SDU,Công ty Cổ phần Đầu tư Xây dựng và Phát triển Đô thị Sông Đà,Đô thị Sông Đà,HNX,Công nghiệp,Xây dựng và Vật liệu,Xây dựng và Vật liệu,Xây dựng,2357,FiinPro / Vietcap IQ & Sở GDCK,http://dothisongda.com.vn,http://dothisongda.com.vn/quan-he-co-dong
SEB,Công ty Cổ phần Đầu tư và Phát triển Điện Miền Trung,Điện miền Trung,HNX,Tiện ích Cộng đồng,"Điện, nước & xăng dầu khí đốt",Sản xuất & Phân phối Điện,Sản xuất & Phân phối Điện,7535,FiinPro / Vietcap IQ & Sở GDCK,http://mientrungpid.com.vn,http://mientrungpid.com.vn/quan-he-co-dong
SED,Công ty Cổ phần Đầu tư và Phát triển Giáo dục Phương Nam,Phát triển GD Phương Nam,HNX,Dịch vụ Tiêu dùng,Truyền thông,Truyền thông,"Sách, ấn bản & sản phẩm văn hóa",5557,FiinPro / Vietcap IQ & Sở GDCK,https://phuongnam.edu.vn,https://phuongnam.edu.vn/quan-he-co-dong
SFN,Công ty Cổ phần Dệt lưới Sài Gòn,Dệt lưới Sài Gòn,HNX,Công nghiệp,Hàng & Dịch vụ Công nghiệp,Tư vấn & Hỗ trợ Kinh doanh,Nhà cung cấp thiết bị,2797,FiinPro / Vietcap IQ & Sở GDCK,http://sfn.vn,http://sfn.vn/quan-he-co-dong
SGC,Công ty Cổ phần Xuất nhập khẩu Sa Giang,Bánh phồng tôm Sa Giang,HNX,Hàng Tiêu dùng,Thực phẩm và đồ uống,Sản xuất thực phẩm,Thực phẩm,3577,FiinPro / Vietcap IQ & Sở GDCK,https://sagiang.com.vn,https://sagiang.com.vn/quan-he-co-dong
SGD,Công ty Cổ phần Sách Giáo dục tại Thành phố Hồ Chí Minh,Sách GD TP.HCM,HNX,Dịch vụ Tiêu dùng,Truyền thông,Truyền thông,"Sách, ấn bản & sản phẩm văn hóa",5557,FiinPro / Vietcap IQ & Sở GDCK,http://sgd.edu.vn,http://sgd.edu.vn/quan-he-co-dong
SGH,Công ty Cổ phần Khách sạn Sài Gòn,Khách sạn Sài Gòn,HNX,Dịch vụ Tiêu dùng,Du lịch và Giải trí,Du lịch & Giải trí,Khách sạn,5753,FiinPro / Vietcap IQ & Sở GDCK,https://saigonhotel.com.vn,https://saigonhotel.com.vn/quan-he-co-dong
SHE,Công ty Cổ phần Phát triển Năng Lượng Sơn Hà,PT Năng Lượng Sơn Hà,HNX,Hàng Tiêu dùng,Hàng cá nhân & Gia dụng,Hàng gia dụng,Đồ gia dụng lâu bền,3722,FiinPro / Vietcap IQ & Sở GDCK,http://thaiduongnang.com.vn,http://thaiduongnang.com.vn/quan-he-co-dong
SHN,Công ty Cổ phần Đầu tư Tổng hợp Hà Nội,Đầu tư Tổng hợp Hà Nội,HNX,Nguyên vật liệu,Tài nguyên Cơ bản,Khai khoáng,Khai thác Than,1771,FiinPro / Vietcap IQ & Sở GDCK,https://shn.com.vn,https://shn.com.vn/quan-he-co-dong
SHS,Công ty Cổ phần Chứng khoán Sài Gòn - Hà Nội,Chứng khoán SG - HN,HNX,Tài chính,Dịch vụ tài chính,Dịch vụ tài chính,Môi giới chứng khoán,8777,FiinPro / Vietcap IQ & Sở GDCK,https://shs.com.vn,https://shs.com.vn/quan-he-co-dong
SJ1,Công ty Cổ phần Nông nghiệp Hùng Hậu,Nông nghiệp Hùng Hậu,HNX,Hàng Tiêu dùng,Thực phẩm và đồ uống,Sản xuất thực phẩm,Nuôi trồng nông & hải sản,3573,FiinPro / Vietcap IQ & Sở GDCK,https://himex.vn,https://himex.vn/quan-he-co-dong
SJE,Công ty Cổ phần Sông Đà 11,Sông Đà 11,HNX,Công nghiệp,Xây dựng và Vật liệu,Xây dựng và Vật liệu,Xây dựng,2357,FiinPro / Vietcap IQ & Sở GDCK,https://songda11.com.vn,https://songda11.com.vn/quan-he-co-dong
SLS,Công ty Cổ phần Mía đường Sơn La,Mía đường Sơn La,HNX,Hàng Tiêu dùng,Thực phẩm và đồ uống,Sản xuất thực phẩm,Thực phẩm,3577,FiinPro / Vietcap IQ & Sở GDCK,https://miaduongsonla.vn,https://miaduongsonla.vn/quan-he-co-dong
SMN,Công ty Cổ phần Sách và thiết bị giáo dục Miền Nam,Sách và thiết bị GD miền Nam,HNX,Dịch vụ Tiêu dùng,Truyền thông,Truyền thông,"Sách, ấn bản & sản phẩm văn hóa",5557,FiinPro / Vietcap IQ & Sở GDCK,https://sobee.vn,https://sobee.vn/quan-he-co-dong
SMT,Công ty Cổ phần SAMETEL,SAMETEL,HNX,Công nghệ Thông tin,Công nghệ Thông tin,Thiết bị và Phần cứng,Thiết bị viễn thông,9578,FiinPro / Vietcap IQ & Sở GDCK,https://sametel.com.vn,https://sametel.com.vn/quan-he-co-dong
SPC,Công ty Cổ phần Bảo vệ Thực vật Sài Gòn,BV Thực vật Sài Gòn,HNX,Nguyên vật liệu,Hóa chất,Hóa chất,"Sản phẩm hóa dầu, Nông dược & Hóa chất khác",1357,FiinPro / Vietcap IQ & Sở GDCK,http://spchcmc.vn,http://spchcmc.vn/quan-he-co-dong
SRA,Công ty Cổ phần SARA Việt Nam,SARA Việt Nam,HNX,Dược phẩm và Y tế,Y tế,Thiết bị và Dịch vụ Y tế,Thiết bị y tế,4535,FiinPro / Vietcap IQ & Sở GDCK,https://sara.com.vn,https://sara.com.vn/quan-he-co-dong
SSM,Công ty Cổ phần Chế tạo kết cấu thép VNECO.SSM,Kết cấu Thép VNECO,HNX,Nguyên vật liệu,Tài nguyên Cơ bản,Kim loại,Thép và sản phẩm thép,1757,FiinPro / Vietcap IQ & Sở GDCK,http://ssm.com.vn,http://ssm.com.vn/quan-he-co-dong
STC,Công ty Cổ phần Sách và Thiết bị trường học Thành phố Hồ Chí Minh,Sách và TB Trường học TP HCM,HNX,Dịch vụ Tiêu dùng,Truyền thông,Truyền thông,"Sách, ấn bản & sản phẩm văn hóa",5557,FiinPro / Vietcap IQ & Sở GDCK,http://stb.com.vn,http://stb.com.vn/quan-he-co-dong
STP,Công ty Cổ phần Công nghiệp Thương mại Sông Đà,CN Thương Mại Sông Đà,HNX,Công nghiệp,Hàng & Dịch vụ Công nghiệp,Hàng công nghiệp,Containers & Đóng gói,2723,FiinPro / Vietcap IQ & Sở GDCK,http://stp.com.vn,http://stp.com.vn/quan-he-co-dong
SVN,Công ty Cổ phần Tập đoàn Vexilla Việt Nam,Tập đoàn Vexilla Việt Nam,HNX,Công nghiệp,Xây dựng và Vật liệu,Xây dựng và Vật liệu,Xây dựng,2357,FiinPro / Vietcap IQ & Sở GDCK,http://solavina.vn,http://solavina.vn/quan-he-co-dong
SZB,Công ty Cổ phần Sonadezi Long Bình,Sonadezi Long Bình,HNX,Tài chính,Bất động sản,Bất động sản,Bất động sản,8633,FiinPro / Vietcap IQ & Sở GDCK,https://szb.com.vn,https://szb.com.vn/quan-he-co-dong
TA9,Công ty Cổ phần Xây lắp Thành An 96,Xây lắp Thành An 96,HNX,Công nghiệp,Xây dựng và Vật liệu,Xây dựng và Vật liệu,Xây dựng,2357,FiinPro / Vietcap IQ & Sở GDCK,http://thanhan96.vn,http://thanhan96.vn/quan-he-co-dong
TD6,Công ty Cổ Phần Than Đèo Nai - Cọc Sáu - TKV,Than Đèo Nai - Cọc Sáu - TKV,HNX,Nguyên vật liệu,Tài nguyên Cơ bản,Khai khoáng,Khai thác Than,1771,FiinPro / Vietcap IQ & Sở GDCK,https://thandeonaicocsau.vn,https://thandeonaicocsau.vn/quan-he-co-dong
TDT,Công ty Cổ phần Đầu tư và Phát triển TDT,Đầu tư và Phát triển TDT,HNX,Hàng Tiêu dùng,Hàng cá nhân & Gia dụng,Hàng cá nhân,Hàng May mặc,3763,FiinPro / Vietcap IQ & Sở GDCK,http://tdtgroup.vn,http://tdtgroup.vn/quan-he-co-dong
TET,Công ty Cổ phần Bất động sản Pristie,Bất động sản Pristie,HNX,Hàng Tiêu dùng,Hàng cá nhân & Gia dụng,Hàng cá nhân,Hàng May mặc,3763,FiinPro / Vietcap IQ & Sở GDCK,http://textaco.vn,http://textaco.vn/quan-he-co-dong
TFC,Công ty Cổ phần Trang,CTCP Trang,HNX,Hàng Tiêu dùng,Thực phẩm và đồ uống,Sản xuất thực phẩm,Thực phẩm,3577,FiinPro / Vietcap IQ & Sở GDCK,https://trangcorporation.vn,https://trangcorporation.vn/quan-he-co-dong
THB,Công ty Cổ phần Bia Hà Nội - Thanh Hóa,Bia Hà Nội - Thanh Hóa,HNX,Hàng Tiêu dùng,Thực phẩm và đồ uống,Bia và đồ uống,Sản xuất bia,3533,FiinPro / Vietcap IQ & Sở GDCK,http://biathanhhoa.com.vn,http://biathanhhoa.com.vn/quan-he-co-dong
THD,Công ty Cổ phần Thaiholdings,Công ty Thaiholdings,HNX,Tài chính,Bất động sản,Bất động sản,"Tư Vấn, Định giá, Môi giới Bất động sản",8637,FiinPro / Vietcap IQ & Sở GDCK,https://thaiholdings.com.vn,https://thaiholdings.com.vn/quan-he-co-dong
THS,Công ty Cổ phần Thanh Hoa Sông Đà,Thanh Hoa Sông Đà,HNX,Dịch vụ Tiêu dùng,Bán lẻ,Bán lẻ,Bán lẻ phức hợp,5373,FiinPro / Vietcap IQ & Sở GDCK,http://thanhhoasongda.com.vn,http://thanhhoasongda.com.vn/quan-he-co-dong
THT,Công ty Cổ phần Than Hà Tu - Vinacomin,Than Hà Tu,HNX,Nguyên vật liệu,Tài nguyên Cơ bản,Khai khoáng,Khai thác Than,1771,FiinPro / Vietcap IQ & Sở GDCK,http://hatucoal.vn,http://hatucoal.vn/quan-he-co-dong
TIG,Công ty Cổ phần Tập đoàn Đầu tư Thăng Long,Tập đoàn Đầu tư Thăng Long,HNX,Tài chính,Bất động sản,Bất động sản,Bất động sản,8633,FiinPro / Vietcap IQ & Sở GDCK,https://tig.vn,https://tig.vn/quan-he-co-dong
TJC,Công ty Cổ phần Dịch vụ Vận tải và Thương mại,Dịch vụ Vận tải và Thương mại,HNX,Công nghiệp,Hàng & Dịch vụ Công nghiệp,Vận tải,Dịch vụ vận tải,2779,FiinPro / Vietcap IQ & Sở GDCK,https://transco.com.vn,https://transco.com.vn/quan-he-co-dong
TKU,Công ty Cổ phần Công nghiệp Tung Kuang,Công nghiệp Tung Kuang,HNX,Nguyên vật liệu,Tài nguyên Cơ bản,Kim loại,Nhôm,1753,FiinPro / Vietcap IQ & Sở GDCK,https://tungkuang.com.vn,https://tungkuang.com.vn/quan-he-co-dong
TMB,Công ty Cổ phần Kinh doanh Than Miền Bắc - Vinacomin,Than Miền Bắc - Vinacomin,HNX,Nguyên vật liệu,Tài nguyên Cơ bản,Khai khoáng,Khai thác Than,1771,FiinPro / Vietcap IQ & Sở GDCK,https://thanmienbac.vn,https://thanmienbac.vn/quan-he-co-dong
TMC,Công ty Cổ phần Thương mại Xuất nhập khẩu Thủ Đức,XNK Thủ Đức,HNX,Tiện ích Cộng đồng,"Điện, nước & xăng dầu khí đốt",Nước & Khí đốt,Phân phối xăng dầu & khí đốt,7573,FiinPro / Vietcap IQ & Sở GDCK,http://timexcothuduc.com.vn,http://timexcothuduc.com.vn/quan-he-co-dong
TMX,Công ty Cổ phần VICEM Thương mại Xi măng,Thương mại Xi măng,HNX,Công nghiệp,Xây dựng và Vật liệu,Xây dựng và Vật liệu,Vật liệu xây dựng & Nội thất,2353,FiinPro / Vietcap IQ & Sở GDCK,https://vicem.vn,https://vicem.vn/quan-he-co-dong
TNG,Công ty Cổ phần Đầu tư và Thương mại TNG,Đầu tư và Thương mại TNG,HNX,Hàng Tiêu dùng,Hàng cá nhân & Gia dụng,Hàng cá nhân,Hàng May mặc,3763,FiinPro / Vietcap IQ & Sở GDCK,https://tng.vn,https://tng.vn/quan-he-co-dong
TOT,Công ty Cổ phần Transimex Logistics,Vận tải Transimex,HNX,Công nghiệp,Hàng & Dịch vụ Công nghiệp,Vận tải,Dịch vụ vận tải,2779,FiinPro / Vietcap IQ & Sở GDCK,https://transimextrans.com.vn,https://transimextrans.com.vn/quan-he-co-dong
TPP,Công ty Cổ phần Tân Phú Việt Nam,Nhựa Tân Phú VN,HNX,Công nghiệp,Hàng & Dịch vụ Công nghiệp,Hàng công nghiệp,Containers & Đóng gói,2723,FiinPro / Vietcap IQ & Sở GDCK,https://tanphuvietnam.vn,https://tanphuvietnam.vn/quan-he-co-dong
TSB,Công ty Cổ phần Ắc quy Tia Sáng,Ắc quy Tia Sáng,HNX,Công nghiệp,Hàng & Dịch vụ Công nghiệp,Điện tử & Thiết bị điện,Hàng điện & điện tử,2733,FiinPro / Vietcap IQ & Sở GDCK,http://tiasangbattery.com,http://tiasangbattery.com/quan-he-co-dong
TTC,Công ty Cổ phần Gạch men Thanh Thanh,Gạch men Thanh Thanh,HNX,Công nghiệp,Xây dựng và Vật liệu,Xây dựng và Vật liệu,Vật liệu xây dựng & Nội thất,2353,FiinPro / Vietcap IQ & Sở GDCK,https://thanhthanhceramic.com,https://thanhthanhceramic.com/quan-he-co-dong
TTH,Công ty Cổ phần Thương mại và Dịch vụ Tiến Thành,TM và DV Tiến Thành,HNX,Nguyên vật liệu,Tài nguyên Cơ bản,Kim loại,Thép và sản phẩm thép,1757,FiinPro / Vietcap IQ & Sở GDCK,http://tienthanhjsc.vn,http://tienthanhjsc.vn/quan-he-co-dong
TTL,Tổng Công ty Thăng Long - Công ty Cổ phần,TCT Thăng Long,HNX,Công nghiệp,Xây dựng và Vật liệu,Xây dựng và Vật liệu,Xây dựng,2357,FiinPro / Vietcap IQ & Sở GDCK,https://thanglonggroup.vn,https://thanglonggroup.vn/quan-he-co-dong
TTT,Công ty Cổ phần Du Lịch - Thương Mại Tây Ninh,Du lịch - Thương Mại Tây Ninh,HNX,Dịch vụ Tiêu dùng,Du lịch và Giải trí,Du lịch & Giải trí,Vận tải hành khách & Du lịch,5759,FiinPro / Vietcap IQ & Sở GDCK,http://tanitour.com.vn,http://tanitour.com.vn/quan-he-co-dong
TV3,Công ty Cổ phần Tư vấn Xây dựng Điện 3,Tư vấn XD điện 3,HNX,Công nghiệp,Hàng & Dịch vụ Công nghiệp,Tư vấn & Hỗ trợ Kinh doanh,Tư vấn & Hỗ trợ KD,2791,FiinPro / Vietcap IQ & Sở GDCK,https://pecc3.com.vn,https://pecc3.com.vn/quan-he-co-dong
TV4,Công ty Cổ phần Tư vấn Xây dựng Điện 4,Tư vấn XD Điện 4,HNX,Công nghiệp,Hàng & Dịch vụ Công nghiệp,Tư vấn & Hỗ trợ Kinh doanh,Tư vấn & Hỗ trợ KD,2791,FiinPro / Vietcap IQ & Sở GDCK,https://pecc4.vn,https://pecc4.vn/quan-he-co-dong
TVC,Công ty Cổ phần Tập đoàn Quản lý tài sản T-Corp,Tập đoàn Quản lý tài sản T-Corp,HNX,Tài chính,Dịch vụ tài chính,Dịch vụ tài chính,Tài chính đặc biệt,8775,FiinPro / Vietcap IQ & Sở GDCK,http://tcorp.vn,http://tcorp.vn/quan-he-co-dong
TVD,Công ty Cổ phần Than Vàng Danh - Vinacomin,Than Vàng Danh,HNX,Nguyên vật liệu,Tài nguyên Cơ bản,Khai khoáng,Khai thác Than,1771,FiinPro / Vietcap IQ & Sở GDCK,https://thanvangdanh.com.vn,https://thanvangdanh.com.vn/quan-he-co-dongNh
TXM,Công ty Cổ phần VICEM Thạch cao Xi Măng,Thạch cao Xi măng,HNX,Công nghiệp,Xây dựng và Vật liệu,Xây dựng và Vật liệu,Vật liệu xây dựng & Nội thất,2353,FiinPro / Vietcap IQ & Sở GDCK,https://vicemthachcaoximang.vn,https://vicemthachcaoximang.vn/quan-he-co-dong
UNI,Công ty Cổ phần Đầu tư và Phát triển Sao Mai Việt,Đầu tư và Phát triển Sao Mai Việt,HNX,Công nghệ Thông tin,Công nghệ Thông tin,Phần mềm & Dịch vụ Máy tính,Dịch vụ Máy tính,9533,FiinPro / Vietcap IQ & Sở GDCK,https://saomaiviet.net,https://saomaiviet.net/quan-he-co-dong
V12,Công ty Cổ phần Xây dựng số 12,VINACONEX 12,HNX,Công nghiệp,Xây dựng và Vật liệu,Xây dựng và Vật liệu,Xây dựng,2357,FiinPro / Vietcap IQ & Sở GDCK,http://vinaconex12.com.vn,http://vinaconex12.com.vn/quan-he-co-dong
V21,Công ty Cổ phần Vinaconex 21,Vinaconex 21,HNX,Tài chính,Bất động sản,Bất động sản,Bất động sản,8633,FiinPro / Vietcap IQ & Sở GDCK,https://vinaconex21.vn,https://vinaconex21.vn/quan-he-co-dong
VBC,"Công ty Cổ phần Nhựa, Bao bì Vinh",Nhựa - Bao bì Vinh,HNX,Công nghiệp,Hàng & Dịch vụ Công nghiệp,Hàng công nghiệp,Containers & Đóng gói,2723,FiinPro / Vietcap IQ & Sở GDCK,http://nhuabaobivinh.com,http://nhuabaobivinh.com/quan-he-co-dong
VC1,Công ty Cổ phần Xây dựng số 1,Xây dựng số 1,HNX,Công nghiệp,Xây dựng và Vật liệu,Xây dựng và Vật liệu,Xây dựng,2357,FiinPro / Vietcap IQ & Sở GDCK,http://vinaconex1.com.vn,http://vinaconex1.com.vn/quan-he-co-dong
VC2,Công ty Cổ phần Đầu tư và Xây dựng VINA2,Đầu tư và Xây dựng VINA2,HNX,Công nghiệp,Xây dựng và Vật liệu,Xây dựng và Vật liệu,Xây dựng,2357,FiinPro / Vietcap IQ & Sở GDCK,http://vina2.com.vn,http://vina2.com.vn/quan-he-co-dong
VC3,Công ty Cổ phần Tập đoàn Nam Mê Kông,Tập đoàn Nam Mê Kông,HNX,Tài chính,Bất động sản,Bất động sản,"Tư Vấn, Định giá, Môi giới Bất động sản",8637,FiinPro / Vietcap IQ & Sở GDCK,https://nammekong.net,https://nammekong.net/quan-he-co-dong
VC6,Công ty cổ phần Xây dựng và Đầu tư Visicons,Visicons,HNX,Công nghiệp,Xây dựng và Vật liệu,Xây dựng và Vật liệu,Xây dựng,2357,FiinPro / Vietcap IQ & Sở GDCK,https://visicons.vn,https://visicons.vn/quan-he-co-dong
VC7,Công ty Cổ phần Tập đoàn BGI,BGI Group,HNX,Công nghiệp,Xây dựng và Vật liệu,Xây dựng và Vật liệu,Xây dựng,2357,FiinPro / Vietcap IQ & Sở GDCK,https://bgi.vn,https://bgi.vn/quan-he-co-dong
VC9,Công ty Cổ phần Xây dựng số 9 - VC9,Xây dựng số 9,HNX,Công nghiệp,Xây dựng và Vật liệu,Xây dựng và Vật liệu,Xây dựng,2357,FiinPro / Vietcap IQ & Sở GDCK,https://vc9.vn,https://vc9.vn/quan-he-co-dong
VCC,Công ty Cổ phần Vinaconex 25,Vinaconex 25,HNX,Công nghiệp,Xây dựng và Vật liệu,Xây dựng và Vật liệu,Xây dựng,2357,FiinPro / Vietcap IQ & Sở GDCK,http://vinaconex25.com.vn,http://vinaconex25.com.vn/quan-he-co-dong
VCM,Công ty Cổ phần BV Life,BV Life,HNX,Công nghiệp,Hàng & Dịch vụ Công nghiệp,Công nghiệp nặng,Máy công nghiệp,2757,FiinPro / Vietcap IQ & Sở GDCK,https://bvlife.com.vn,https://bvlife.com.vn/quan-he-co-dong
VCS,Công ty Cổ phần VICOSTONE,VICOSTONE,HNX,Công nghiệp,Xây dựng và Vật liệu,Xây dựng và Vật liệu,Vật liệu xây dựng & Nội thất,2353,FiinPro / Vietcap IQ & Sở GDCK,https://vicostone.com,https://vicostone.com/vi-vn/investor-relations
VDL,Công ty Cổ phần Thực phẩm Lâm Đồng,Thực phẩm Lâm Đồng,HNX,Hàng Tiêu dùng,Thực phẩm và đồ uống,Bia và đồ uống,Vang & Rượu mạnh,3535,FiinPro / Vietcap IQ & Sở GDCK,https://ladofoods.vn,https://ladofoods.vn/quan-he-co-dong
VE1,Công ty Cổ phần Xây dựng điện VNECO 1,VNECO 1,HNX,Công nghiệp,Xây dựng và Vật liệu,Xây dựng và Vật liệu,Xây dựng,2357,FiinPro / Vietcap IQ & Sở GDCK,http://vneco1.com.vn,http://vneco1.com.vn/quan-he-co-dong
VE3,Công ty Cổ phần Xây dựng điện VNECO 3,Xây dựng điện VNECO 3,HNX,Công nghiệp,Xây dựng và Vật liệu,Xây dựng và Vật liệu,Xây dựng,2357,FiinPro / Vietcap IQ & Sở GDCK,http://vneco3.com.vn,http://vneco3.com.vn/quan-he-co-dong
VE4,Công ty Cổ phần Xây dựng điện VNECO4,Xây dựng điện VNECO4,HNX,Công nghiệp,Xây dựng và Vật liệu,Xây dựng và Vật liệu,Xây dựng,2357,FiinPro / Vietcap IQ & Sở GDCK,http://vneco4.com.vn,http://vneco4.com.vn/quan-he-co-dong
VFS,Công ty Cổ phần Chứng khoán Nhất Việt,Chứng khoán Nhất Việt,HNX,Tài chính,Dịch vụ tài chính,Dịch vụ tài chính,Môi giới chứng khoán,8777,FiinPro / Vietcap IQ & Sở GDCK,http://vfs.com.vn,http://vfs.com.vn/quan-he-co-dong
VGP,Công ty Cổ phần Cảng Rau Quả,Cảng Rau Quả,HNX,Công nghiệp,Hàng & Dịch vụ Công nghiệp,Vận tải,"Kho bãi, hậu cần và bảo dưỡng",2777,FiinPro / Vietcap IQ & Sở GDCK,https://vegeport.com.vn,https://vegeport.com.vn/quan-he-co-dong
VGS,Công ty Cổ phần Ống thép Việt - Đức VG PIPE,Ống thép Việt Đức,HNX,Nguyên vật liệu,Tài nguyên Cơ bản,Kim loại,Thép và sản phẩm thép,1757,FiinPro / Vietcap IQ & Sở GDCK,https://vietductube.com.vn,https://vietductube.com.vn/quan-he-co-dongNh
VHE,Công ty Cổ phần Dược liệu và Thực phẩm Việt Nam,Dược liệu và Thực phẩm VN,HNX,Dược phẩm và Y tế,Y tế,Dược phẩm,Dược phẩm,4577,FiinPro / Vietcap IQ & Sở GDCK,https://vinaherbfoods.com,https://vinaherbfoods.com/quan-he-co-dong
VHL,Công ty Cổ phần Viglacera Hạ Long,Viglacera Hạ Long,HNX,Công nghiệp,Xây dựng và Vật liệu,Xây dựng và Vật liệu,Vật liệu xây dựng & Nội thất,2353,FiinPro / Vietcap IQ & Sở GDCK,http://viglacerahalong.vn,http://viglacerahalong.vn/quan-he-co-dong
VIF,Tổng Công ty Lâm nghiệp Việt Nam - Công ty Cổ phần,Lâm nghiệp Việt Nam,HNX,Nguyên vật liệu,Tài nguyên Cơ bản,Lâm nghiệp và Giấy,Lâm sản và Chế biến gỗ,1733,FiinPro / Vietcap IQ & Sở GDCK,http://vinafor.com.vn,http://vinafor.com.vn/quan-he-co-dong
VIG,Công ty Cổ phần Chứng khoán Đầu tư Tài chính Việt Nam,Chứng khoán Đầu tư Tài chính Việt Nam,HNX,Tài chính,Dịch vụ tài chính,Dịch vụ tài chính,Môi giới chứng khoán,8777,FiinPro / Vietcap IQ & Sở GDCK,https://vifcs.com.vn,https://vifcs.com.vn/quan-he-co-dong
VIT,Công ty Cổ phần Viglacera Tiên Sơn,Viglacera Tiên Sơn,HNX,Công nghiệp,Xây dựng và Vật liệu,Xây dựng và Vật liệu,Vật liệu xây dựng & Nội thất,2353,FiinPro / Vietcap IQ & Sở GDCK,https://viglaceratienson.com,https://viglaceratienson.com/quan-he-co-dong
VLA,Công ty Cổ phần Đầu tư và Phát triển Công nghệ Văn Lang,PT Công nghệ Văn Lang,HNX,Công nghệ Thông tin,Công nghệ Thông tin,Phần mềm & Dịch vụ Máy tính,Phần mềm,9537,FiinPro / Vietcap IQ & Sở GDCK,http://vla.vn,http://vla.vn/quan-he-co-dong
VMC,Công ty Cổ phần VIMECO,VIMECO,HNX,Công nghiệp,Xây dựng và Vật liệu,Xây dựng và Vật liệu,Xây dựng,2357,FiinPro / Vietcap IQ & Sở GDCK,https://vimeco.com.vn,https://vimeco.com.vn/quan-he-co-dong
VMS,Công ty Cổ phần Phát triển Hàng Hải,Phát triển Hàng Hải,HNX,Công nghiệp,Hàng & Dịch vụ Công nghiệp,Vận tải,"Kho bãi, hậu cần và bảo dưỡng",2777,FiinPro / Vietcap IQ & Sở GDCK,http://vimadeco.com.vn,http://vimadeco.com.vn/quan-he-co-dong
VNC,Công ty Cổ phần Tập đoàn Vinacontrol,VINACONTROL,HNX,Công nghiệp,Hàng & Dịch vụ Công nghiệp,Tư vấn & Hỗ trợ Kinh doanh,Tư vấn & Hỗ trợ KD,2791,FiinPro / Vietcap IQ & Sở GDCK,https://vinacontrol.com.vn,https://vinacontrol.com.vn/quan-he-co-dong
VNF,Công ty Cổ phần Vinafreight,VINAFREIGHT,HNX,Công nghiệp,Hàng & Dịch vụ Công nghiệp,Vận tải,Dịch vụ vận tải,2779,FiinPro / Vietcap IQ & Sở GDCK,https://vinafreight.com,https://vinafreight.com/quan-he-co-dong
VNR,Tổng Công ty Cổ phần Tái bảo hiểm Quốc gia Việt Nam,Tái bảo hiểm Quốc gia,HNX,Tài chính,Bảo hiểm,Bảo hiểm phi nhân thọ,Tái bảo hiểm,8538,FiinPro / Vietcap IQ & Sở GDCK,https://vinare.com.vn,https://vinare.com.vn/quan-he-co-dong
VNT,Công ty Cổ phần Giao nhận Vận tải Ngoại Thương,Vận tải ngoại thương,HNX,Công nghiệp,Hàng & Dịch vụ Công nghiệp,Vận tải,Dịch vụ vận tải,2779,FiinPro / Vietcap IQ & Sở GDCK,http://vntlogistics.com,http://vntlogistics.com/quan-he-co-dong
VSA,Công ty Cổ phần Đại lý Hàng hải Việt Nam,Đại lý Hàng hải VN,HNX,Công nghiệp,Hàng & Dịch vụ Công nghiệp,Vận tải,Dịch vụ vận tải,2779,FiinPro / Vietcap IQ & Sở GDCK,https://vosa.com.vn,https://vosa.com.vn/quan-he-co-dong
VSM,Công ty Cổ phần Container Miền Trung,Container Miền Trung,HNX,Công nghiệp,Hàng & Dịch vụ Công nghiệp,Vận tải,"Kho bãi, hậu cần và bảo dưỡng",2777,FiinPro / Vietcap IQ & Sở GDCK,https://viconshipdanang.com,https://viconshipdanang.com/quan-he-co-dong
VTC,Công ty Cổ phần Viễn Thông VTC,Viễn thông VTC,HNX,Công nghệ Thông tin,Công nghệ Thông tin,Thiết bị và Phần cứng,Thiết bị viễn thông,9578,FiinPro / Vietcap IQ & Sở GDCK,http://vtctelecom.com.vn,http://vtctelecom.com.vn/quan-he-co-dong
VTH,Công ty Cổ phần Dây cáp điện Việt Thái,Dây cáp điện Việt Thái,HNX,Công nghiệp,Hàng & Dịch vụ Công nghiệp,Điện tử & Thiết bị điện,Hàng điện & điện tử,2733,FiinPro / Vietcap IQ & Sở GDCK,https://vietthaicable.vn,https://vietthaicable.vn/quan-he-co-dong
VTJ,Công ty Cổ phần Thương mại và Đầu tư VI NA TA BA,TM và Đầu tư VINATABA,HNX,Hàng Tiêu dùng,Hàng cá nhân & Gia dụng,Thuốc lá,Thuốc lá,3785,FiinPro / Vietcap IQ & Sở GDCK,https://vinainvest.com.vn,https://vinainvest.com.vn/quan-he-co-dong
VTV,Công ty Cổ phần Năng lượng và Môi trường VICEM,Năng lượng và Môi trường VICEM,HNX,Công nghiệp,Xây dựng và Vật liệu,Xây dựng và Vật liệu,Vật liệu xây dựng & Nội thất,2353,FiinPro / Vietcap IQ & Sở GDCK,http://vtvxm.vn,http://vtvxm.vn/quan-he-co-dong
VTZ,Công ty Cổ phần Sản xuất và Thương mại Nhựa Việt Thành,Nhựa Việt Thành,HNX,Nguyên vật liệu,Hóa chất,Hóa chất,"Nhựa, cao su & sợi",1353,FiinPro / Vietcap IQ & Sở GDCK,https://vithacoplastic.com,https://vithacoplastic.com/quan-he-co-dong
WCS,Công ty Cổ phần Bến xe Miền Tây,Bến xe Miền Tây,HNX,Công nghiệp,Hàng & Dịch vụ Công nghiệp,Vận tải,"Kho bãi, hậu cần và bảo dưỡng",2777,FiinPro / Vietcap IQ & Sở GDCK,https://bxmt.com.vn,https://bxmt.com.vn/quan-he-co-dong
WSS,Công ty Cổ phần Chứng khoán Phố Wall,Chứng khoán Phố Wall,HNX,Tài chính,Dịch vụ tài chính,Dịch vụ tài chính,Môi giới chứng khoán,8777,FiinPro / Vietcap IQ & Sở GDCK,https://wss.com.vn,https://wss.com.vn/quan-he-co-dong
X20,Công ty Cổ phần X20,May mặc X20,HNX,Hàng Tiêu dùng,Hàng cá nhân & Gia dụng,Hàng cá nhân,Hàng May mặc,3763,FiinPro / Vietcap IQ & Sở GDCK,https://gatexco20.com.vn,https://gatexco20.com.vn/quan-he-co-dong
A32,Công ty Cổ phần 32,Công ty 32,UPCOM,Hàng Tiêu dùng,Hàng cá nhân & Gia dụng,Hàng cá nhân,Giầy dép,3765,FiinPro / Vietcap IQ & Sở GDCK,http://32jsc.com,http://32jsc.com/quan-he-co-dong
AAH,Công ty Cổ phần Hợp Nhất,Than Hợp Nhất,UPCOM,Nguyên vật liệu,Tài nguyên Cơ bản,Khai khoáng,Khai thác Than,1771,FiinPro / Vietcap IQ & Sở GDCK,https://thanhopnhat.com/,https://thanhopnhat.com/quan-he-co-dong
AAS,Công ty Cổ phần Chứng khoán SmartInvest,Chứng khoán SmartInvest,UPCOM,Tài chính,Dịch vụ tài chính,Dịch vụ tài chính,Môi giới chứng khoán,8777,FiinPro / Vietcap IQ & Sở GDCK,https://smartinvest.vn,https://smartinvest.vn/quan-he-co-dong
AAV,Công ty Cổ phần AAV Group,AAV Group,UPCOM,Tài chính,Bất động sản,Bất động sản,Bất động sản,8633,FiinPro / Vietcap IQ & Sở GDCK,http://aavgroup.com.vn/,http://aavgroup.com.vn/quan-he-co-dong
ABB,Ngân hàng Thương mại Cổ phần An Bình,Ngân hàng An Bình,UPCOM,Ngân hàng,Ngân hàng,Ngân hàng,Ngân hàng,8355,FiinPro / Vietcap IQ & Sở GDCK,https://abbank.vn/,https://abbank.vn/quan-he-co-dong
ABC,Công ty Cổ phần Truyền thông VMG,Truyền thông VMG,UPCOM,Viễn thông,Viễn thông,Viễn thông di động,Viễn thông di động,6575,FiinPro / Vietcap IQ & Sở GDCK,https://vmgmedia.vn,https://vmgmedia.vn/quan-he-co-dong
ABI,Công ty Cổ phần Bảo hiểm Ngân hàng Nông Nghiệp,BH NH Nông Nghiệp,UPCOM,Tài chính,Bảo hiểm,Bảo hiểm phi nhân thọ,Bảo hiểm phi nhân thọ,8536,FiinPro / Vietcap IQ & Sở GDCK,https://abic.com.vn/,https://abic.com.vn/quan-he-co-dong
ABW,Công ty Cổ phần Chứng khoán An Bình,Chứng khoán An Bình,UPCOM,Tài chính,Dịch vụ tài chính,Dịch vụ tài chính,Môi giới chứng khoán,8777,FiinPro / Vietcap IQ & Sở GDCK,https://abs.vn,https://abs.vn/quan-he-co-dong
ACE,Công ty Cổ phần Bê tông ly tâm An Giang,Bê tông An Giang,UPCOM,Công nghiệp,Xây dựng và Vật liệu,Xây dựng và Vật liệu,Vật liệu xây dựng & Nội thất,2353,FiinPro / Vietcap IQ & Sở GDCK,http://aceco.com.vn/,http://aceco.com.vn/quan-he-co-dong
ACM,Công ty Cổ phần Tập đoàn Khoáng sản Á Cường,Tập đoàn Khoáng sản Á Cường,UPCOM,Nguyên vật liệu,Tài nguyên Cơ bản,Khai khoáng,Khai khoáng,1775,FiinPro / Vietcap IQ & Sở GDCK,https://acuonggroup.com/,https://acuonggroup.com/quan-he-co-dong
ACS,Công ty Cổ phần Xây lắp Thương mại 2,Xây lắp Thương mại 2,UPCOM,Công nghiệp,Xây dựng và Vật liệu,Xây dựng và Vật liệu,Xây dựng,2357,FiinPro / Vietcap IQ & Sở GDCK,http://www.acsc.com.vn,http://www.acsc.com.vn/quan-he-co-dong
ACV,Tổng Công ty Cảng Hàng không Việt Nam - CTCP,Cảng Hàng không VN,UPCOM,Công nghiệp,Hàng & Dịch vụ Công nghiệp,Vận tải,"Kho bãi, hậu cần và bảo dưỡng",2777,FiinPro / Vietcap IQ & Sở GDCK,https://acv.vn/,https://acv.vn/quan-he-co-dong
AG1,Công ty Cổ phần 28.1,28.1 JSC,UPCOM,Hàng Tiêu dùng,Hàng cá nhân & Gia dụng,Hàng cá nhân,Hàng May mặc,3763,FiinPro / Vietcap IQ & Sở GDCK,https://agtex281.com/,https://agtex281.com/quan-he-co-dong
AGF,Công ty Cổ phần Xuất nhập khẩu Thủy sản An Giang,Thủy sản An Giang,UPCOM,Hàng Tiêu dùng,Thực phẩm và đồ uống,Sản xuất thực phẩm,Nuôi trồng nông & hải sản,3573,FiinPro / Vietcap IQ & Sở GDCK,https://agifish.com.vn,https://agifish.com.vn/quan-he-co-dong
AGM,Công ty Cổ phần Xuất nhập khẩu An Giang,XNK An Giang,UPCOM,Hàng Tiêu dùng,Thực phẩm và đồ uống,Sản xuất thực phẩm,Thực phẩm,3577,FiinPro / Vietcap IQ & Sở GDCK,https://angimex.com.vn/,https://angimex.com.vn/quan-he-co-dong
AGP,Công ty Cổ phần Dược phẩm AGIMEXPHARM,Dược phẩm AGIMEXPHARM,UPCOM,Dược phẩm và Y tế,Y tế,Dược phẩm,Dược phẩm,4577,FiinPro / Vietcap IQ & Sở GDCK,https://agimexpharm.com,https://agimexpharm.com/quan-he-co-dong
AGX,Công ty Cổ phần Thực phẩm Nông sản Xuất khẩu Sài Gòn,Nông sản Xuất khẩu Sài Gòn,UPCOM,Dịch vụ Tiêu dùng,Bán lẻ,Phân phối thực phẩm & dược phẩm,Phân phối thực phẩm,5337,FiinPro / Vietcap IQ & Sở GDCK,http://agrexland.com,http://agrexland.com/quan-he-co-dong
AIC,Công ty Cổ phần Tập đoàn Bảo hiểm DBV,Bảo hiểm DBV,UPCOM,Tài chính,Bảo hiểm,Bảo hiểm phi nhân thọ,Bảo hiểm phi nhân thọ,8536,FiinPro / Vietcap IQ & Sở GDCK,https://dbvi.com.vn/,https://dbvi.com.vn/quan-he-co-dong
AIG,Công ty Cổ phần Nguyên liệu Á Châu AIG,Nguyên liệu Á Châu AIG,UPCOM,Hàng Tiêu dùng,Thực phẩm và đồ uống,Sản xuất thực phẩm,Thực phẩm,3577,FiinPro / Vietcap IQ & Sở GDCK,https://www.asiagroup-vn.com/,https://www.asiagroup-vn.com/quan-he-co-dong
ALC,Công ty Cổ phần Âu Lạc,Công ty Âu Lạc,UPCOM,Công nghiệp,Hàng & Dịch vụ Công nghiệp,Vận tải,Vận tải Thủy,2773,FiinPro / Vietcap IQ & Sở GDCK,http://www.aulac.com.vn,http://www.aulac.com.vn/quan-he-co-dong
ALV,Công ty Cổ phần Tập đoàn MCST,Tập đoàn MCST,UPCOM,Công nghiệp,Xây dựng và Vật liệu,Xây dựng và Vật liệu,Xây dựng,2357,FiinPro / Vietcap IQ & Sở GDCK,https://mcst.vn/,https://mcst.vn/quan-he-co-dong
AMP,Công ty Cổ phần Armephaco,Armephaco,UPCOM,Dược phẩm và Y tế,Y tế,Dược phẩm,Dược phẩm,4577,FiinPro / Vietcap IQ & Sở GDCK,http://www.armephaco.com.vn,http://www.armephaco.com.vn/quan-he-co-dong
AMS,Công ty Cổ phần Cơ khí Xây dựng AMECC,Xây dựng AMECC,UPCOM,Công nghiệp,Hàng & Dịch vụ Công nghiệp,Tư vấn & Hỗ trợ Kinh doanh,Nhà cung cấp thiết bị,2797,FiinPro / Vietcap IQ & Sở GDCK,http://www.amecc.com.vn,http://www.amecc.com.vn/quan-he-co-dong
ANI,Công ty Cổ phần ANI,Công ty Cổ phần ANI,UPCOM,Tiện ích Cộng đồng,"Điện, nước & xăng dầu khí đốt",Sản xuất & Phân phối Điện,Sản xuất & Phân phối Điện,7535,FiinPro / Vietcap IQ & Sở GDCK,https://www.ani.vn/,https://www.ani.vn/quan-he-co-dong
APC,Công ty Cổ phần Chiếu xạ An Phú,Chiếu xạ An Phú,UPCOM,Dược phẩm và Y tế,Y tế,Dược phẩm,Công nghệ sinh học,4573,FiinPro / Vietcap IQ & Sở GDCK,http://www.apic.com.vn,http://www.apic.com.vn/quan-he-co-dong
APF,Công ty Cổ phần Nông sản Thực phẩm Quảng Ngãi,Nông sản Quảng Ngãi,UPCOM,Hàng Tiêu dùng,Thực phẩm và đồ uống,Sản xuất thực phẩm,Thực phẩm,3577,FiinPro / Vietcap IQ & Sở GDCK,https://apfco.com.vn/,https://apfco.com.vn/quan-he-co-dong
APL,Công ty Cổ phần Cơ khí và Thiết bị áp lực - VVMI,Cơ khí và Thiết bị áp lực - VVMI,UPCOM,Công nghiệp,Hàng & Dịch vụ Công nghiệp,Công nghiệp nặng,Máy công nghiệp,2757,FiinPro / Vietcap IQ & Sở GDCK,https://apluco.vn,https://apluco.vn/quan-he-co-dong
APP,Công ty Cổ phần Phát triển Phụ gia và Sản phẩm dầu mỏ,Phụ gia và SP Dầu mỏ,UPCOM,Nguyên vật liệu,Hóa chất,Hóa chất,"Sản phẩm hóa dầu, Nông dược & Hóa chất khác",1357,FiinPro / Vietcap IQ & Sở GDCK,http://app.com.vn,http://app.com.vn/quan-he-co-dong
APT,Công ty Cổ phần Kinh doanh thủy hải sản Sài Gòn,Thủy hải sản Sài Gòn,UPCOM,Hàng Tiêu dùng,Thực phẩm và đồ uống,Sản xuất thực phẩm,Nuôi trồng nông & hải sản,3573,FiinPro / Vietcap IQ & Sở GDCK,https://apt.com.vn/vi/,https://apt.com.vn/vi/quan-he-co-dong
ART,Công ty Cổ phần Chứng khoán ARTEX,Chứng khoán ARTEX,UPCOM,Tài chính,Dịch vụ tài chính,Dịch vụ tài chính,Môi giới chứng khoán,8777,FiinPro / Vietcap IQ & Sở GDCK,https://bos.vn,https://bos.vn/quan-he-co-dong
ATA,Công ty Cổ phần NTACO,NTACO,UPCOM,Hàng Tiêu dùng,Thực phẩm và đồ uống,Sản xuất thực phẩm,Nuôi trồng nông & hải sản,3573,FiinPro / Vietcap IQ & Sở GDCK,http://www.ntacocorp.com.vn,http://www.ntacocorp.com.vn/quan-he-co-dong
ATG,Công ty Cổ phần ATG Planet,ATG Planet,UPCOM,Nguyên vật liệu,Tài nguyên Cơ bản,Khai khoáng,Khai khoáng,1775,FiinPro / Vietcap IQ & Sở GDCK,https://atajsc.vn/,https://atajsc.vn/quan-he-co-dong
AVC,Công ty Cổ phần Thủy điện A Vương,Thủy điện A Vương,UPCOM,Tiện ích Cộng đồng,"Điện, nước & xăng dầu khí đốt",Sản xuất & Phân phối Điện,Sản xuất & Phân phối Điện,7535,FiinPro / Vietcap IQ & Sở GDCK,http://avuong.com,http://avuong.com/quan-he-co-dong
AVG,Công ty Cổ phần Phân Bón Quốc Tế Âu Việt,Phân Bón Quốc Tế Âu Việt,UPCOM,Nguyên vật liệu,Hóa chất,Hóa chất,"Sản phẩm hóa dầu, Nông dược & Hóa chất khác",1357,FiinPro / Vietcap IQ & Sở GDCK,https://phanbonauviet.com.vn/,https://phanbonauviet.com.vn/quan-he-co-dong
BAL,Công ty Cổ phần Bao bì Bia - Rượu - Nước giải khát,Bao bì Balpac,UPCOM,Công nghiệp,Hàng & Dịch vụ Công nghiệp,Hàng công nghiệp,Containers & Đóng gói,2723,FiinPro / Vietcap IQ & Sở GDCK,https://www.balpac.com.vn,https://www.balpac.com.vn/quan-he-co-dong
BBH,Công ty Cổ phần Bao bì Hoàng Thạch,Bao bì Hoàng Thạch,UPCOM,Công nghiệp,Hàng & Dịch vụ Công nghiệp,Hàng công nghiệp,Containers & Đóng gói,2723,FiinPro / Vietcap IQ & Sở GDCK,https://www.baobihoangthach.vn/,https://www.baobihoangthach.vn/quan-he-co-dong
BBM,Công ty Cổ phần Bia Hà Nội - Nam Định,Bia Hà Nội - Nam Định,UPCOM,Hàng Tiêu dùng,Thực phẩm và đồ uống,Bia và đồ uống,Sản xuất bia,3533,FiinPro / Vietcap IQ & Sở GDCK,https://www.biahanoinamdinh.com/,https://www.biahanoinamdinh.com/quan-he-co-dong
BBT,Công ty Cổ phần Bông Bạch Tuyết,Bông Bạch Tuyết,UPCOM,Hàng Tiêu dùng,Hàng cá nhân & Gia dụng,Hàng cá nhân,Hàng cá nhân,3767,FiinPro / Vietcap IQ & Sở GDCK,https://bongbachtuyet.com.vn,https://bongbachtuyet.com.vn/quan-he-co-dong
BCA,Công ty cổ phần B.C.H,Công ty B.C.H,UPCOM,Nguyên vật liệu,Tài nguyên Cơ bản,Kim loại,Thép và sản phẩm thép,1757,FiinPro / Vietcap IQ & Sở GDCK,https://www.bch.com.vn/,https://www.bch.com.vn/quan-he-co-dong
BCB,Công ty Cổ phần 397,Công ty 397,UPCOM,Nguyên vật liệu,Tài nguyên Cơ bản,Khai khoáng,Khai thác Than,1771,FiinPro / Vietcap IQ & Sở GDCK,https://congtycophan397.com.vn,https://congtycophan397.com.vn/quan-he-co-dong
BCP,Công ty Cổ phần Dược Enlie,Dược Enlie,UPCOM,Dược phẩm và Y tế,Y tế,Dược phẩm,Dược phẩm,4577,FiinPro / Vietcap IQ & Sở GDCK,http://enlie.vn,http://enlie.vn/quan-he-co-dong
BCV,Công ty Cổ phần Du lịch và Thương mại Bằng Giang - Vimico,DL và TM Bằng Giang - Vimico,UPCOM,Dịch vụ Tiêu dùng,Du lịch và Giải trí,Du lịch & Giải trí,Khách sạn,5753,FiinPro / Vietcap IQ & Sở GDCK,http://ksbanggiangcaobang.com.vn,http://ksbanggiangcaobang.com.vn/quan-he-co-dong
BDG,Công ty Cổ phần May mặc Bình Dương,May mặc Bình Dương,UPCOM,Hàng Tiêu dùng,Hàng cá nhân & Gia dụng,Hàng cá nhân,Hàng May mặc,3763,FiinPro / Vietcap IQ & Sở GDCK,http://www.protradegarment.com,http://www.protradegarment.com/quan-he-co-dong
BDT,Công ty Cổ phần Xây lắp và Vật liệu xây dựng Đồng Tháp,VLXD Đồng Tháp,UPCOM,Công nghiệp,Xây dựng và Vật liệu,Xây dựng và Vật liệu,Vật liệu xây dựng & Nội thất,2353,FiinPro / Vietcap IQ & Sở GDCK,http://www.dongthapbmc.vn,http://www.dongthapbmc.vn/quan-he-co-dong
BDW,Công ty Cổ phần Cấp thoát nước Bình Định,Cấp thoát nước Bình Định,UPCOM,Tiện ích Cộng đồng,"Điện, nước & xăng dầu khí đốt",Nước & Khí đốt,Nước,7577,FiinPro / Vietcap IQ & Sở GDCK,https://binhdinhwaco.com.vn/,https://binhdinhwaco.com.vn/quan-he-co-dong
BEL,Công ty Cổ phần Điện tử Biên Hòa,Điện tử Biên Hoà,UPCOM,Hàng Tiêu dùng,Hàng cá nhân & Gia dụng,Hàng hóa giải trí,Điện tử tiêu dùng,3743,FiinPro / Vietcap IQ & Sở GDCK,http://www.belco.vn,http://www.belco.vn/quan-he-co-dong
BGE,Công ty Cổ phần BCG Energy,BCG Energy,UPCOM,Tiện ích Cộng đồng,"Điện, nước & xăng dầu khí đốt",Sản xuất & Phân phối Điện,Sản xuất & Phân phối Điện,7535,FiinPro / Vietcap IQ & Sở GDCK,https://www.bcgenergy.com.vn/,https://www.bcgenergy.com.vn/quan-he-co-dong
BGW,Công ty Cổ phần Nước sạch Bắc Giang,Nước sạch Bắc Giang,UPCOM,Tiện ích Cộng đồng,"Điện, nước & xăng dầu khí đốt",Nước & Khí đốt,Nước,7577,FiinPro / Vietcap IQ & Sở GDCK,https://bacgiangwsc.com.vn,https://bacgiangwsc.com.vn/quan-he-co-dong
BHA,Công ty Cổ phần Thủy điện Bắc Hà,Thủy điện Bắc Hà,UPCOM,Tiện ích Cộng đồng,"Điện, nước & xăng dầu khí đốt",Sản xuất & Phân phối Điện,Sản xuất & Phân phối Điện,7535,FiinPro / Vietcap IQ & Sở GDCK,https://thuydienbacha.vn/,https://thuydienbacha.vn/quan-he-co-dong
BHC,Công ty Cổ phần Bê tông Biên Hòa,Bê tông Biên Hòa,UPCOM,Công nghiệp,Xây dựng và Vật liệu,Xây dựng và Vật liệu,Vật liệu xây dựng & Nội thất,2353,FiinPro / Vietcap IQ & Sở GDCK,https://bienhoabcc.vn,https://bienhoabcc.vn/quan-he-co-dong
BHG,Công ty Cổ phần Chè Biển Hồ,Chè Biển Hồ,UPCOM,Hàng Tiêu dùng,Thực phẩm và đồ uống,Bia và đồ uống,Đồ uống & giải khát,3537,FiinPro / Vietcap IQ & Sở GDCK,https://bienhoteagialai.com.vn/,https://bienhoteagialai.com.vn/quan-he-co-dong
BHH,Công ty Cổ Phần Bia Hà Nội - Hưng Yên 89,Habeco Trading 89,UPCOM,Hàng Tiêu dùng,Thực phẩm và đồ uống,Bia và đồ uống,Sản xuất bia,3533,FiinPro / Vietcap IQ & Sở GDCK,https://habecotrading89.com.vn/,https://habecotrading89.com.vn/quan-he-co-dong
BHI,Tổng Công ty Cổ phần Bảo hiểm Sài Gòn - Hà Nội,Bảo hiểm Sài Gòn - Hà Nội,UPCOM,Tài chính,Bảo hiểm,Bảo hiểm phi nhân thọ,Bảo hiểm phi nhân thọ,8536,FiinPro / Vietcap IQ & Sở GDCK,https://bshc.com.vn/,https://bshc.com.vn/quan-he-co-dong
BHK,Công ty Cổ phần Bia Hà Nội - Kim Bài,Bia Hà Nội - Kim Bài,UPCOM,Hàng Tiêu dùng,Thực phẩm và đồ uống,Bia và đồ uống,Sản xuất bia,3533,FiinPro / Vietcap IQ & Sở GDCK,https://www.hkbeco.vn,https://www.hkbeco.vn/quan-he-co-dong
BHP,Công ty Cổ phần Bia Hà Nội - Hải Phòng,Bia Hà Nội - Hải Phòng,UPCOM,Hàng Tiêu dùng,Thực phẩm và đồ uống,Bia và đồ uống,Sản xuất bia,3533,FiinPro / Vietcap IQ & Sở GDCK,https://habecohnp.com.vn,https://habecohnp.com.vn/quan-he-co-dong
BIG,Công ty Cổ phần Tập đoàn Đầu tư BIG,Tập đoàn Đầu tư BIG,UPCOM,Hàng Tiêu dùng,Thực phẩm và đồ uống,Sản xuất thực phẩm,Nuôi trồng nông & hải sản,3573,FiinPro / Vietcap IQ & Sở GDCK,https://biginvestgroup.vn/,https://biginvestgroup.vn/quan-he-co-dong
BIO,Công ty Cổ phần Vắc xin và Sinh phẩm Nha Trang,Vắc xin và Sinh phẩm Nha Trang,UPCOM,Dược phẩm và Y tế,Y tế,Dược phẩm,Dược phẩm,4577,FiinPro / Vietcap IQ & Sở GDCK,https://biopharco2.com.vn,https://biopharco2.com.vn/quan-he-co-dong
BLF,Công ty Cổ phần Thủy sản Bạc Liêu,Thủy sản Bạc Liêu,UPCOM,Hàng Tiêu dùng,Thực phẩm và đồ uống,Sản xuất thực phẩm,Nuôi trồng nông & hải sản,3573,FiinPro / Vietcap IQ & Sở GDCK,http://www.baclieu-vegetables.vn,http://www.baclieu-vegetables.vn/quan-he-co-dong
BLI,Tổng Công ty Cổ phần Bảo hiểm Bảo Long,Bảo hiểm Bảo Long,UPCOM,Tài chính,Bảo hiểm,Bảo hiểm phi nhân thọ,Bảo hiểm phi nhân thọ,8536,FiinPro / Vietcap IQ & Sở GDCK,https://baolonginsurance.com.vn/,https://baolonginsurance.com.vn/quan-he-co-dong
BLN,Công ty Cổ phần Vận tải và Dịch vụ Liên Ninh,Xe buýt Liên Ninh,UPCOM,Dịch vụ Tiêu dùng,Du lịch và Giải trí,Du lịch & Giải trí,Vận tải hành khách & Du lịch,5759,FiinPro / Vietcap IQ & Sở GDCK,https://lienninh.com.vn/,https://lienninh.com.vn/quan-he-co-dong
BLT,Công ty Cổ phần Lương thực Bình Định,Lương Thực Bình Định,UPCOM,Hàng Tiêu dùng,Thực phẩm và đồ uống,Sản xuất thực phẩm,Thực phẩm,3577,FiinPro / Vietcap IQ & Sở GDCK,http://bidifood.vn/,http://bidifood.vn/quan-he-co-dong
BMD,Công ty Cổ phần Môi trường và Dịch vụ Đô thị Bình Thuận,Môi trường và DV Đô thị Bình Thuận,UPCOM,Công nghiệp,Hàng & Dịch vụ Công nghiệp,Tư vấn & Hỗ trợ Kinh doanh,Chất thải & Môi trường,2799,FiinPro / Vietcap IQ & Sở GDCK,https://moitruongdothibinhthuan.vn/,https://moitruongdothibinhthuan.vn/quan-he-co-dong
BMF,Công ty Cổ phần Vật liệu Xây dựng và Chất đốt Đồng Nai,VLXD và Chất đốt Đồng Nai,UPCOM,Tiện ích Cộng đồng,"Điện, nước & xăng dầu khí đốt",Nước & Khí đốt,Phân phối xăng dầu & khí đốt,7573,FiinPro / Vietcap IQ & Sở GDCK,http://chatdotdongnai.com,http://chatdotdongnai.com/quan-he-co-dong
BMG,Công ty Cổ phần May Bình Minh,May Bình Minh,UPCOM,Hàng Tiêu dùng,Hàng cá nhân & Gia dụng,Hàng cá nhân,Hàng May mặc,3763,FiinPro / Vietcap IQ & Sở GDCK,http://www.bmig.com.vn,http://www.bmig.com.vn/quan-he-co-dong
BMJ,Công ty Cổ phần Khoáng sản Miền Đông AHP,Khoáng sản Miền Đông AHP,UPCOM,Nguyên vật liệu,Tài nguyên Cơ bản,Khai khoáng,Khai khoáng,1775,FiinPro / Vietcap IQ & Sở GDCK,http://becamexbmj.com.vn,http://becamexbmj.com.vn/quan-he-co-dong
BMK,Công ty Cổ Phần Kỹ thuật Nhiệt Mèo Đen,Black Cat,UPCOM,Công nghiệp,Xây dựng và Vật liệu,Xây dựng và Vật liệu,Vật liệu xây dựng & Nội thất,2353,FiinPro / Vietcap IQ & Sở GDCK,https://blackcatjsc.com.vn/,https://blackcatjsc.com.vn/quan-he-co-dong
BMS,Công ty Cổ phần Chứng khoán Bảo Minh,Chứng khoán Bảo Minh,UPCOM,Tài chính,Dịch vụ tài chính,Dịch vụ tài chính,Môi giới chứng khoán,8777,FiinPro / Vietcap IQ & Sở GDCK,https://www.bmsc.com.vn,https://www.bmsc.com.vn/quan-he-co-dong
BMV,Công ty Cổ phần Bột mỳ Vinafood 1,Bột mỳ Vinafood 1,UPCOM,Hàng Tiêu dùng,Thực phẩm và đồ uống,Sản xuất thực phẩm,Thực phẩm,3577,FiinPro / Vietcap IQ & Sở GDCK,http://www.vnf1flour.com.vn,http://www.vnf1flour.com.vn/quan-he-co-dong
BNW,Công ty Cổ phần Nước sạch Bắc Ninh,Nước sạch Bắc Ninh,UPCOM,Tiện ích Cộng đồng,"Điện, nước & xăng dầu khí đốt",Nước & Khí đốt,Nước,7577,FiinPro / Vietcap IQ & Sở GDCK,https://nuocsachbacninh.vn/,https://nuocsachbacninh.vn/quan-he-co-dong
BOT,Công ty Cổ phần BOT Cầu Thái Hà,BOT Cầu Thái Hà,UPCOM,Công nghiệp,Xây dựng và Vật liệu,Xây dựng và Vật liệu,Xây dựng,2357,FiinPro / Vietcap IQ & Sở GDCK,http://botcauthaiha.com.vn,http://botcauthaiha.com.vn/quan-he-co-dong
BQB,Công ty Cổ phần Bia Hà Nội - Quảng Bình,Bia Hà Nội - Quảng Bình,UPCOM,Hàng Tiêu dùng,Thực phẩm và đồ uống,Bia và đồ uống,Sản xuất bia,3533,FiinPro / Vietcap IQ & Sở GDCK,https://biaquangbinh.com/,https://biaquangbinh.com/quan-he-co-dong
BQP,Công ty Cổ phần Nhựa chất lượng cao Bình Thuận,Nhựa Chất Lượng Cao Bình Thuận,UPCOM,Nguyên vật liệu,Hóa chất,Hóa chất,"Nhựa, cao su & sợi",1353,FiinPro / Vietcap IQ & Sở GDCK,https://bqp.com.vn/,https://bqp.com.vn/quan-he-co-dong
BRR,Công ty Cổ phần Cao su Bà Rịa,Cao su Bà Rịa,UPCOM,Nguyên vật liệu,Hóa chất,Hóa chất,"Nhựa, cao su & sợi",1353,FiinPro / Vietcap IQ & Sở GDCK,http://baruco.com.vn/,http://baruco.com.vn/quan-he-co-dong
BRS,Công ty Cổ phần Dịch vụ Đô thị Bà Rịa,Dịch vụ Đô thị Bà Rịa,UPCOM,Công nghiệp,Hàng & Dịch vụ Công nghiệp,Tư vấn & Hỗ trợ Kinh doanh,Chất thải & Môi trường,2799,FiinPro / Vietcap IQ & Sở GDCK,http://dothibaria.com,http://dothibaria.com/quan-he-co-dong
BSA,Công ty Cổ phần Thủy điện Buôn Đôn,Thủy điện Buôn Đôn,UPCOM,Tiện ích Cộng đồng,"Điện, nước & xăng dầu khí đốt",Sản xuất & Phân phối Điện,Sản xuất & Phân phối Điện,7535,FiinPro / Vietcap IQ & Sở GDCK,http://thuydienbuondon.vn/,http://thuydienbuondon.vn/quan-he-co-dong
BSD,"Công ty Cổ phần Bia, Rượu Sài Gòn - Đồng Xuân","Bia, rượu Sài Gòn - Đồng Xuân",UPCOM,Hàng Tiêu dùng,Thực phẩm và đồ uống,Bia và đồ uống,Sản xuất bia,3533,FiinPro / Vietcap IQ & Sở GDCK,http://www.saigondongxuan.com.vn,http://www.saigondongxuan.com.vn/quan-he-co-dong
BSG,Công ty Cổ phần Xe khách Sài Gòn,Xe khách Sài Gòn,UPCOM,Dịch vụ Tiêu dùng,Du lịch và Giải trí,Du lịch & Giải trí,Vận tải hành khách & Du lịch,5759,FiinPro / Vietcap IQ & Sở GDCK,https://saigonbus.com.vn/,https://saigonbus.com.vn/quan-he-co-dong
BSH,Công ty Cổ phần Bia Sài Gòn - Hà Nội,Bia Sài Gòn - Hà Nội,UPCOM,Hàng Tiêu dùng,Thực phẩm và đồ uống,Bia và đồ uống,Sản xuất bia,3533,FiinPro / Vietcap IQ & Sở GDCK,http://www.sabecohanoi.com.vn,http://www.sabecohanoi.com.vn/quan-he-co-dong
BSL,Công ty Cổ phần Bia Sài Gòn - Sông Lam,Bia Sài Gòn - Sông Lam,UPCOM,Hàng Tiêu dùng,Thực phẩm và đồ uống,Bia và đồ uống,Sản xuất bia,3533,FiinPro / Vietcap IQ & Sở GDCK,http://sasobeco.com.vn,http://sasobeco.com.vn/quan-he-co-dong
BSP,Công ty Cổ phần Bia Sài Gòn - Phú Thọ,Bia Sài Gòn - Phú Thọ,UPCOM,Hàng Tiêu dùng,Thực phẩm và đồ uống,Bia và đồ uống,Sản xuất bia,3533,FiinPro / Vietcap IQ & Sở GDCK,http://www.saigonphutho.com.vn,http://www.saigonphutho.com.vn/quan-he-co-dong
BSQ,Công ty Cổ phần Bia Sài Gòn - Quảng Ngãi,Bia Sài Gòn - Quảng Ngãi,UPCOM,Hàng Tiêu dùng,Thực phẩm và đồ uống,Bia và đồ uống,Sản xuất bia,3533,FiinPro / Vietcap IQ & Sở GDCK,https://sabecoquangngai.com.vn/,https://sabecoquangngai.com.vn/quan-he-co-dong
BT1,Công ty Cổ phần Bảo vệ thực vật 1 Trung ương,Bảo vệ thực vật 1 TW,UPCOM,Nguyên vật liệu,Hóa chất,Hóa chất,"Sản phẩm hóa dầu, Nông dược & Hóa chất khác",1357,FiinPro / Vietcap IQ & Sở GDCK,http://www.psc1.com,http://www.psc1.com/quan-he-co-dong
BT6,Công ty Cổ phần BETON 6,Bê tông 6,UPCOM,Công nghiệp,Xây dựng và Vật liệu,Xây dựng và Vật liệu,Vật liệu xây dựng & Nội thất,2353,FiinPro / Vietcap IQ & Sở GDCK,http://www.beton6.com,http://www.beton6.com/quan-he-co-dong
BTB,Công ty Cổ phần Bia Hà Nội - Thái Bình,Bia Hà Nội - Thái Bình,UPCOM,Hàng Tiêu dùng,Thực phẩm và đồ uống,Bia và đồ uống,Sản xuất bia,3533,FiinPro / Vietcap IQ & Sở GDCK,http://tbbeco.com.vn,http://tbbeco.com.vn/quan-he-co-dong
BTD,Công ty Cổ phần Bê tông ly tâm Thủ Đức,Bê tông ly tâm Thủ Đức,UPCOM,Công nghiệp,Xây dựng và Vật liệu,Xây dựng và Vật liệu,Vật liệu xây dựng & Nội thất,2353,FiinPro / Vietcap IQ & Sở GDCK,http://www.betongthuduc.com,http://www.betongthuduc.com/quan-he-co-dong
BTG,Công ty Cổ phần Bao bì Tiền Giang,Bao bì Tiền Giang,UPCOM,Công nghiệp,Hàng & Dịch vụ Công nghiệp,Hàng công nghiệp,Containers & Đóng gói,2723,FiinPro / Vietcap IQ & Sở GDCK,https://tigipack.com.vn,https://tigipack.com.vn/quan-he-co-dong
BTH,Công ty Cổ phần Chế tạo Biến thế và Vật liệu Điện Hà Nội,Biến thế và Vật liệu Điện Hà Nội,UPCOM,Công nghiệp,Hàng & Dịch vụ Công nghiệp,Điện tử & Thiết bị điện,Thiết bị điện,2737,FiinPro / Vietcap IQ & Sở GDCK,https://ctbt.com.vn/,https://ctbt.com.vn/quan-he-co-dong
BTN,Công ty Cổ phần Đầu tư Bitco Bình Định,Gạch Tuy Nen Bình Định,UPCOM,Công nghiệp,Xây dựng và Vật liệu,Xây dựng và Vật liệu,Vật liệu xây dựng & Nội thất,2353,FiinPro / Vietcap IQ & Sở GDCK,https://www.bitcobinhdinh.com/,https://www.bitcobinhdinh.com/quan-he-co-dong
BTU,Công ty Cổ phần Công trình Đô thị Bến Tre,Công trình Đô thị Bến Tre,UPCOM,Công nghiệp,Hàng & Dịch vụ Công nghiệp,Tư vấn & Hỗ trợ Kinh doanh,Chất thải & Môi trường,2799,FiinPro / Vietcap IQ & Sở GDCK,http://congtrinhdothibentre.vn,http://congtrinhdothibentre.vn/quan-he-co-dong
BTV,Công ty Cổ phần Dịch vụ Du lịch Bến Thành,DV Du lịch Bến Thành,UPCOM,Dịch vụ Tiêu dùng,Du lịch và Giải trí,Du lịch & Giải trí,Vận tải hành khách & Du lịch,5759,FiinPro / Vietcap IQ & Sở GDCK,https://benthanhtourist.com,https://benthanhtourist.com/quan-he-co-dong
BVG,Công ty Cổ phần Group Bắc Việt,Group Bắc Việt,UPCOM,Nguyên vật liệu,Tài nguyên Cơ bản,Kim loại,Thép và sản phẩm thép,1757,FiinPro / Vietcap IQ & Sở GDCK,https://www.bacvietgroup.com,https://www.bacvietgroup.com/quan-he-co-dong
BVL,Công ty Cổ phần BV Land,BV Land,UPCOM,Tài chính,Bất động sản,Bất động sản,"Tư Vấn, Định giá, Môi giới Bất động sản",8637,FiinPro / Vietcap IQ & Sở GDCK,https://bvland.vn/,https://bvland.vn/quan-he-co-dong
BVN,Công ty Cổ phần Bông Việt Nam,Bông Việt Nam,UPCOM,Hàng Tiêu dùng,Hàng cá nhân & Gia dụng,Hàng cá nhân,Hàng cá nhân,3767,FiinPro / Vietcap IQ & Sở GDCK,https://bongvietnam.com.vn,https://bongvietnam.com.vn/quan-he-co-dong
BWA,Công ty Cổ phần Cấp thoát nước và Xây dựng Bảo Lộc,Cấp thoát nước và Xây dựng Bảo Lộc,UPCOM,Tiện ích Cộng đồng,"Điện, nước & xăng dầu khí đốt",Nước & Khí đốt,Nước,7577,FiinPro / Vietcap IQ & Sở GDCK,https://capnuocbaoloc.com/,https://capnuocbaoloc.com/quan-he-co-dong
BWS,Công ty Cổ phần Cấp Nước Bà Rịa - Vũng Tàu,Cấp Nước Bà Rịa Vũng Tàu,UPCOM,Tiện ích Cộng đồng,"Điện, nước & xăng dầu khí đốt",Nước & Khí đốt,Nước,7577,FiinPro / Vietcap IQ & Sở GDCK,https://www.bwaco.com.vn,https://www.bwaco.com.vn/quan-he-co-dong
C21,Công ty Cổ phần Thế kỷ 21,Thế kỷ 21,UPCOM,Tài chính,Bất động sản,Bất động sản,Bất động sản,8633,FiinPro / Vietcap IQ & Sở GDCK,https://c21.com.vn,https://c21.com.vn/quan-he-co-dong
C22,Công ty Cổ phần 22,Công ty 22,UPCOM,Hàng Tiêu dùng,Thực phẩm và đồ uống,Sản xuất thực phẩm,Thực phẩm,3577,FiinPro / Vietcap IQ & Sở GDCK,http://congty22.net.vn,http://congty22.net.vn/quan-he-co-dong
C4G,Công ty Cổ phần Tập Đoàn Cienco4,Tập Đoàn Cienco4,UPCOM,Công nghiệp,Xây dựng và Vật liệu,Xây dựng và Vật liệu,Xây dựng,2357,FiinPro / Vietcap IQ & Sở GDCK,https://cienco4.vn/,https://cienco4.vn/quan-he-co-dong
C92,Công ty Cổ phần Xây dựng và Đầu tư 492,Xây dựng và Đầu tư 492,UPCOM,Công nghiệp,Xây dựng và Vật liệu,Xây dựng và Vật liệu,Xây dựng,2357,FiinPro / Vietcap IQ & Sở GDCK,http://c92.com.vn,http://c92.com.vn/quan-he-co-dong
CAD,Công ty Cổ phần Chế biến và Xuất khẩu Thủy sản Cadovimex,Thủy sản Cadovimex,UPCOM,Hàng Tiêu dùng,Thực phẩm và đồ uống,Sản xuất thực phẩm,Nuôi trồng nông & hải sản,3573,FiinPro / Vietcap IQ & Sở GDCK,http://www.cadovimex.com/vn/,http://www.cadovimex.com/vn/quan-he-co-dong
CAF,Công ty Cổ phần Xuất nhập khẩu Nông Sản Thực Phẩm Cà Mau,Xuất nhập khẩu Nông Sản Thực Phẩm Cà Mau,UPCOM,Hàng Tiêu dùng,Thực phẩm và đồ uống,Sản xuất thực phẩm,Nuôi trồng nông & hải sản,3573,FiinPro / Vietcap IQ & Sở GDCK,,https://finance.vietstock.vn/CAF/ho-so-doanh-nghiep.htm
CAT,Công ty Cổ phần Thủy sản Cà Mau,Thủy sản Cà Mau,UPCOM,Hàng Tiêu dùng,Thực phẩm và đồ uống,Sản xuất thực phẩm,Nuôi trồng nông & hải sản,3573,FiinPro / Vietcap IQ & Sở GDCK,http://seaprimexco.com,http://seaprimexco.com/quan-he-co-dong
CBI,Công ty Cổ phần Gang thép Cao Bằng,Gang thép Cao Bằng,UPCOM,Nguyên vật liệu,Tài nguyên Cơ bản,Kim loại,Thép và sản phẩm thép,1757,FiinPro / Vietcap IQ & Sở GDCK,https://gtcb.com.vn/,https://gtcb.com.vn/quan-he-co-dong
CBS,Công ty Cổ phần Mía đường Cao Bằng,Mía đường Cao Bằng,UPCOM,Hàng Tiêu dùng,Thực phẩm và đồ uống,Sản xuất thực phẩm,Thực phẩm,3577,FiinPro / Vietcap IQ & Sở GDCK,https://miaduongcaobang.vn/,https://miaduongcaobang.vn/quan-he-co-dong
CBV,Công ty Cổ phần CTCBIO Việt Nam,CTCBIO Việt Nam,UPCOM,Dược phẩm và Y tế,Y tế,Thiết bị và Dịch vụ Y tế,Chăm sóc y tế,4533,FiinPro / Vietcap IQ & Sở GDCK,https://ctcbio.com.vn/,https://ctcbio.com.vn/quan-he-co-dong
CC1,Tổng Công ty Xây dựng số 1 - CTCP,TCT Xây dựng số 1,UPCOM,Công nghiệp,Xây dựng và Vật liệu,Xây dựng và Vật liệu,Xây dựng,2357,FiinPro / Vietcap IQ & Sở GDCK,https://www.cc1.vn,https://www.cc1.vn/quan-he-co-dong
CCA,Công ty Cổ phần Xuất nhập khẩu Thủy sản Cần Thơ,XNK Thuỷ sản Cần Thơ,UPCOM,Hàng Tiêu dùng,Thực phẩm và đồ uống,Sản xuất thực phẩm,Nuôi trồng nông & hải sản,3573,FiinPro / Vietcap IQ & Sở GDCK,http://www.caseamex.com,http://www.caseamex.com/quan-he-co-dong
CCD,Công ty Cổ phần Xây dựng và Bảo trì cầu đường,XD và Bảo trì cầu đường,UPCOM,Công nghiệp,Xây dựng và Vật liệu,Xây dựng và Vật liệu,Xây dựng,2357,FiinPro / Vietcap IQ & Sở GDCK,,https://finance.vietstock.vn/CCD/ho-so-doanh-nghiep.htm
CCM,Công ty Cổ phần Khoáng sản và Xi măng Cần Thơ,Xi măng Cần Thơ,UPCOM,Công nghiệp,Xây dựng và Vật liệu,Xây dựng và Vật liệu,Vật liệu xây dựng & Nội thất,2353,FiinPro / Vietcap IQ & Sở GDCK,http://ximangcantho.vn,http://ximangcantho.vn/quan-he-co-dong
CCP,Công ty Cổ phần Cảng Cửa Cấm Hải Phòng,Cảng Cửa Cấm,UPCOM,Công nghiệp,Hàng & Dịch vụ Công nghiệp,Vận tải,"Kho bãi, hậu cần và bảo dưỡng",2777,FiinPro / Vietcap IQ & Sở GDCK,http://www.cuacamport.com.vn,http://www.cuacamport.com.vn/quan-he-co-dong
CCS,Công ty Cổ phần Chíp Sáng,Chíp Sáng,UPCOM,Tài chính,Bất động sản,Bất động sản,Bất động sản,8633,FiinPro / Vietcap IQ & Sở GDCK,http://chipsang.vn/,http://chipsang.vn/quan-he-co-dong
CCT,Công ty Cổ phần Cảng Cần Thơ,Cảng Cần Thơ,UPCOM,Công nghiệp,Hàng & Dịch vụ Công nghiệp,Vận tải,"Kho bãi, hậu cần và bảo dưỡng",2777,FiinPro / Vietcap IQ & Sở GDCK,http://www.canthoport.com.vn,http://www.canthoport.com.vn/quan-he-co-dong
CCV,Công ty Cổ phần Tư vấn Xây dựng Công nghiệp và Đô thị Việt Nam,XD CN và đô thị Việt Nam,UPCOM,Công nghiệp,Xây dựng và Vật liệu,Xây dựng và Vật liệu,Xây dựng,2357,FiinPro / Vietcap IQ & Sở GDCK,http://www.vcc.com.vn,http://www.vcc.com.vn/quan-he-co-dong
CDG,Công ty Cổ phần Cầu Đuống,VLXD Cầu Đuống,UPCOM,Công nghiệp,Xây dựng và Vật liệu,Xây dựng và Vật liệu,Vật liệu xây dựng & Nội thất,2353,FiinPro / Vietcap IQ & Sở GDCK,https://gachngoicauduong.com/,https://gachngoicauduong.com/quan-he-co-dong
CDO,Công ty Cổ phần Tư vấn Thiết kế và Phát triển Đô thị,Tư vấn Thiết kế và PT Đô thị,UPCOM,Công nghiệp,Xây dựng và Vật liệu,Xây dựng và Vật liệu,Xây dựng,2357,FiinPro / Vietcap IQ & Sở GDCK,http://cddc.vn/,http://cddc.vn/quan-he-co-dong
CDP,Công ty Cổ phần Dược phẩm Trung ương Codupha,Dược phẩm TW Codupha,UPCOM,Dược phẩm và Y tế,Y tế,Dược phẩm,Dược phẩm,4577,FiinPro / Vietcap IQ & Sở GDCK,http://www.codupha.com.vn,http://www.codupha.com.vn/quan-he-co-dong
CDR,Công ty Cổ phần Xây dựng Cao su Đồng Nai,Xây dựng Cao su Đồng Nai,UPCOM,Công nghiệp,Xây dựng và Vật liệu,Xây dựng và Vật liệu,Xây dựng,2357,FiinPro / Vietcap IQ & Sở GDCK,http://dorucon.com.vn,http://dorucon.com.vn/quan-he-co-dong
CEN,Công ty Cổ phần CENCON Việt Nam,CENCON Việt Nam,UPCOM,Dịch vụ Tiêu dùng,Bán lẻ,Bán lẻ,Bán lẻ phức hợp,5373,FiinPro / Vietcap IQ & Sở GDCK,http://cencon.vn,http://cencon.vn/quan-he-co-dong
CFM,Công ty Cổ phần CFM Private Equity,CFM Private Equity,UPCOM,Công nghiệp,Hàng & Dịch vụ Công nghiệp,Tư vấn & Hỗ trợ Kinh doanh,Đào tạo & Việc làm,2793,FiinPro / Vietcap IQ & Sở GDCK,https://www.cfminvestment.com,https://www.cfminvestment.com/quan-he-co-dong
CFV,Công ty Cổ phần Cà phê Thắng Lợi,Cà phê Thắng Lợi,UPCOM,Hàng Tiêu dùng,Thực phẩm và đồ uống,Bia và đồ uống,Đồ uống & giải khát,3537,FiinPro / Vietcap IQ & Sở GDCK,http://thangloicoffee.com.vn,http://thangloicoffee.com.vn/quan-he-co-dong
CGV,Công ty Cổ phần Vinaceglass,Vinaceglass JSC,UPCOM,Công nghiệp,Xây dựng và Vật liệu,Xây dựng và Vật liệu,Vật liệu xây dựng & Nội thất,2353,FiinPro / Vietcap IQ & Sở GDCK,http://www.vinaceglass.com.vn/,http://www.vinaceglass.com.vn/quan-he-co-dong
CH5,Công ty Cổ phần Xây dựng số 5 Hà Nội,Xây dựng số 5 Hà Nội,UPCOM,Công nghiệp,Xây dựng và Vật liệu,Xây dựng và Vật liệu,Xây dựng,2357,FiinPro / Vietcap IQ & Sở GDCK,http://www.ch5.vn,http://www.ch5.vn/quan-he-co-dong
CHC,Công ty Cổ phần Cẩm Hà,Nội thất Cẩm Hà,UPCOM,Công nghiệp,Xây dựng và Vật liệu,Xây dựng và Vật liệu,Vật liệu xây dựng & Nội thất,2353,FiinPro / Vietcap IQ & Sở GDCK,http://www.camhafurniture.com,http://www.camhafurniture.com/quan-he-co-dong
CHS,Công ty Cổ phần Chiếu sáng Công cộng Thành phố Hồ Chí Minh,Chiếu sáng TPHCM,UPCOM,Tiện ích Cộng đồng,"Điện, nước & xăng dầu khí đốt",Nước & Khí đốt,Tiện ích khác,7575,FiinPro / Vietcap IQ & Sở GDCK,http://www.chieusang.com,http://www.chieusang.com/quan-he-co-dong
CI5,Công ty Cổ phần Đầu tư Xây dựng số 5,Đầu tư Xây dựng số 5,UPCOM,Công nghiệp,Xây dựng và Vật liệu,Xây dựng và Vật liệu,Xây dựng,2357,FiinPro / Vietcap IQ & Sở GDCK,https://cic5.com.vn,https://cic5.com.vn/quan-he-co-dong
CID,Công ty Cổ phần Xây dựng và Phát triển Cơ sở Hạ tầng,Xây dựng và Phát triển Cơ sở Hạ tầng,UPCOM,Công nghiệp,Xây dựng và Vật liệu,Xây dựng và Vật liệu,Xây dựng,2357,FiinPro / Vietcap IQ & Sở GDCK,https://www.cinde.com.vn,https://www.cinde.com.vn/quan-he-co-dong
CIP,Công ty Cổ phần Xây lắp và Sản xuất Công nghiệp,XL và SX công nghiệp,UPCOM,Công nghiệp,Xây dựng và Vật liệu,Xây dựng và Vật liệu,Xây dựng,2357,FiinPro / Vietcap IQ & Sở GDCK,http://cipc.vn,http://cipc.vn/quan-he-co-dong
CK8,Công ty Cổ phần Cơ khí 120,Cơ khí 120,UPCOM,Tài chính,Bất động sản,Bất động sản,Bất động sản,8633,FiinPro / Vietcap IQ & Sở GDCK,https://cokhi120.com/,https://cokhi120.com/quan-he-co-dong
CKA,Công ty Cổ phần Cơ khí An Giang,Cơ khí An Giang,UPCOM,Công nghiệp,Hàng & Dịch vụ Công nghiệp,Công nghiệp nặng,Máy công nghiệp,2757,FiinPro / Vietcap IQ & Sở GDCK,http://www.cokhiangiang.com,http://www.cokhiangiang.com/quan-he-co-dong
CKD,Công ty Cổ phần Cơ khí Đông Anh Licogi,Đông Anh Licogi,UPCOM,Công nghiệp,Hàng & Dịch vụ Công nghiệp,Công nghiệp nặng,Máy công nghiệp,2757,FiinPro / Vietcap IQ & Sở GDCK,https://ckda.vn/,https://ckda.vn/quan-he-co-dong
CLI,Công ty Cổ phần Tập đoàn CNCTech,Tập đoàn CNCTech,UPCOM,Nguyên vật liệu,Tài nguyên Cơ bản,Kim loại,Kim Loại màu,1755,FiinPro / Vietcap IQ & Sở GDCK,https://cnctech.com.vn/,https://cnctech.com.vn/quan-he-co-dong
CLX,Công ty Cổ phần Xuất nhập khẩu và Đầu tư Chợ Lớn (CHOLIMEX),XNK và ĐT Chợ Lớn (CHOLIMEX),UPCOM,Hàng Tiêu dùng,Thực phẩm và đồ uống,Sản xuất thực phẩm,Thực phẩm,3577,FiinPro / Vietcap IQ & Sở GDCK,http://www.cholimex.com.vn/,http://www.cholimex.com.vn/quan-he-co-dong
CMD,Công ty Cổ phần Vật liệu xây dựng và Trang trí nội thất TP. Hồ Chí Minh,VLXD và Nội thất TP.HCM,UPCOM,Công nghiệp,Xây dựng và Vật liệu,Xây dựng và Vật liệu,Vật liệu xây dựng & Nội thất,2353,FiinPro / Vietcap IQ & Sở GDCK,http://www.cmid.com.vn,http://www.cmid.com.vn/quan-he-co-dong
CMF,Công ty Cổ phần Thực phẩm Cholimex,Thực phẩm Cholimex,UPCOM,Hàng Tiêu dùng,Thực phẩm và đồ uống,Sản xuất thực phẩm,Thực phẩm,3577,FiinPro / Vietcap IQ & Sở GDCK,https://cholimexfood.com.vn,https://cholimexfood.com.vn/quan-he-co-dong
CMI,Công ty Cổ phần CMISTONE Việt Nam,CMISTONE Việt Nam,UPCOM,Công nghiệp,Xây dựng và Vật liệu,Xây dựng và Vật liệu,Vật liệu xây dựng & Nội thất,2353,FiinPro / Vietcap IQ & Sở GDCK,https://www.cmistone.com.vn/,https://www.cmistone.com.vn/quan-he-co-dong
CMK,Công ty Cổ phần Cơ khí Mạo Khê - Vinacomin,Cơ khí Mạo Khê - Vinacomin,UPCOM,Công nghiệp,Hàng & Dịch vụ Công nghiệp,Công nghiệp nặng,Máy công nghiệp,2757,FiinPro / Vietcap IQ & Sở GDCK,http://cokhimaokhe.com.vn,http://cokhimaokhe.com.vn/quan-he-co-dong
CMM,Công ty Cổ phần Camimex,Camimex,UPCOM,Hàng Tiêu dùng,Thực phẩm và đồ uống,Sản xuất thực phẩm,Thực phẩm,3577,FiinPro / Vietcap IQ & Sở GDCK,https://cmmseafood.com.vn/,https://cmmseafood.com.vn/quan-he-co-dong
CMN,Công ty Cổ phần Lương thực Thực phẩm Colusa - Miliket,Colusa -  Miliket,UPCOM,Hàng Tiêu dùng,Thực phẩm và đồ uống,Sản xuất thực phẩm,Thực phẩm,3577,FiinPro / Vietcap IQ & Sở GDCK,http://www.comifood.com,http://www.comifood.com/quan-he-co-dong
CMP,Công ty Cổ phần Cảng Chân Mây,Cảng Chân Mây,UPCOM,Công nghiệp,Hàng & Dịch vụ Công nghiệp,Vận tải,"Kho bãi, hậu cần và bảo dưỡng",2777,FiinPro / Vietcap IQ & Sở GDCK,https://chanmayport.com.vn,https://chanmayport.com.vn/quan-he-co-dong
CMT,Công ty Cổ phần Công nghệ mạng và Truyền thông,CN mạng và Truyền thông,UPCOM,Công nghệ Thông tin,Công nghệ Thông tin,Phần mềm & Dịch vụ Máy tính,Phần mềm,9537,FiinPro / Vietcap IQ & Sở GDCK,https://www.infonet.com.vn,https://www.infonet.com.vn/quan-he-co-dong
CMW,Công ty Cổ phần Cấp nước Cà Mau,Cấp nước Cà Mau,UPCOM,Tiện ích Cộng đồng,"Điện, nước & xăng dầu khí đốt",Nước & Khí đốt,Nước,7577,FiinPro / Vietcap IQ & Sở GDCK,https://ctncamau.com.vn/,https://ctncamau.com.vn/quan-he-co-dong
CNA,Công ty Cổ phần Tổng công ty Chè Nghệ An,Tổng công ty Chè Nghệ An - CTCP,UPCOM,Hàng Tiêu dùng,Thực phẩm và đồ uống,Sản xuất thực phẩm,Nuôi trồng nông & hải sản,3573,FiinPro / Vietcap IQ & Sở GDCK,http://ngheantea.com.vn/,http://ngheantea.com.vn/quan-he-co-dong
CNC,Công ty Cổ phần Công nghệ cao Traphaco,Công nghệ cao Traphaco,UPCOM,Dược phẩm và Y tế,Y tế,Dược phẩm,Dược phẩm,4577,FiinPro / Vietcap IQ & Sở GDCK,https://www.traphacocnc.com,https://www.traphacocnc.com/quan-he-co-dong
CNN,"Công ty Cổ phần Tư vấn Công nghệ, Thiết bị và Kiểm định Xây dựng - CONINCO",Xây dựng Coninco,UPCOM,Công nghiệp,Xây dựng và Vật liệu,Xây dựng và Vật liệu,Xây dựng,2357,FiinPro / Vietcap IQ & Sở GDCK,https://www.coninco.com.vn,https://www.coninco.com.vn/quan-he-co-dong
CNT,Công ty Cổ phần Tập đoàn CNT,Tập đoàn CNT,UPCOM,Tài chính,Bất động sản,Bất động sản,Bất động sản,8633,FiinPro / Vietcap IQ & Sở GDCK,https://cnt.com.vn/,https://cnt.com.vn/quan-he-co-dong
CPA,Công ty Cổ phần Cà phê Phước An,Cà phê Phước An,UPCOM,Hàng Tiêu dùng,Thực phẩm và đồ uống,Bia và đồ uống,Đồ uống & giải khát,3537,FiinPro / Vietcap IQ & Sở GDCK,http://www.phuocancoffee.com.vn,http://www.phuocancoffee.com.vn/quan-he-co-dong
CPH,Công ty Cổ phần Phục vụ Mai táng Hải Phòng,PV mai táng Hải Phòng,UPCOM,Dịch vụ Tiêu dùng,Bán lẻ,Bán lẻ,Dịch vụ tiêu dùng chuyên ngành,5377,FiinPro / Vietcap IQ & Sở GDCK,http://maihoatanghaiphong.vn,http://maihoatanghaiphong.vn/quan-he-co-dong
CPI,Công ty Cổ phần Đầu tư Cảng Cái Lân,Đầu tư Cảng Cái Lân,UPCOM,Công nghiệp,Hàng & Dịch vụ Công nghiệp,Vận tải,"Kho bãi, hậu cần và bảo dưỡng",2777,FiinPro / Vietcap IQ & Sở GDCK,http://www.cailanportinvest.com.vn,http://www.cailanportinvest.com.vn/quan-he-co-dong
CQN,Công ty Cổ phần Cảng Quảng Ninh,Cảng Quảng Ninh,UPCOM,Công nghiệp,Hàng & Dịch vụ Công nghiệp,Vận tải,"Kho bãi, hậu cần và bảo dưỡng",2777,FiinPro / Vietcap IQ & Sở GDCK,https://quangninhport.com.vn/,https://quangninhport.com.vn/quan-he-co-dong
CQT,Công ty Cổ phần Xi măng Quán Triều VVMI,Xi măng Quán Triều VVMI,UPCOM,Công nghiệp,Xây dựng và Vật liệu,Xây dựng và Vật liệu,Vật liệu xây dựng & Nội thất,2353,FiinPro / Vietcap IQ & Sở GDCK,http://ximangquantrieu.com,http://ximangquantrieu.com/quan-he-co-dong
CSI,Công ty Cổ phần Chứng khoán Kirin,Chứng khoán Kirin,UPCOM,Tài chính,Dịch vụ tài chính,Dịch vụ tài chính,Môi giới chứng khoán,8777,FiinPro / Vietcap IQ & Sở GDCK,https://kirins.vn/,https://kirins.vn/quan-he-co-dong
CT3,Công ty Cổ phần Đầu tư và Xây dựng công trình 3,Xây dựng công trình 3,UPCOM,Công nghiệp,Xây dựng và Vật liệu,Xây dựng và Vật liệu,Xây dựng,2357,FiinPro / Vietcap IQ & Sở GDCK,http://www.ct3.com.vn,http://www.ct3.com.vn/quan-he-co-dong
CT6,Công ty Cổ phần Công trình 6,Công trình 6,UPCOM,Công nghiệp,Xây dựng và Vật liệu,Xây dựng và Vật liệu,Xây dựng,2357,FiinPro / Vietcap IQ & Sở GDCK,http://www.ctcpct6.com.vn,http://www.ctcpct6.com.vn/quan-he-co-dong
CTC,Công ty Cổ phần Tập đoàn Hoàng Kim Tây Nguyên,Tập đoàn Hoàng Kim Tây Nguyên,UPCOM,Dịch vụ Tiêu dùng,Du lịch và Giải trí,Du lịch & Giải trí,Vận tải hành khách & Du lịch,5759,FiinPro / Vietcap IQ & Sở GDCK,https://gialaitourist.com.vn/,https://gialaitourist.com.vn/quan-he-co-dong
CTW,Công ty Cổ phần Cấp thoát nước Cần Thơ,Cấp thoát nước Cần Thơ,UPCOM,Tiện ích Cộng đồng,"Điện, nước & xăng dầu khí đốt",Nước & Khí đốt,Nước,7577,FiinPro / Vietcap IQ & Sở GDCK,https://ctn-cantho.com.vn,https://ctn-cantho.com.vn/quan-he-co-dong
CTX,Tổng Công ty Cổ phần Đầu tư Xây dựng và Thương mại Việt Nam,CONSTREXIM,UPCOM,Công nghiệp,Xây dựng và Vật liệu,Xây dựng và Vật liệu,Xây dựng,2357,FiinPro / Vietcap IQ & Sở GDCK,http://ctx.vn,http://ctx.vn/quan-he-co-dong
CVN,Công ty Cổ phần Vinam,Vinam Group,UPCOM,Dược phẩm và Y tế,Y tế,Thiết bị và Dịch vụ Y tế,Thiết bị y tế,4535,FiinPro / Vietcap IQ & Sở GDCK,http://vinamgroup.com.vn/,http://vinamgroup.com.vn/quan-he-co-dong
DAC,Công ty Cổ phần 382 Đông Anh,CTCP 382 Đông Anh,UPCOM,Công nghiệp,Xây dựng và Vật liệu,Xây dựng và Vật liệu,Vật liệu xây dựng & Nội thất,2353,FiinPro / Vietcap IQ & Sở GDCK,http://www.382donganh.com/,http://www.382donganh.com/quan-he-co-dong
DAG,Công ty Cổ phần Tập đoàn Nhựa Đông Á,TĐ Nhựa Đông Á,UPCOM,Nguyên vật liệu,Hóa chất,Hóa chất,"Nhựa, cao su & sợi",1353,FiinPro / Vietcap IQ & Sở GDCK,https://www.dag.com.vn,https://www.dag.com.vn/quan-he-co-dong
DAS,Công ty Cổ phần Máy - Thiết bị Dầu khí Đà Nẵng,Thiết bị Dầu khí Đà Nẵng,UPCOM,Hàng Tiêu dùng,Ô tô và phụ tùng,Ô tô và phụ tùng,Sản xuất ô tô,3353,FiinPro / Vietcap IQ & Sở GDCK,https://daesco.vn/,https://daesco.vn/quan-he-co-dong
DBM,Công ty Cổ phần Dược - Vật tư Y tế Đắk Lắk,BAMEPHARM,UPCOM,Dược phẩm và Y tế,Y tế,Dược phẩm,Dược phẩm,4577,FiinPro / Vietcap IQ & Sở GDCK,https://bamepharm.com.vn,https://bamepharm.com.vn/quan-he-co-dong
DC1,Công ty Cổ phần Đầu tư Phát triển Xây dựng số 1,Phát triển Xây dựng số 1 (DIC1),UPCOM,Công nghiệp,Xây dựng và Vật liệu,Xây dựng và Vật liệu,Xây dựng,2357,FiinPro / Vietcap IQ & Sở GDCK,http://www.dic1.vn,http://www.dic1.vn/quan-he-co-dong
DCF,Công ty Cổ phần Xây dựng và Thiết kế số 1,XD và Thiết kế số 1,UPCOM,Công nghiệp,Xây dựng và Vật liệu,Xây dựng và Vật liệu,Xây dựng,2357,FiinPro / Vietcap IQ & Sở GDCK,http://www.decofi.vn,http://www.decofi.vn/quan-he-co-dong
DCG,Công ty Cổ phần Tổng Công ty May Đáp Cầu,May Đáp Cầu,UPCOM,Hàng Tiêu dùng,Hàng cá nhân & Gia dụng,Hàng cá nhân,Hàng May mặc,3763,FiinPro / Vietcap IQ & Sở GDCK,https://dagarcobn.com/,https://dagarcobn.com/quan-he-co-dong
DCH,Công ty Cổ phần Địa chính Hà Nội,Địa chính Hà Nội,UPCOM,Tài chính,Bất động sản,Bất động sản,"Tư Vấn, Định giá, Môi giới Bất động sản",8637,FiinPro / Vietcap IQ & Sở GDCK,http://hcsc.com.vn,http://hcsc.com.vn/quan-he-co-dong
DCR,Công ty Cổ phần Gạch men COSEVCO,Gạch men COSEVCO,UPCOM,Công nghiệp,Xây dựng và Vật liệu,Xây dựng và Vật liệu,Vật liệu xây dựng & Nội thất,2353,FiinPro / Vietcap IQ & Sở GDCK,http://dacera.com.vn,http://dacera.com.vn/quan-he-co-dong
DCS,Công ty Cổ phần Tập đoàn EDX,Tập đoàn EDX,UPCOM,Hàng Tiêu dùng,Hàng cá nhân & Gia dụng,Hàng gia dụng,Thiết bị gia dụng,3726,FiinPro / Vietcap IQ & Sở GDCK,https://daichau.edx.vn/,https://daichau.edx.vn/quan-he-co-dong
DCT,Công ty Cổ phần Tấm lợp Vật liệu Xây dựng Đồng Nai,Tấm lợp VLXD Đồng Nai,UPCOM,Công nghiệp,Xây dựng và Vật liệu,Xây dựng và Vật liệu,Vật liệu xây dựng & Nội thất,2353,FiinPro / Vietcap IQ & Sở GDCK,http://donac.net,http://donac.net/quan-he-co-dong
DCV,Công ty Cổ phần Quản Lý Quỹ đầu tư Dragon Capital Việt Nam,Quản Lý Quỹ Dragon Capital Việt Nam,UPCOM,Tài chính,Dịch vụ tài chính,Dịch vụ tài chính,Quản lý tài sản,8771,FiinPro / Vietcap IQ & Sở GDCK,https://dragoncapital.com.vn/,https://dragoncapital.com.vn/quan-he-co-dong
DDB,Công ty Cổ Phần Thương Mại Và Xây Dựng Đông Dương,TM & XD Đông Dương,UPCOM,Công nghiệp,Xây dựng và Vật liệu,Xây dựng và Vật liệu,Vật liệu xây dựng & Nội thất,2353,FiinPro / Vietcap IQ & Sở GDCK,https://dongduongwood.com/,https://dongduongwood.com/quan-he-co-dong
DDG,Công ty Cổ phần Đầu tư Công nghiệp Xuất nhập khẩu Đông Dương,Đầu tư CN XNK Đông Dương,UPCOM,Tiện ích Cộng đồng,"Điện, nước & xăng dầu khí đốt",Nước & Khí đốt,Phân phối xăng dầu & khí đốt,7573,FiinPro / Vietcap IQ & Sở GDCK,https://dongduongcorp.com.vn/vi/,https://dongduongcorp.com.vn/vi/quan-he-co-dong
DDH,Công ty Cổ phần Đảm bảo giao thông đường thủy Hải Phòng,Đảm bảo GTĐT Hải Phòng,UPCOM,Công nghiệp,Hàng & Dịch vụ Công nghiệp,Vận tải,"Kho bãi, hậu cần và bảo dưỡng",2777,FiinPro / Vietcap IQ & Sở GDCK,http://gtdthp.com.vn,http://gtdthp.com.vn/quan-he-co-dong
DDM,Công ty Cổ phần Hàng hải Đông Đô,Hàng hải Đông Đô,UPCOM,Công nghiệp,Hàng & Dịch vụ Công nghiệp,Vận tải,Vận tải Thủy,2773,FiinPro / Vietcap IQ & Sở GDCK,https://dongdomarine.com.vn/,https://dongdomarine.com.vn/quan-he-co-dong
DDN,Công ty Cổ phần Dược - Thiết bị y tế Đà Nẵng,Dược - TB Y tế Đà Nẵng,UPCOM,Dược phẩm và Y tế,Y tế,Dược phẩm,Dược phẩm,4577,FiinPro / Vietcap IQ & Sở GDCK,https://dapharco.com.vn,https://dapharco.com.vn/quan-he-co-dong
DDV,Công ty Cổ phần DAP - Vinachem,DAP - Vinachem,UPCOM,Nguyên vật liệu,Hóa chất,Hóa chất,"Sản phẩm hóa dầu, Nông dược & Hóa chất khác",1357,FiinPro / Vietcap IQ & Sở GDCK,http://www.dap-vinachem.com.vn,http://www.dap-vinachem.com.vn/quan-he-co-dong
DFC,Công ty Cổ phần Xích líp Đông Anh,Xích líp Đông Anh,UPCOM,Nguyên vật liệu,Tài nguyên Cơ bản,Kim loại,Thép và sản phẩm thép,1757,FiinPro / Vietcap IQ & Sở GDCK,http://xichlipda.vn,http://xichlipda.vn/quan-he-co-dong
DFF,Công ty Cổ phần Tập đoàn Đua Fat,Tập đoàn Đua Fat,UPCOM,Công nghiệp,Xây dựng và Vật liệu,Xây dựng và Vật liệu,Xây dựng,2357,FiinPro / Vietcap IQ & Sở GDCK,https://duafat.com.vn/,https://duafat.com.vn/quan-he-co-dong
DGT,Công ty Cổ phần Công trình Giao thông Đồng Nai,Công trình GT Đồng Nai,UPCOM,Công nghiệp,Xây dựng và Vật liệu,Xây dựng và Vật liệu,Vật liệu xây dựng & Nội thất,2353,FiinPro / Vietcap IQ & Sở GDCK,https://dgtc.vn,https://dgtc.vn/quan-he-co-dong
DHB,Công ty Cổ phần Phân đạm và Hóa chất Hà Bắc,Đạm Hà Bắc,UPCOM,Nguyên vật liệu,Hóa chất,Hóa chất,"Sản phẩm hóa dầu, Nông dược & Hóa chất khác",1357,FiinPro / Vietcap IQ & Sở GDCK,https://damhabac.com.vn,https://damhabac.com.vn/quan-he-co-dong
DHD,Công ty Cổ phần Dược Vật Tư Y Tế Hải Dương,Dược Vật Tư Y Tế Hải Dương,UPCOM,Dược phẩm và Y tế,Y tế,Dược phẩm,Dược phẩm,4577,FiinPro / Vietcap IQ & Sở GDCK,https://hdpharma.vn,https://hdpharma.vn/quan-he-co-dong
DHN,Công ty Cổ phần Dược phẩm Hà Nội,Dược Hà Nội,UPCOM,Dược phẩm và Y tế,Y tế,Dược phẩm,Dược phẩm,4577,FiinPro / Vietcap IQ & Sở GDCK,http://www.hanoipharma.com,http://www.hanoipharma.com/quan-he-co-dong
DHQ,Công ty Cổ phần Duyên hải Quảng Ninh,Duyên hải Quảng Ninh,UPCOM,Dịch vụ Tiêu dùng,Du lịch và Giải trí,Du lịch & Giải trí,Khách sạn,5753,FiinPro / Vietcap IQ & Sở GDCK,,https://finance.vietstock.vn/DHQ/ho-so-doanh-nghiep.htm
DIC,Công ty Cổ phần Đầu tư và Thương mại DIC,ĐT và TM DIC,UPCOM,Công nghiệp,Xây dựng và Vật liệu,Xây dựng và Vật liệu,Vật liệu xây dựng & Nội thất,2353,FiinPro / Vietcap IQ & Sở GDCK,http://www.dic-intraco.vn,http://www.dic-intraco.vn/quan-he-co-dong
DID,Công ty Cổ phần DIC - Đồng Tiến,DIC - Đồng Tiến,UPCOM,Công nghiệp,Xây dựng và Vật liệu,Xây dựng và Vật liệu,Vật liệu xây dựng & Nội thất,2353,FiinPro / Vietcap IQ & Sở GDCK,http://dicdongtien.vn/,http://dicdongtien.vn/quan-he-co-dong
DKC,Công ty Cổ phần Chợ Lạng Sơn,Chợ Lạng Sơn,UPCOM,Dịch vụ Tiêu dùng,Bán lẻ,Bán lẻ,Bán lẻ phức hợp,5373,FiinPro / Vietcap IQ & Sở GDCK,https://chodongkinh.com.vn/index.php?language=vi&amp;nv=about,https://chodongkinh.com.vn/index.php?language=vi&amp;nv=about/quan-he-co-dong
DKG,Công ty Cổ Phần Tập đoàn DamiK,Tập đoàn DamiK,UPCOM,Công nghiệp,Xây dựng và Vật liệu,Xây dựng và Vật liệu,Vật liệu xây dựng & Nội thất,2353,FiinPro / Vietcap IQ & Sở GDCK,https://damik.com/,https://damik.com/quan-he-co-dong
DLD,Công ty Cổ phần Du lịch Đắk Lắk,Du lịch Đắk Lắk,UPCOM,Dịch vụ Tiêu dùng,Du lịch và Giải trí,Du lịch & Giải trí,Khách sạn,5753,FiinPro / Vietcap IQ & Sở GDCK,https://daklaktourist.com.vn,https://daklaktourist.com.vn/quan-he-co-dong
DLR,Công ty Cổ phần Địa ốc Đà Lạt,Địa ốc Đà Lạt,UPCOM,Công nghiệp,Xây dựng và Vật liệu,Xây dựng và Vật liệu,Xây dựng,2357,FiinPro / Vietcap IQ & Sở GDCK,http://www.dalatreal.com.vn,http://www.dalatreal.com.vn/quan-he-co-dong
DLT,Công ty Cổ phần Du lịch và Thương mại - Vinacomin,Du lịch và TM - Vinacomin,UPCOM,Dịch vụ Tiêu dùng,Du lịch và Giải trí,Du lịch & Giải trí,Vận tải hành khách & Du lịch,5759,FiinPro / Vietcap IQ & Sở GDCK,https://vttctravel.vn,https://vttctravel.vn/quan-he-co-dong
DM7,Công ty Cổ phần Dệt may 7,Dệt may 7,UPCOM,Hàng Tiêu dùng,Hàng cá nhân & Gia dụng,Hàng cá nhân,Hàng May mặc,3763,FiinPro / Vietcap IQ & Sở GDCK,https://detmay7.com.vn/,https://detmay7.com.vn/quan-he-co-dong
DMH,Công ty Cổ phần Dược Minh Hải,Dược Minh Hải,UPCOM,Dược phẩm và Y tế,Y tế,Dược phẩm,Dược phẩm,4577,FiinPro / Vietcap IQ & Sở GDCK,http://www.mipharmco.com.vn,http://www.mipharmco.com.vn/quan-he-co-dong
DMN,Công ty Cổ phần Domenal,Domenal,UPCOM,Hàng Tiêu dùng,Thực phẩm và đồ uống,Sản xuất thực phẩm,Nuôi trồng nông & hải sản,3573,FiinPro / Vietcap IQ & Sở GDCK,http://domenal.com.vn,http://domenal.com.vn/quan-he-co-dong
DNA,Công ty Cổ phần Điện nước An Giang,Điện nước An Giang,UPCOM,Tiện ích Cộng đồng,"Điện, nước & xăng dầu khí đốt",Nước & Khí đốt,Nước,7577,FiinPro / Vietcap IQ & Sở GDCK,http://diennuocag.com.vn,http://diennuocag.com.vn/quan-he-co-dong
DND,Công ty Cổ phần Đầu tư Xây dựng và Vật liệu Đồng Nai,XD và Vật liệu Đồng Nai,UPCOM,Công nghiệp,Xây dựng và Vật liệu,Xây dựng và Vật liệu,Vật liệu xây dựng & Nội thất,2353,FiinPro / Vietcap IQ & Sở GDCK,http://vatlieudongnai.vn,http://vatlieudongnai.vn/quan-he-co-dong
DNE,Công ty Cổ phần Môi trường Đô thị Đà Nẵng,Môi trường Đô thị Đà Nẵng,UPCOM,Công nghiệp,Hàng & Dịch vụ Công nghiệp,Tư vấn & Hỗ trợ Kinh doanh,Chất thải & Môi trường,2799,FiinPro / Vietcap IQ & Sở GDCK,http://www.moitruongdothidanang.com.vn,http://www.moitruongdothidanang.com.vn/quan-he-co-dong
DNH,Công ty Cổ phần Thủy điện Đa Nhim - Hàm Thuận - Đa Mi,Thủy điện Đa Nhim-Hàm Thuận-Đa Mi,UPCOM,Tiện ích Cộng đồng,"Điện, nước & xăng dầu khí đốt",Sản xuất & Phân phối Điện,Sản xuất & Phân phối Điện,7535,FiinPro / Vietcap IQ & Sở GDCK,https://www.dhd.com.vn/,https://www.dhd.com.vn/quan-he-co-dong
DNL,Công ty Cổ phần Logistics Cảng Đà Nẵng,Logistics Cảng Đà Nẵng,UPCOM,Công nghiệp,Hàng & Dịch vụ Công nghiệp,Vận tải,"Kho bãi, hậu cần và bảo dưỡng",2777,FiinPro / Vietcap IQ & Sở GDCK,https://www.danalog.com.vn,https://www.danalog.com.vn/quan-he-co-dong
DNM,Tổng Công ty Cổ phần Y tế Danameco,Y tế Danameco,UPCOM,Dược phẩm và Y tế,Y tế,Thiết bị và Dịch vụ Y tế,Dụng cụ y tế,4537,FiinPro / Vietcap IQ & Sở GDCK,http://danameco.com,http://danameco.com/quan-he-co-dong
DNN,Công ty Cổ phần Cấp nước Đà Nẵng,Cấp nước Đà Nẵng,UPCOM,Tiện ích Cộng đồng,"Điện, nước & xăng dầu khí đốt",Nước & Khí đốt,Nước,7577,FiinPro / Vietcap IQ & Sở GDCK,https://dawaco.com.vn,https://dawaco.com.vn/quan-he-co-dong
DNT,Công ty Cổ phần Du lịch Đồng Nai,Du lịch Đồng Nai,UPCOM,Dịch vụ Tiêu dùng,Du lịch và Giải trí,Du lịch & Giải trí,Dịch vụ giải trí,5755,FiinPro / Vietcap IQ & Sở GDCK,https://www.dulichdongnai.com.vn/,https://www.dulichdongnai.com.vn/quan-he-co-dong
DNW,Công ty Cổ phần Cấp nước Đồng Nai,Cấp nước Đồng Nai,UPCOM,Tiện ích Cộng đồng,"Điện, nước & xăng dầu khí đốt",Nước & Khí đốt,Nước,7577,FiinPro / Vietcap IQ & Sở GDCK,https://dowaco.vn/,https://dowaco.vn/quan-he-co-dong
DO3,Công ty Cổ phần Xây dựng và Kinh doanh Địa ốc III,Kinh doanh Địa ốc 3,UPCOM,Tài chính,Bất động sản,Bất động sản,Bất động sản,8633,FiinPro / Vietcap IQ & Sở GDCK,,https://finance.vietstock.vn/DO3/ho-so-doanh-nghiep.htm
DOC,Công ty Cổ phần Vật tư nông nghiệp Đồng Nai,Vật tư nông nghiệp Đồng Nai,UPCOM,Nguyên vật liệu,Hóa chất,Hóa chất,"Sản phẩm hóa dầu, Nông dược & Hóa chất khác",1357,FiinPro / Vietcap IQ & Sở GDCK,http://docam.vn/,http://docam.vn/quan-he-co-dong
DOP,Công ty Cổ phần Vận tải Xăng dầu Đồng Tháp,Vận tải XD Đồng Tháp,UPCOM,Công nghiệp,Hàng & Dịch vụ Công nghiệp,Vận tải,Dịch vụ vận tải,2779,FiinPro / Vietcap IQ & Sở GDCK,http://dopetco.com.vn,http://dopetco.com.vn/quan-he-co-dong
DP1,Công ty Cổ phần Dược phẩm Trung ương CPC1,Dược phẩm Trung ương CPC1,UPCOM,Dược phẩm và Y tế,Y tế,Dược phẩm,Dược phẩm,4577,FiinPro / Vietcap IQ & Sở GDCK,https://cpc1.com.vn,https://cpc1.com.vn/quan-he-co-dong
DP2,Công ty Cổ phần Dược phẩm Trung ương 2,Dược phẩm TW 2,UPCOM,Dược phẩm và Y tế,Y tế,Dược phẩm,Dược phẩm,4577,FiinPro / Vietcap IQ & Sở GDCK,https://dopharma.vn,https://dopharma.vn/quan-he-co-dong
DPC,Công ty Cổ phần Nhựa Đà Nẵng,Nhựa Đà Nẵng,UPCOM,Công nghiệp,Hàng & Dịch vụ Công nghiệp,Hàng công nghiệp,Containers & Đóng gói,2723,FiinPro / Vietcap IQ & Sở GDCK,http://www.danaplast.vn,http://www.danaplast.vn/quan-he-co-dong
DPH,Công ty Cổ phần Dược phẩm Hải Phòng,Dược phẩm Hải Phòng,UPCOM,Dược phẩm và Y tế,Y tế,Dược phẩm,Dược phẩm,4577,FiinPro / Vietcap IQ & Sở GDCK,https://haipharco.vn/,https://haipharco.vn/quan-he-co-dong
DPP,Công ty Cổ phần Dược Đồng Nai,Dược Đồng Nai,UPCOM,Dược phẩm và Y tế,Y tế,Dược phẩm,Dược phẩm,4577,FiinPro / Vietcap IQ & Sở GDCK,http://donaipharm.com.vn,http://donaipharm.com.vn/quan-he-co-dong
DRG,Công ty Cổ phần Cao su Đắk Lắk,Cao su Đắk Lắk,UPCOM,Nguyên vật liệu,Hóa chất,Hóa chất,"Nhựa, cao su & sợi",1353,FiinPro / Vietcap IQ & Sở GDCK,http://dakruco.com,http://dakruco.com/quan-he-co-dong
DRI,Công ty Cổ phần Đầu tư Cao su Đắk Lắk,Đầu tư Cao su Đắk Lắk,UPCOM,Nguyên vật liệu,Hóa chất,Hóa chất,"Nhựa, cao su & sợi",1353,FiinPro / Vietcap IQ & Sở GDCK,https://dri.com.vn/,https://dri.com.vn/quan-he-co-dong
DSD,Công ty cổ phần DHC Suối Đôi,DHC Suối Đôi,UPCOM,Dịch vụ Tiêu dùng,Du lịch và Giải trí,Du lịch & Giải trí,Dịch vụ giải trí,5755,FiinPro / Vietcap IQ & Sở GDCK,https://dhcgroup.vn/,https://dhcgroup.vn/quan-he-co-dong
DSG,Công ty Cổ phần Kính Đáp Cầu,Kính Đáp Cầu,UPCOM,Công nghiệp,Xây dựng và Vật liệu,Xây dựng và Vật liệu,Vật liệu xây dựng & Nội thất,2353,FiinPro / Vietcap IQ & Sở GDCK,http://www.kinhdapcau.vn,http://www.kinhdapcau.vn/quan-he-co-dong
DSH,Công ty Cổ phần Đông Sơn Holdings,Đông Sơn Holdings,UPCOM,Công nghiệp,Xây dựng và Vật liệu,Xây dựng và Vật liệu,Xây dựng,2357,FiinPro / Vietcap IQ & Sở GDCK,https://htds.vn/,https://htds.vn/quan-he-co-dong
DSP,Công ty Cổ phần Dịch vụ Du lịch Phú Thọ,Dịch vụ Du lịch Phú Thọ,UPCOM,Dịch vụ Tiêu dùng,Du lịch và Giải trí,Du lịch & Giải trí,Vận tải hành khách & Du lịch,5759,FiinPro / Vietcap IQ & Sở GDCK,http://phuthotourist.vn,http://phuthotourist.vn/quan-he-co-dong
DTC,Công ty Cổ phần Viglacera Đông Triều,Viglacera Đông Triều,UPCOM,Công nghiệp,Xây dựng và Vật liệu,Xây dựng và Vật liệu,Vật liệu xây dựng & Nội thất,2353,FiinPro / Vietcap IQ & Sở GDCK,http://viglaceradtc.com.vn,http://viglaceradtc.com.vn/quan-he-co-dong
DTH,Công ty Cổ phần Dược - Vật tư Y tế Thanh Hóa,Vật tư Y tế Thanh Hóa,UPCOM,Dược phẩm và Y tế,Y tế,Thiết bị và Dịch vụ Y tế,Thiết bị y tế,4535,FiinPro / Vietcap IQ & Sở GDCK,https://thephaco.vn/vi/,https://thephaco.vn/vi/quan-he-co-dong
DTI,Công ty Cổ phần Đầu tư Đức Trung,Đầu tư Đức Trung,UPCOM,Dịch vụ Tiêu dùng,Du lịch và Giải trí,Du lịch & Giải trí,Khách sạn,5753,FiinPro / Vietcap IQ & Sở GDCK,https://ductrung.com.vn/,https://ductrung.com.vn/quan-he-co-dong
DTP,Công ty Cổ phần Dược phẩm CPC1 Hà Nội,Dược phẩm CPC1 Hà Nội,UPCOM,Dược phẩm và Y tế,Y tế,Dược phẩm,Dược phẩm,4577,FiinPro / Vietcap IQ & Sở GDCK,https://cpc1hn.com.vn/,https://cpc1hn.com.vn/quan-he-co-dong
DTR,Công ty Cổ Phần Đông Tây Land,Dong Tay Land Corp,UPCOM,Tài chính,Bất động sản,Bất động sản,Bất động sản,8633,FiinPro / Vietcap IQ & Sở GDCK,https://dongtayland.vn/,https://dongtayland.vn/quan-he-co-dong
DUS,Công ty Cổ phần Dịch vụ Đô thị Đà Lạt,Dịch vụ Đô thị Đà Lạt,UPCOM,Công nghiệp,Hàng & Dịch vụ Công nghiệp,Tư vấn & Hỗ trợ Kinh doanh,Chất thải & Môi trường,2799,FiinPro / Vietcap IQ & Sở GDCK,http://dothidalat.com.vn,http://dothidalat.com.vn/quan-he-co-dong
DVC,Công ty Cổ phần Thương mại dịch vụ Tổng Hợp Cảng Hải Phòng,TM dịch vụ Cảng Hải Phòng,UPCOM,Tiện ích Cộng đồng,"Điện, nước & xăng dầu khí đốt",Nước & Khí đốt,Phân phối xăng dầu & khí đốt,7573,FiinPro / Vietcap IQ & Sở GDCK,http://www.dichvucang.com,http://www.dichvucang.com/quan-he-co-dong
DVG,Công ty Cổ phần Đại Việt Group DVG,Tập đoàn Sơn Đại Việt,UPCOM,Công nghiệp,Xây dựng và Vật liệu,Xây dựng và Vật liệu,Vật liệu xây dựng & Nội thất,2353,FiinPro / Vietcap IQ & Sở GDCK,http://daivietgroupjsc.vn/,http://daivietgroupjsc.vn/quan-he-co-dong
DVN,Tổng Công ty Dược Việt Nam - CTCP,Tổng Công ty Dược Việt Nam,UPCOM,Dược phẩm và Y tế,Y tế,Dược phẩm,Dược phẩm,4577,FiinPro / Vietcap IQ & Sở GDCK,http://vinapharm.com.vn,http://vinapharm.com.vn/quan-he-co-dong
DVW,Công ty Cổ phần Dịch vụ và Xây dựng cấp nước Đồng Nai,DV và XD cấp nước Đồng Nai,UPCOM,Công nghiệp,Xây dựng và Vật liệu,Xây dựng và Vật liệu,Xây dựng,2357,FiinPro / Vietcap IQ & Sở GDCK,https://dvxdcn.com/,https://dvxdcn.com/quan-he-co-dong
DWC,Công ty Cổ phần Cấp nước Đắk Lắk,Cấp nước Đắk Lắk,UPCOM,Tiện ích Cộng đồng,"Điện, nước & xăng dầu khí đốt",Nước & Khí đốt,Nước,7577,FiinPro / Vietcap IQ & Sở GDCK,http://dakwaco.com.vn,http://dakwaco.com.vn/quan-he-co-dong
DWS,Công ty Cổ phần Cấp nước và Môi trường Đô thị Đồng Tháp,Cấp nước Đồng Tháp,UPCOM,Tiện ích Cộng đồng,"Điện, nước & xăng dầu khí đốt",Nước & Khí đốt,Nước,7577,FiinPro / Vietcap IQ & Sở GDCK,http://www.dowasen.com,http://www.dowasen.com/quan-he-co-dong
DXL,Công ty Cổ phần Du lịch và Xuất nhập khẩu Lạng Sơn,Du lịch và Xuất nhập khẩu Lạng Sơn,UPCOM,Dịch vụ Tiêu dùng,Du lịch và Giải trí,Du lịch & Giải trí,Khách sạn,5753,FiinPro / Vietcap IQ & Sở GDCK,http://tocolimexlangson.com,http://tocolimexlangson.com/quan-he-co-dong
E12,Công ty Cổ phần Xây Dựng Điện VNECO 12,XD Điện VNECO 12,UPCOM,Công nghiệp,Xây dựng và Vật liệu,Xây dựng và Vật liệu,Xây dựng,2357,FiinPro / Vietcap IQ & Sở GDCK,http://vneco12.com.vn/,http://vneco12.com.vn/quan-he-co-dong
E29,Công ty cổ phần Đầu tư Xây dựng và Kỹ thuật 29,Đầu tư XD và Kỹ thuật 29,UPCOM,Công nghiệp,Xây dựng và Vật liệu,Xây dựng và Vật liệu,Xây dựng,2357,FiinPro / Vietcap IQ & Sở GDCK,http://congty29.vn,http://congty29.vn/quan-he-co-dong
ECO,Công ty Cổ Phần Nhựa Sinh Thái Việt Nam,Ecoplastic VN,UPCOM,Nguyên vật liệu,Hóa chất,Hóa chất,"Nhựa, cao su & sợi",1353,FiinPro / Vietcap IQ & Sở GDCK,https://ecoplastic.com.vn/,https://ecoplastic.com.vn/quan-he-co-dong
EFI,Công ty Cổ phần Đầu tư Tài chính Giáo dục,Tài chính giáo dục,UPCOM,Tài chính,Bất động sản,Bất động sản,Bất động sản,8633,FiinPro / Vietcap IQ & Sở GDCK,http://efi.vn,http://efi.vn/quan-he-co-dong
EGL,Công ty Cổ phần Môi Trường Đô Thị Gia Lâm,"Urenco Gia Lam.,Jsc",UPCOM,Công nghiệp,Hàng & Dịch vụ Công nghiệp,Tư vấn & Hỗ trợ Kinh doanh,Chất thải & Môi trường,2799,FiinPro / Vietcap IQ & Sở GDCK,http://moitruonggialam.com/,http://moitruonggialam.com/quan-he-co-dong
EIC,Công ty Cổ phần EVN Quốc Tế,EVN Quốc Tế,UPCOM,Công nghiệp,Xây dựng và Vật liệu,Xây dựng và Vật liệu,Xây dựng,2357,FiinPro / Vietcap IQ & Sở GDCK,http://evni.vn/,http://evni.vn/quan-he-co-dong
EIN,Công ty Cổ phần Đầu tư - Thương Mại - Dịch vụ Điện lực,Đầu tư - TM - DV Điện lực,UPCOM,Dịch vụ Tiêu dùng,Du lịch và Giải trí,Du lịch & Giải trí,Khách sạn,5753,FiinPro / Vietcap IQ & Sở GDCK,http://ecinvest.vn,http://ecinvest.vn/quan-he-co-dong
EME,Công ty Cổ phần Điện Cơ,Điện Cơ,UPCOM,Công nghiệp,Hàng & Dịch vụ Công nghiệp,Điện tử & Thiết bị điện,Thiết bị điện,2737,FiinPro / Vietcap IQ & Sở GDCK,http://www.emec.vn,http://www.emec.vn/quan-he-co-dong
EMG,Công ty Cổ phần Thiết bị Phụ tùng Cơ điện,Thiết bị phụ tùng cơ điện,UPCOM,Công nghiệp,Hàng & Dịch vụ Công nghiệp,Điện tử & Thiết bị điện,Thiết bị điện,2737,FiinPro / Vietcap IQ & Sở GDCK,http://emesco.com.vn,http://emesco.com.vn/quan-he-co-dong
EMS,Tổng Công ty Chuyển phát nhanh Bưu điện - Công ty Cổ phần,Chuyển phát nhanh Bưu điện,UPCOM,Công nghiệp,Hàng & Dịch vụ Công nghiệp,Vận tải,Chuyển phát nhanh,2771,FiinPro / Vietcap IQ & Sở GDCK,https://ems.com.vn,https://ems.com.vn/quan-he-co-dong
ESL,Công ty Cổ phần Tiếp vận Đông Sài Gòn,Tiếp vận Đông Sài Gòn,UPCOM,Công nghiệp,Hàng & Dịch vụ Công nghiệp,Vận tải,"Kho bãi, hậu cần và bảo dưỡng",2777,FiinPro / Vietcap IQ & Sở GDCK,,https://finance.vietstock.vn/ESL/ho-so-doanh-nghiep.htm
F88,Công ty Cổ phần Đầu tư F88,Đầu tư F88,UPCOM,Tài chính,Dịch vụ tài chính,Dịch vụ tài chính,Tài chính cá nhân,8773,FiinPro / Vietcap IQ & Sở GDCK,https://nhadautu.f88.vn/,https://nhadautu.f88.vn/quan-he-co-dong
FBC,Công ty Cổ phần Cơ khí Phổ Yên,Cơ khí Phổ Yên,UPCOM,Công nghiệp,Hàng & Dịch vụ Công nghiệp,Công nghiệp nặng,Máy công nghiệp,2757,FiinPro / Vietcap IQ & Sở GDCK,http://www.fomeco.vn,http://www.fomeco.vn/quan-he-co-dong
FCC,Công ty Cổ phần Liên hợp Thực phẩm,Liên hợp Thực phẩm,UPCOM,Tài chính,Bất động sản,Bất động sản,Bất động sản,8633,FiinPro / Vietcap IQ & Sở GDCK,http://lhtp.com.vn,http://lhtp.com.vn/quan-he-co-dong
FCS,Công ty Cổ phần Lương thực Thành phố Hồ Chí Minh,Lương thực TP Hồ Chí Minh,UPCOM,Hàng Tiêu dùng,Thực phẩm và đồ uống,Sản xuất thực phẩm,Thực phẩm,3577,FiinPro / Vietcap IQ & Sở GDCK,http://foodcosa.vn,http://foodcosa.vn/quan-he-co-dong
FGL,Công ty Cổ phần Cà phê Gia Lai,Cà Phê Gia Lai,UPCOM,Hàng Tiêu dùng,Thực phẩm và đồ uống,Bia và đồ uống,Đồ uống & giải khát,3537,FiinPro / Vietcap IQ & Sở GDCK,http://gialaicoffee.com.vn,http://gialaicoffee.com.vn/quan-he-co-dong
FHH,Công ty Cổ phần Đầu tư Kinh doanh Phát triển Bất động sản FLCHomes,FLCHomes,UPCOM,Tài chính,Bất động sản,Bất động sản,Bất động sản,8633,FiinPro / Vietcap IQ & Sở GDCK,https://flchomes.vn/,https://flchomes.vn/quan-he-co-dong
FHN,Công ty Cổ phần Xuất nhập khẩu Lương thực - Thực phẩm Hà Nội,XNK lương thực Hà Nội,UPCOM,Dịch vụ Tiêu dùng,Bán lẻ,Phân phối thực phẩm & dược phẩm,Phân phối thực phẩm,5337,FiinPro / Vietcap IQ & Sở GDCK,http://www.vihafood.com/,http://www.vihafood.com/quan-he-co-dong
FHS,Công ty Cổ phần Phát hành sách Thành phố Hồ Chí Minh - FAHASA,Phát hành sách TP HCM - FAHASA,UPCOM,Dịch vụ Tiêu dùng,Truyền thông,Truyền thông,"Sách, ấn bản & sản phẩm văn hóa",5557,FiinPro / Vietcap IQ & Sở GDCK,https://fahasasg.com.vn,https://fahasasg.com.vn/quan-he-co-dong
FIC,Tổng Công ty Vật liệu Xây dựng số 1 - Công ty Cổ phần,VLXD số 1,UPCOM,Công nghiệp,Xây dựng và Vật liệu,Xây dựng và Vật liệu,Vật liệu xây dựng & Nội thất,2353,FiinPro / Vietcap IQ & Sở GDCK,https://www.fico.com.vn,https://www.fico.com.vn/quan-he-co-dong
FOC,Công ty Cổ phần Dịch vụ Trực tuyến FPT,FPT Online,UPCOM,Dịch vụ Tiêu dùng,Truyền thông,Truyền thông,Dịch vụ truyền thông,5555,FiinPro / Vietcap IQ & Sở GDCK,https://fptonline.net,https://fptonline.net/quan-he-co-dong
FOX,Công ty Cổ phần Viễn thông FPT,FPT Telecom,UPCOM,Viễn thông,Viễn thông,Viễn thông cố định,Viễn thông cố định,6535,FiinPro / Vietcap IQ & Sở GDCK,https://fpt.vn,https://fpt.vn/quan-he-co-dong
FRC,Công ty Cổ phần Lâm đặc sản xuất khẩu Quảng Nam,Lâm đặc sản xuất khẩu Quảng Nam,UPCOM,Nguyên vật liệu,Tài nguyên Cơ bản,Lâm nghiệp và Giấy,Lâm sản và Chế biến gỗ,1733,FiinPro / Vietcap IQ & Sở GDCK,https://forexco.com.vn,https://forexco.com.vn/quan-he-co-dong
FRM,Công ty Cổ phần Lâm nghiệp Sài Gòn,Lâm nghiệp Sài Gòn,UPCOM,Nguyên vật liệu,Tài nguyên Cơ bản,Lâm nghiệp và Giấy,Lâm sản và Chế biến gỗ,1733,FiinPro / Vietcap IQ & Sở GDCK,http://www.forimex.vn,http://www.forimex.vn/quan-he-co-dong
FSO,Công ty Cổ phần Cơ khí Đóng tàu - Thủy sản Việt Nam,Đóng tàu thủy sản VN,UPCOM,Công nghiệp,Hàng & Dịch vụ Công nghiệp,Công nghiệp nặng,Xe tải & Đóng tàu,2753,FiinPro / Vietcap IQ & Sở GDCK,http://www.dongtauthuysan.vn,http://www.dongtauthuysan.vn/quan-he-co-dong
FT1,Công ty Cổ phần Phụ tùng máy số 1,Phụ tùng máy số 1,UPCOM,Công nghiệp,Hàng & Dịch vụ Công nghiệp,Công nghiệp nặng,Máy công nghiệp,2757,FiinPro / Vietcap IQ & Sở GDCK,https://www.futu1.com.vn/,https://www.futu1.com.vn/quan-he-co-dong
FTI,Công ty Cổ phần Công nghiệp - Thương mại Hữu Nghị,Công nghiệp - Thương mại Hữu Nghị,UPCOM,Hàng Tiêu dùng,Ô tô và phụ tùng,Ô tô và phụ tùng,Phụ tùng ô tô,3355,FiinPro / Vietcap IQ & Sở GDCK,http://www.ftic.vn,http://www.ftic.vn/quan-he-co-dong
FTM,Công ty Cổ phần Đầu tư và Phát triển Đức Quân,Phát triển Đức Quân,UPCOM,Hàng Tiêu dùng,Hàng cá nhân & Gia dụng,Hàng cá nhân,Hàng May mặc,3763,FiinPro / Vietcap IQ & Sở GDCK,https://fortex.com.vn,https://fortex.com.vn/quan-he-co-dong
FVN,Công ty Cổ phần Thiết kế và Công nghệ Việt Nam,Thiết kế và CN Việt Nam,UPCOM,Công nghiệp,Xây dựng và Vật liệu,Xây dựng và Vật liệu,Xây dựng,2357,FiinPro / Vietcap IQ & Sở GDCK,,https://finance.vietstock.vn/FVN/ho-so-doanh-nghiep.htm
G20,Công ty Cổ phần Đầu tư Dệt may Vĩnh Phúc,Đầu tư Dệt may Vĩnh Phúc,UPCOM,Hàng Tiêu dùng,Hàng cá nhân & Gia dụng,Hàng cá nhân,Hàng May mặc,3763,FiinPro / Vietcap IQ & Sở GDCK,http://ghome.vn,http://ghome.vn/quan-he-co-dong
G30,Công ty Cổ phần Gạch ngói 30-4,Gạch ngói 30-4,UPCOM,Công nghiệp,Xây dựng và Vật liệu,Xây dựng và Vật liệu,Vật liệu xây dựng & Nội thất,2353,FiinPro / Vietcap IQ & Sở GDCK,,https://finance.vietstock.vn/G30/ho-so-doanh-nghiep.htm
G36,Tổng Công ty 36 - Công ty Cổ phần,Tổng Công ty 36,UPCOM,Công nghiệp,Xây dựng và Vật liệu,Xây dựng và Vật liệu,Xây dựng,2357,FiinPro / Vietcap IQ & Sở GDCK,http://36corp.com,http://36corp.com/quan-he-co-dong
GCB,Công ty Cổ phần PETEC Bình Định,PETEC Bình Định,UPCOM,Tiện ích Cộng đồng,"Điện, nước & xăng dầu khí đốt",Nước & Khí đốt,Phân phối xăng dầu & khí đốt,7573,FiinPro / Vietcap IQ & Sở GDCK,http://petecbidico.com.vn,http://petecbidico.com.vn/quan-he-co-dong
GCF,Công ty Cổ phần Thực phẩm G.C,Thực phẩm G.C,UPCOM,Hàng Tiêu dùng,Thực phẩm và đồ uống,Sản xuất thực phẩm,Thực phẩm,3577,FiinPro / Vietcap IQ & Sở GDCK,https://gcfood.com.vn/,https://gcfood.com.vn/quan-he-co-dong
GDA,Công ty Cổ phần Tôn Đông Á,Tôn Đông Á,UPCOM,Nguyên vật liệu,Tài nguyên Cơ bản,Kim loại,Thép và sản phẩm thép,1757,FiinPro / Vietcap IQ & Sở GDCK,https://www.tondonga.com.vn,https://www.tondonga.com.vn/quan-he-co-dong
GDH,Công ty Cổ phần Tập đoàn GDC,Tập đoàn GDC,UPCOM,Công nghiệp,Xây dựng và Vật liệu,Xây dựng và Vật liệu,Xây dựng,2357,FiinPro / Vietcap IQ & Sở GDCK,https://gdcgroup.vn/,https://gdcgroup.vn/quan-he-co-dong
GE2,Tổng Công ty Phát điện 2 - Công ty Cổ phần,Tổng Công ty Phát điện 2,UPCOM,Tiện ích Cộng đồng,"Điện, nước & xăng dầu khí đốt",Sản xuất & Phân phối Điện,Sản xuất & Phân phối Điện,7535,FiinPro / Vietcap IQ & Sở GDCK,https://evngenco2.vn,https://evngenco2.vn/quan-he-co-dong
GER,Công ty Cổ phần Thể thao Ngôi sao Geru,Thể thao Ngôi sao Geru,UPCOM,Nguyên vật liệu,Hóa chất,Hóa chất,"Nhựa, cao su & sợi",1353,FiinPro / Vietcap IQ & Sở GDCK,https://www.gerusport.com.vn/,https://www.gerusport.com.vn/quan-he-co-dong
GGG,Công ty Cổ phần Ô tô Giải Phóng,Ôtô Giải Phóng,UPCOM,Hàng Tiêu dùng,Ô tô và phụ tùng,Ô tô và phụ tùng,Sản xuất ô tô,3353,FiinPro / Vietcap IQ & Sở GDCK,http://giaiphong.com.vn,http://giaiphong.com.vn/quan-he-co-dong
GH3,Công ty Cổ phần Công trình giao thông Hà Nội,Công trình giao thông Hà Nội,UPCOM,Công nghiệp,Xây dựng và Vật liệu,Xây dựng và Vật liệu,Xây dựng,2357,FiinPro / Vietcap IQ & Sở GDCK,http://giaothonghanoi.com.vn,http://giaothonghanoi.com.vn/quan-he-co-dong
GLC,Công ty Cổ phần Vàng Lào Cai,Vàng Lào Cai,UPCOM,Nguyên vật liệu,Tài nguyên Cơ bản,Khai khoáng,Khai thác vàng,1777,FiinPro / Vietcap IQ & Sở GDCK,http://vanglaocai.com.vn,http://vanglaocai.com.vn/quan-he-co-dong
GLW,Công ty Cổ phần Cấp thoát nước Gia Lai,Cấp thoát nước Gia Lai,UPCOM,Tiện ích Cộng đồng,"Điện, nước & xăng dầu khí đốt",Nước & Khí đốt,Nước,7577,FiinPro / Vietcap IQ & Sở GDCK,https://capthoatnuocgialai.com,https://capthoatnuocgialai.com/quan-he-co-dong
GMC,Công ty Cổ phần Garmex Sài Gòn,Garmex Sài Gòn,UPCOM,Hàng Tiêu dùng,Hàng cá nhân & Gia dụng,Hàng cá nhân,Hàng May mặc,3763,FiinPro / Vietcap IQ & Sở GDCK,https://www.garmex.vn/vi/,https://www.garmex.vn/vi/quan-he-co-dong
GND,Công ty Cổ phần Gạch ngói Đồng Nai,Gạch ngói Đồng Nai,UPCOM,Công nghiệp,Xây dựng và Vật liệu,Xây dựng và Vật liệu,Vật liệu xây dựng & Nội thất,2353,FiinPro / Vietcap IQ & Sở GDCK,http://www.tuildonai.com.vn,http://www.tuildonai.com.vn/quan-he-co-dong
GPC,Công ty Cổ phần Tập đoàn Green+,Tập đoàn Green+,UPCOM,Dược phẩm và Y tế,Y tế,Dược phẩm,Dược phẩm,4577,FiinPro / Vietcap IQ & Sở GDCK,https://greenplus.group/,https://greenplus.group/quan-he-co-dong
GSM,Công ty Cổ phần Thủy điện Hương Sơn,Thủy điện Hương Sơn,UPCOM,Tiện ích Cộng đồng,"Điện, nước & xăng dầu khí đốt",Sản xuất & Phân phối Điện,Sản xuất & Phân phối Điện,7535,FiinPro / Vietcap IQ & Sở GDCK,http://thuydienhuongson.vn,http://thuydienhuongson.vn/quan-he-co-dong
GTD,Công ty Cổ phần Giầy Thượng Đình,Giầy Thượng Đình,UPCOM,Hàng Tiêu dùng,Hàng cá nhân & Gia dụng,Hàng cá nhân,Giầy dép,3765,FiinPro / Vietcap IQ & Sở GDCK,http://www.thuongdinhfootwear.com.vn,http://www.thuongdinhfootwear.com.vn/quan-he-co-dong
GTS,Công ty Cổ phần Công trình Giao thông Sài Gòn,Công trình Giao thông Sài Gòn,UPCOM,Công nghiệp,Xây dựng và Vật liệu,Xây dựng và Vật liệu,Xây dựng,2357,FiinPro / Vietcap IQ & Sở GDCK,http://giaothongsaigon.com.vn,http://giaothongsaigon.com.vn/quan-he-co-dong
GTT,Công ty Cổ phần Thuận Thảo,Thuận Thảo Group,UPCOM,Dịch vụ Tiêu dùng,Du lịch và Giải trí,Du lịch & Giải trí,Dịch vụ giải trí,5755,FiinPro / Vietcap IQ & Sở GDCK,http://www.thuanthao.com.vn,http://www.thuanthao.com.vn/quan-he-co-dong
GTX,Công ty Cổ phần Global Tanker,Global Tanker,UPCOM,Công nghiệp,Hàng & Dịch vụ Công nghiệp,Vận tải,Vận tải Thủy,2773,FiinPro / Vietcap IQ & Sở GDCK,https://globaltanker.net/,https://globaltanker.net/quan-he-co-dong
GVT,Công ty Cổ phần Giấy Việt Trì,Giấy Việt Trì,UPCOM,Nguyên vật liệu,Tài nguyên Cơ bản,Lâm nghiệp và Giấy,Sản xuất giấy,1737,FiinPro / Vietcap IQ & Sở GDCK,http://www.giayviettri.com.vn,http://www.giayviettri.com.vn/quan-he-co-dong
H11,Công ty Cổ phần Xây dựng HUD101,Xây dựng HUD101,UPCOM,Công nghiệp,Xây dựng và Vật liệu,Xây dựng và Vật liệu,Xây dựng,2357,FiinPro / Vietcap IQ & Sở GDCK,http://www.hud101.vn,http://www.hud101.vn/quan-he-co-dong
HAC,Công ty Cổ phần Chứng khoán Hải Phòng,Chứng khoán Hải Phòng,UPCOM,Tài chính,Dịch vụ tài chính,Dịch vụ tài chính,Môi giới chứng khoán,8777,FiinPro / Vietcap IQ & Sở GDCK,https://haseco.vn,https://haseco.vn/quan-he-co-dong
HAF,Công ty Cổ phần Thực phẩm Hà Nội,Thực phẩm Hà Nội,UPCOM,Hàng Tiêu dùng,Thực phẩm và đồ uống,Sản xuất thực phẩm,Thực phẩm,3577,FiinPro / Vietcap IQ & Sở GDCK,https://thucphamhanoi.com.vn/vi/trang-chu/,https://thucphamhanoi.com.vn/vi/trang-chu/quan-he-co-dong
HAM,Công ty Cổ phần Vật tư Hậu Giang,Vật tư Hậu Giang,UPCOM,Công nghiệp,Xây dựng và Vật liệu,Xây dựng và Vật liệu,Vật liệu xây dựng & Nội thất,2353,FiinPro / Vietcap IQ & Sở GDCK,https://hamaco.vn/,https://hamaco.vn/quan-he-co-dong
HAN,Tổng Công ty Xây dựng Hà Nội - CTCP,Xây dựng Hà Nội,UPCOM,Công nghiệp,Xây dựng và Vật liệu,Xây dựng và Vật liệu,Xây dựng,2357,FiinPro / Vietcap IQ & Sở GDCK,http://www.hancorp.vn/,http://www.hancorp.vn/quan-he-co-dong
HAV,Công ty Cổ phần Rượu Hapro,Rượu Hapro,UPCOM,Hàng Tiêu dùng,Thực phẩm và đồ uống,Bia và đồ uống,Vang & Rượu mạnh,3535,FiinPro / Vietcap IQ & Sở GDCK,http://haprovodka.vn/,http://haprovodka.vn/quan-he-co-dong
HBC,Công ty Cổ phần Tập đoàn Xây dựng Hòa Bình,Tập đoàn Xây dựng Hòa Bình,UPCOM,Công nghiệp,Xây dựng và Vật liệu,Xây dựng và Vật liệu,Xây dựng,2357,FiinPro / Vietcap IQ & Sở GDCK,https://hbcg.vn,https://hbcg.vn/quan-he-co-dong
HBD,Công ty Cổ phần Bao bì PP Bình Dương,Bao bì PP Bình Dương,UPCOM,Công nghiệp,Hàng & Dịch vụ Công nghiệp,Hàng công nghiệp,Containers & Đóng gói,2723,FiinPro / Vietcap IQ & Sở GDCK,http://www.haipacbd.com,http://www.haipacbd.com/quan-he-co-dong
HBH,Công ty Cổ phần HABECO - Hải Phòng,HABECO Hải Phòng,UPCOM,Hàng Tiêu dùng,Thực phẩm và đồ uống,Bia và đồ uống,Sản xuất bia,3533,FiinPro / Vietcap IQ & Sở GDCK,https://habecohaiphong.com.vn,https://habecohaiphong.com.vn/quan-he-co-dong
HC1,Công ty Cổ phần Xây dựng số 1 Hà Nội,Xây dựng số 1 Hà Nội,UPCOM,Công nghiệp,Xây dựng và Vật liệu,Xây dựng và Vật liệu,Xây dựng,2357,FiinPro / Vietcap IQ & Sở GDCK,http://hacc1.com.vn,http://hacc1.com.vn/quan-he-co-dong
HC3,Công ty Cổ phần Xây dựng số 3 Hải Phòng,Xây dựng số 3 Hải Phòng,UPCOM,Công nghiệp,Xây dựng và Vật liệu,Xây dựng và Vật liệu,Xây dựng,2357,FiinPro / Vietcap IQ & Sở GDCK,http://haco3.com.vn,http://haco3.com.vn/quan-he-co-dong
HCI,Công ty Cổ phần Đầu tư - Xây dựng Hà Nội,Đầu tư - XD Hà Nội,UPCOM,Công nghiệp,Xây dựng và Vật liệu,Xây dựng và Vật liệu,Xây dựng,2357,FiinPro / Vietcap IQ & Sở GDCK,http://hancic.com.vn,http://hancic.com.vn/quan-he-co-dong
HCO,Công ty Cổ phần Bánh kẹo Hải Châu,Bánh kẹo Hải Châu,UPCOM,Hàng Tiêu dùng,Thực phẩm và đồ uống,Sản xuất thực phẩm,Thực phẩm,3577,FiinPro / Vietcap IQ & Sở GDCK,,https://finance.vietstock.vn/HCO/ho-so-doanh-nghiep.htm
HD2,Công ty Cổ phần Đầu tư phát triển nhà HUD2,Đầu tư phát triển nhà HUD 2,UPCOM,Tài chính,Bất động sản,Bất động sản,Bất động sản,8633,FiinPro / Vietcap IQ & Sở GDCK,http://hud2.com.vn,http://hud2.com.vn/quan-he-co-dong
HD6,Công ty Cổ phần Đầu tư và Phát triển nhà số 6 Hà Nội,Phát triển nhà số 6 Hà Nội,UPCOM,Tài chính,Bất động sản,Bất động sản,Bất động sản,8633,FiinPro / Vietcap IQ & Sở GDCK,https://handico6.com.vn,https://handico6.com.vn/quan-he-co-dong
HD8,Công ty Cổ phần Đầu tư Phát triển Nhà và Đô thị HUD8,PT Nhà và Đô thị HUD8,UPCOM,Tài chính,Bất động sản,Bất động sản,Bất động sản,8633,FiinPro / Vietcap IQ & Sở GDCK,http://hud8.vn,http://hud8.vn/quan-he-co-dong
HDM,Công ty Cổ phần Dệt May Huế,Dệt May Huế,UPCOM,Hàng Tiêu dùng,Hàng cá nhân & Gia dụng,Hàng cá nhân,Hàng May mặc,3763,FiinPro / Vietcap IQ & Sở GDCK,https://huegatex.com.vn/vi/,https://huegatex.com.vn/vi/quan-he-co-dong
HDP,Công ty Cổ phần Dược Hà Tĩnh,Dược Hà Tĩnh,UPCOM,Dược phẩm và Y tế,Y tế,Dược phẩm,Dược phẩm,4577,FiinPro / Vietcap IQ & Sở GDCK,http://hadiphar.vn,http://hadiphar.vn/quan-he-co-dong
HDW,Công ty Cổ phần Kinh doanh Nước sạch Hải Dương,Nước sạch Hải Dương,UPCOM,Tiện ích Cộng đồng,"Điện, nước & xăng dầu khí đốt",Nước & Khí đốt,Nước,7577,FiinPro / Vietcap IQ & Sở GDCK,https://hdwaco.com.vn/,https://hdwaco.com.vn/quan-he-co-dong
HEC,Công ty Cổ phần Tư vấn xây dựng Thủy Lợi II,Tư vấn XD Thủy Lợi II (HEC II),UPCOM,Công nghiệp,Hàng & Dịch vụ Công nghiệp,Tư vấn & Hỗ trợ Kinh doanh,Tư vấn & Hỗ trợ KD,2791,FiinPro / Vietcap IQ & Sở GDCK,https://hec2.vn/,https://hec2.vn/quan-he-co-dong
HEJ,Tổng Công ty Tư vấn Xây dựng Thủy Lợi Việt Nam - CTCP,Tư vấn Xây dựng Thủy Lợi VN,UPCOM,Công nghiệp,Xây dựng và Vật liệu,Xây dựng và Vật liệu,Xây dựng,2357,FiinPro / Vietcap IQ & Sở GDCK,http://www.hec.com.vn,http://www.hec.com.vn/quan-he-co-dong
HEP,Công ty Cổ phần Môi trường và Công trình đô thị Huế,Môi trường và Công trình đô thị Huế,UPCOM,Công nghiệp,Hàng & Dịch vụ Công nghiệp,Tư vấn & Hỗ trợ Kinh doanh,Chất thải & Môi trường,2799,FiinPro / Vietcap IQ & Sở GDCK,http://www.hepco.com.vn,http://www.hepco.com.vn/quan-he-co-dong
HES,Công ty Cổ phần Dịch vụ Giải trí Hà Nội,Dịch vụ Giải trí Hà Nội,UPCOM,Dịch vụ Tiêu dùng,Du lịch và Giải trí,Du lịch & Giải trí,Dịch vụ giải trí,5755,FiinPro / Vietcap IQ & Sở GDCK,http://www.congvienhotay.vn,http://www.congvienhotay.vn/quan-he-co-dong
HFB,Công ty Cổ phần Công trình Cầu phà Thành phố Hồ Chí Minh,Công trình Cầu phà TP HCM,UPCOM,Công nghiệp,Xây dựng và Vật liệu,Xây dựng và Vật liệu,Xây dựng,2357,FiinPro / Vietcap IQ & Sở GDCK,http://caupha.com,http://caupha.com/quan-he-co-dong
HFC,Công ty Cổ phần Xăng dầu HFC,Xăng dầu HFC,UPCOM,Tiện ích Cộng đồng,"Điện, nước & xăng dầu khí đốt",Nước & Khí đốt,Phân phối xăng dầu & khí đốt,7573,FiinPro / Vietcap IQ & Sở GDCK,http://hanoifuel.com.vn,http://hanoifuel.com.vn/quan-he-co-dong
HFX,Công ty Cổ phần Sản xuất - Xuất nhập khẩu Thanh Hà,XNK Thanh Hà,UPCOM,Dịch vụ Tiêu dùng,Bán lẻ,Bán lẻ,Bán lẻ phức hợp,5373,FiinPro / Vietcap IQ & Sở GDCK,http://haforexim.com.vn,http://haforexim.com.vn/quan-he-co-dong
HGT,Công ty Cổ phần Du lịch Hương Giang,Du lịch Hương Giang,UPCOM,Dịch vụ Tiêu dùng,Du lịch và Giải trí,Du lịch & Giải trí,Vận tải hành khách & Du lịch,5759,FiinPro / Vietcap IQ & Sở GDCK,https://www.huonggiangtourist.com,https://www.huonggiangtourist.com/quan-he-co-dong
HHB,Công ty Cổ Phần Bia Hà Nội - Hồng Hà,Bia Hà Nội - Hồng Hà,UPCOM,Hàng Tiêu dùng,Thực phẩm và đồ uống,Bia và đồ uống,Sản xuất bia,3533,FiinPro / Vietcap IQ & Sở GDCK,http://biahanoihongha.com.vn/,http://biahanoihongha.com.vn/quan-he-co-dong
HHG,Công ty Cổ phần Hoàng Hà,Vận tải Hoàng Hà,UPCOM,Dịch vụ Tiêu dùng,Du lịch và Giải trí,Du lịch & Giải trí,Vận tải hành khách & Du lịch,5759,FiinPro / Vietcap IQ & Sở GDCK,https://www.hoanghaco.com.vn/,https://www.hoanghaco.com.vn/quan-he-co-dong
HHI,Công ty Cổ phần Hoàng Hạc,Hoàng Hạc,UPCOM,Dịch vụ Tiêu dùng,Truyền thông,Truyền thông,"Sách, ấn bản & sản phẩm văn hóa",5557,FiinPro / Vietcap IQ & Sở GDCK,,https://finance.vietstock.vn/HHI/ho-so-doanh-nghiep.htm
HHN,Công ty Cổ phần Vận tải và Dịch vụ Hàng hóa Hà Nội,Vận tải và DV Hàng hóa Hà Nội,UPCOM,Công nghiệp,Hàng & Dịch vụ Công nghiệp,Vận tải,"Kho bãi, hậu cần và bảo dưỡng",2777,FiinPro / Vietcap IQ & Sở GDCK,http://www.vantaihanoi.com.vn,http://www.vantaihanoi.com.vn/quan-he-co-dong
HIO,Công ty Cổ Phần Helio Energy,Helio Energy,UPCOM,Tiện ích Cộng đồng,"Điện, nước & xăng dầu khí đốt",Sản xuất & Phân phối Điện,Sản xuất & Phân phối Điện,7535,FiinPro / Vietcap IQ & Sở GDCK,https://helioenergy.vn/,https://helioenergy.vn/quan-he-co-dong
HJC,Công ty Cổ phần Hoà Việt,Công ty Cổ phần Hoà Việt,UPCOM,Hàng Tiêu dùng,Hàng cá nhân & Gia dụng,Thuốc lá,Thuốc lá,3785,FiinPro / Vietcap IQ & Sở GDCK,https://www.hoavietjsc.com,https://www.hoavietjsc.com/quan-he-co-dong
HKB,Công ty Cổ phần Nông nghiệp và Thực phẩm Hà Nội - Kinh Bắc,Thực phẩm Hà Nội - Kinh Bắc,UPCOM,Hàng Tiêu dùng,Thực phẩm và đồ uống,Sản xuất thực phẩm,Thực phẩm,3577,FiinPro / Vietcap IQ & Sở GDCK,http://hkb.com.vn,http://hkb.com.vn/quan-he-co-dong
HLA,Công ty Cổ phần Hữu Liên Á Châu,Hữu Liên Á Châu,UPCOM,Nguyên vật liệu,Tài nguyên Cơ bản,Kim loại,Thép và sản phẩm thép,1757,FiinPro / Vietcap IQ & Sở GDCK,https://huulienasia.com.vn,https://huulienasia.com.vn/quan-he-co-dong
HLB,Công ty Cổ phần Bia và Nước giải khát Hạ Long,Bia và NGK Hạ Long,UPCOM,Hàng Tiêu dùng,Thực phẩm và đồ uống,Bia và đồ uống,Sản xuất bia,3533,FiinPro / Vietcap IQ & Sở GDCK,https://biahalong.com/,https://biahalong.com/quan-he-co-dong
HLO,Công Ty Cổ Phần Công Nghệ Ha Lô,Công Nghệ Ha Lô,UPCOM,Công nghiệp,Hàng & Dịch vụ Công nghiệp,Điện tử & Thiết bị điện,Hàng điện & điện tử,2733,FiinPro / Vietcap IQ & Sở GDCK,https://www.halo.net.vn/,https://www.halo.net.vn/quan-he-co-dong
HLS,Công ty Cổ phần Sứ kỹ thuật Hoàng Liên Sơn,Sứ Hoàng Liên Sơn,UPCOM,Công nghiệp,Hàng & Dịch vụ Công nghiệp,Điện tử & Thiết bị điện,Hàng điện & điện tử,2733,FiinPro / Vietcap IQ & Sở GDCK,http://www.hoceratec.com.vn,http://www.hoceratec.com.vn/quan-he-co-dong
HLT,Công ty Cổ phần Dệt may Hoàng Thị Loan,Dệt may Hoàng Thị Loan,UPCOM,Hàng Tiêu dùng,Hàng cá nhân & Gia dụng,Hàng cá nhân,Hàng May mặc,3763,FiinPro / Vietcap IQ & Sở GDCK,https://halotexco.com.vn/,https://halotexco.com.vn/quan-he-co-dong
HLY,Công ty Cổ phần Gốm xây dựng Yên Hưng,Gốm Xây Dựng Yên Hưng,UPCOM,Công nghiệp,Xây dựng và Vật liệu,Xây dựng và Vật liệu,Vật liệu xây dựng & Nội thất,2353,FiinPro / Vietcap IQ & Sở GDCK,,https://finance.vietstock.vn/HLY/ho-so-doanh-nghiep.htm
HMD,Công ty Cổ phần Hóa chất Minh Đức,Hóa chất Minh Đức,UPCOM,Nguyên vật liệu,Hóa chất,Hóa chất,"Sản phẩm hóa dầu, Nông dược & Hóa chất khác",1357,FiinPro / Vietcap IQ & Sở GDCK,http://minhduc-caco3.com/,http://minhduc-caco3.com/quan-he-co-dong
HMG,Công ty Cổ phần Kim Khí Hà Nội - VNSTEEL,Kim Khí Hà Nội,UPCOM,Nguyên vật liệu,Tài nguyên Cơ bản,Kim loại,Thép và sản phẩm thép,1757,FiinPro / Vietcap IQ & Sở GDCK,http://www.hns.com.vn,http://www.hns.com.vn/quan-he-co-dong
HMS,Công ty Cổ phần Xây dựng Bảo tàng Hồ Chí Minh,XD Bảo tàng Hồ Chí Minh,UPCOM,Công nghiệp,Xây dựng và Vật liệu,Xây dựng và Vật liệu,Xây dựng,2357,FiinPro / Vietcap IQ & Sở GDCK,https://hcmcc.com.vn,https://hcmcc.com.vn/quan-he-co-dong
HNB,Công ty Cổ phần Bến xe Hà Nội,Bến xe Hà Nội,UPCOM,Công nghiệp,Hàng & Dịch vụ Công nghiệp,Vận tải,"Kho bãi, hậu cần và bảo dưỡng",2777,FiinPro / Vietcap IQ & Sở GDCK,https://benxehanoi.vn,https://benxehanoi.vn/quan-he-co-dong
HNC,Công ty Cổ phần Xi măng Hữu Nghị,Xi măng Hữu Nghị,UPCOM,Công nghiệp,Xây dựng và Vật liệu,Xây dựng và Vật liệu,Vật liệu xây dựng & Nội thất,2353,FiinPro / Vietcap IQ & Sở GDCK,http://www.ximanghuunghi.vn,http://www.ximanghuunghi.vn/quan-he-co-dong
HND,Công ty Cổ phần Nhiệt điện Hải Phòng,Nhiệt điện Hải Phòng,UPCOM,Tiện ích Cộng đồng,"Điện, nước & xăng dầu khí đốt",Sản xuất & Phân phối Điện,Sản xuất & Phân phối Điện,7535,FiinPro / Vietcap IQ & Sở GDCK,http://www.ndhp.com.vn,http://www.ndhp.com.vn/quan-he-co-dong
HNF,Công ty Cổ phần Thực phẩm Hữu Nghị,Bánh kẹo Hữu Nghị,UPCOM,Hàng Tiêu dùng,Thực phẩm và đồ uống,Sản xuất thực phẩm,Thực phẩm,3577,FiinPro / Vietcap IQ & Sở GDCK,https://huunghi.com.vn,https://huunghi.com.vn/quan-he-co-dong
HNG,Công ty Cổ phần Nông nghiệp Quốc tế Hoàng Anh Gia Lai,Nông nghiệp Quốc tế HAGL,UPCOM,Hàng Tiêu dùng,Thực phẩm và đồ uống,Sản xuất thực phẩm,Nuôi trồng nông & hải sản,3573,FiinPro / Vietcap IQ & Sở GDCK,https://haagrico.com.vn,https://haagrico.com.vn/quan-he-co-dong
HNI,Công ty Cổ phần May Hữu Nghị,May Hữu Nghị,UPCOM,Hàng Tiêu dùng,Hàng cá nhân & Gia dụng,Hàng cá nhân,Hàng May mặc,3763,FiinPro / Vietcap IQ & Sở GDCK,https://www.hugamex.vn,https://www.hugamex.vn/quan-he-co-dong
HNM,Công ty Cổ phần Sữa Hà Nội,HANOIMILK,UPCOM,Hàng Tiêu dùng,Thực phẩm và đồ uống,Sản xuất thực phẩm,Thực phẩm,3577,FiinPro / Vietcap IQ & Sở GDCK,http://hanoimilk.com,http://hanoimilk.com/quan-he-co-dong
HNP,Công ty Cổ phần Hanel Xốp Nhựa,Hanel Xốp Nhựa,UPCOM,Nguyên vật liệu,Hóa chất,Hóa chất,"Nhựa, cao su & sợi",1353,FiinPro / Vietcap IQ & Sở GDCK,https://hanelplastics.com.vn,https://hanelplastics.com.vn/quan-he-co-dong
HNR,Công ty Cổ phần Rượu và Nước Giải Khát Hà Nội,Cồn Rượu và Nước Giải Khát Hà Nội,UPCOM,Hàng Tiêu dùng,Thực phẩm và đồ uống,Bia và đồ uống,Vang & Rượu mạnh,3535,FiinPro / Vietcap IQ & Sở GDCK,http://halico.com.vn,http://halico.com.vn/quan-he-co-dong
HOT,Công ty Cổ phần Du lịch - Dịch vụ Hội An,Du lịch - DV Hội An,UPCOM,Dịch vụ Tiêu dùng,Du lịch và Giải trí,Du lịch & Giải trí,Vận tải hành khách & Du lịch,5759,FiinPro / Vietcap IQ & Sở GDCK,http://www.hoiantourist.com,http://www.hoiantourist.com/quan-he-co-dong
HPB,Công ty Cổ phần Bao bì PP,Bao bì PP,UPCOM,Công nghiệp,Hàng & Dịch vụ Công nghiệp,Hàng công nghiệp,Containers & Đóng gói,2723,FiinPro / Vietcap IQ & Sở GDCK,http://www.haipacpp.com,http://www.haipacpp.com/quan-he-co-dong
HPD,Công ty Cổ phần Thủy điện Đăk Đoa,Thủy điện Đăk Đoa,UPCOM,Tiện ích Cộng đồng,"Điện, nước & xăng dầu khí đốt",Sản xuất & Phân phối Điện,Sản xuất & Phân phối Điện,7535,FiinPro / Vietcap IQ & Sở GDCK,http://www.thuydiendakdoa.vn,http://www.thuydiendakdoa.vn/quan-he-co-dong
HPH,Công ty Cổ phần Hóa Chất Hưng Phát Hà Bắc,Hóa Chất Hưng Phát Hà Bắc,UPCOM,Nguyên vật liệu,Hóa chất,Hóa chất,"Sản phẩm hóa dầu, Nông dược & Hóa chất khác",1357,FiinPro / Vietcap IQ & Sở GDCK,http://www.hungphathabac.com.vn,http://www.hungphathabac.com.vn/quan-he-co-dong
HPI,Công ty Cổ phần Khu công nghiệp Hiệp Phước,Khu công nghiệp Hiệp Phước,UPCOM,Tài chính,Bất động sản,Bất động sản,Bất động sản,8633,FiinPro / Vietcap IQ & Sở GDCK,https://www.hiepphuoc.com/,https://www.hiepphuoc.com/quan-he-co-dong
HPO,Công ty Cổ phần Công nghiệp Hapulico,Công nghiệp Hapulico,UPCOM,Công nghiệp,Hàng & Dịch vụ Công nghiệp,Điện tử & Thiết bị điện,Thiết bị điện,2737,FiinPro / Vietcap IQ & Sở GDCK,https://litec.com.vn/,https://litec.com.vn/quan-he-co-dong
HPP,Công ty Cổ phần Sơn Hải Phòng,Sơn Hải Phòng,UPCOM,Công nghiệp,Xây dựng và Vật liệu,Xây dựng và Vật liệu,Vật liệu xây dựng & Nội thất,2353,FiinPro / Vietcap IQ & Sở GDCK,http://www.sonhaiphong.com.vn,http://www.sonhaiphong.com.vn/quan-he-co-dong
HPT,Công ty Cổ phần Dịch vụ Công nghệ Tin học HPT,DV Công nghệ Tin học HPT,UPCOM,Công nghệ Thông tin,Công nghệ Thông tin,Phần mềm & Dịch vụ Máy tính,Phần mềm,9537,FiinPro / Vietcap IQ & Sở GDCK,http://www.hpt.vn,http://www.hpt.vn/quan-he-co-dong
HPW,Công ty Cổ phần Cấp nước Hải Phòng,Cấp nước Hải Phòng,UPCOM,Tiện ích Cộng đồng,"Điện, nước & xăng dầu khí đốt",Nước & Khí đốt,Nước,7577,FiinPro / Vietcap IQ & Sở GDCK,https://capnuochaiphong.com.vn,https://capnuochaiphong.com.vn/quan-he-co-dong
HRB,Công ty Cổ phần Harec Đầu tư và Thương Mại,Harec Đầu tư và Thương Mại,UPCOM,Tài chính,Bất động sản,Bất động sản,Bất động sản,8633,FiinPro / Vietcap IQ & Sở GDCK,http://www.harec.com.vn,http://www.harec.com.vn/quan-he-co-dong
HSA,Công ty Cổ phần HESTIA,HESTIA,UPCOM,Công nghiệp,Hàng & Dịch vụ Công nghiệp,Tư vấn & Hỗ trợ Kinh doanh,Tư vấn & Hỗ trợ KD,2791,FiinPro / Vietcap IQ & Sở GDCK,http://www.hestia.vn,http://www.hestia.vn/quan-he-co-dong
HSM,Tổng Công ty Cổ phần Dệt May Hà Nội,HANOSIMEX,UPCOM,Hàng Tiêu dùng,Hàng cá nhân & Gia dụng,Hàng cá nhân,Hàng May mặc,3763,FiinPro / Vietcap IQ & Sở GDCK,http://www.hanosimex.com.vn,http://www.hanosimex.com.vn/quan-he-co-dong
HSP,Công ty Cổ phần Sơn Tổng hợp Hà Nội,Sơn Tổng hợp Hà Nội,UPCOM,Công nghiệp,Xây dựng và Vật liệu,Xây dựng và Vật liệu,Vật liệu xây dựng & Nội thất,2353,FiinPro / Vietcap IQ & Sở GDCK,https://sondaibang.com.vn,https://sondaibang.com.vn/quan-he-co-dong
HSV,Công ty Cổ phần Tập đoàn HSV Việt Nam,Tập đoàn HSV Việt Nam,UPCOM,Nguyên vật liệu,Tài nguyên Cơ bản,Kim loại,Thép và sản phẩm thép,1757,FiinPro / Vietcap IQ & Sở GDCK,https://hsvvietnam.com/,https://hsvvietnam.com/quan-he-co-dong
HT9,Công ty Cổ phần Phát triển hạ tầng 319,Phát triển hạ tầng 319,UPCOM,Công nghiệp,Xây dựng và Vật liệu,Xây dựng và Vật liệu,Xây dựng,2357,FiinPro / Vietcap IQ & Sở GDCK,,https://finance.vietstock.vn/HT9/ho-so-doanh-nghiep.htm
HTE,Công ty Cổ phần Đầu tư Kinh doanh Điện lực Thành phố Hồ Chí Minh,Kinh doanh điện lực TP HCM,UPCOM,Công nghiệp,Hàng & Dịch vụ Công nghiệp,Điện tử & Thiết bị điện,Thiết bị điện,2737,FiinPro / Vietcap IQ & Sở GDCK,https://tradincorp.vn,https://tradincorp.vn/quan-he-co-dong
HTM,Tổng Công ty Thương mại Hà Nội – Công ty cổ phần,Thương mại Hà Nội - Hapro,UPCOM,Dịch vụ Tiêu dùng,Bán lẻ,Bán lẻ,Bán lẻ phức hợp,5373,FiinPro / Vietcap IQ & Sở GDCK,http://www.haprogroup.vn,http://www.haprogroup.vn/quan-he-co-dong
HTP,Công ty Cổ phần In Sách Giáo Khoa Hòa Phát,In SGK Hòa Phát,UPCOM,Dịch vụ Tiêu dùng,Truyền thông,Truyền thông,"Sách, ấn bản & sản phẩm văn hóa",5557,FiinPro / Vietcap IQ & Sở GDCK,https://inhoaphat.vn/,https://inhoaphat.vn/quan-he-co-dong
HTS,Công ty Cổ phần Thép Hương Thịnh,Thép Hương Thịnh,UPCOM,Nguyên vật liệu,Tài nguyên Cơ bản,Kim loại,Thép và sản phẩm thép,1757,FiinPro / Vietcap IQ & Sở GDCK,http://www.thephuongthinh.com.vn,http://www.thephuongthinh.com.vn/quan-he-co-dong
HTT,Công ty Cổ phần Thương mại Hà Tây,Thương mại Hà Tây,UPCOM,Dịch vụ Tiêu dùng,Bán lẻ,Bán lẻ,Bán lẻ phức hợp,5373,FiinPro / Vietcap IQ & Sở GDCK,http://thuongmaihatay.vn,http://thuongmaihatay.vn/quan-he-co-dong
HU3,Công ty Cổ phần Đầu tư và Xây dựng HUD3,Xây dựng HUD3,UPCOM,Công nghiệp,Xây dựng và Vật liệu,Xây dựng và Vật liệu,Xây dựng,2357,FiinPro / Vietcap IQ & Sở GDCK,http://www.hud3.com.vn,http://www.hud3.com.vn/quan-he-co-dong
HU4,Công ty Cổ phần Đầu tư và Xây dựng HUD4,Đầu tư và Xây dựng HUD4,UPCOM,Công nghiệp,Xây dựng và Vật liệu,Xây dựng và Vật liệu,Xây dựng,2357,FiinPro / Vietcap IQ & Sở GDCK,http://hud4.vn/,http://hud4.vn/quan-he-co-dong
HU6,Công ty Cổ phần Đầu tư Phát triển Nhà và Đô thị HUD6,PT Nhà và Đô thị HUD6,UPCOM,Tài chính,Bất động sản,Bất động sản,Bất động sản,8633,FiinPro / Vietcap IQ & Sở GDCK,https://www.hud6.vn,https://www.hud6.vn/quan-he-co-dong
HUG,Tổng công ty May Hưng Yên - Công ty Cổ phần,May Hưng Yên,UPCOM,Hàng Tiêu dùng,Hàng cá nhân & Gia dụng,Hàng cá nhân,Hàng May mặc,3763,FiinPro / Vietcap IQ & Sở GDCK,http://hugaco.vn,http://hugaco.vn/quan-he-co-dong
HVA,Công ty Cổ phần Đầu tư HVA,Đầu tư HVA,UPCOM,Tài chính,Dịch vụ tài chính,Dịch vụ tài chính,Tài chính đặc biệt,8775,FiinPro / Vietcap IQ & Sở GDCK,https://hva.group/,https://hva.group/quan-he-co-dong
HVX,Công ty Cổ phần Xi măng Vicem Hải Vân,Xi măng Vicem Hải Vân,UPCOM,Công nghiệp,Xây dựng và Vật liệu,Xây dựng và Vật liệu,Vật liệu xây dựng & Nội thất,2353,FiinPro / Vietcap IQ & Sở GDCK,https://www.haivancement.vn,https://www.haivancement.vn/quan-he-co-dong
HWI,Công ty Cổ phần Đầu tư Xây dựng hạ tầng nước sạch Hà Nội,Đầu tư XD hạ tầng nước sạch Hà Nội,UPCOM,Công nghiệp,Xây dựng và Vật liệu,Xây dựng và Vật liệu,Xây dựng,2357,FiinPro / Vietcap IQ & Sở GDCK,,https://finance.vietstock.vn/HWI/ho-so-doanh-nghiep.htm
HWS,Công ty Cổ phần Cấp nước Huế,Cấp nước Huế,UPCOM,Tiện ích Cộng đồng,"Điện, nước & xăng dầu khí đốt",Nước & Khí đốt,Nước,7577,FiinPro / Vietcap IQ & Sở GDCK,https://huewaco.com.vn/,https://huewaco.com.vn/quan-he-co-dong
IBD,Công ty Cổ phần In Tổng hợp Bình Dương,In Tổng hợp Bình Dương,UPCOM,Dịch vụ Tiêu dùng,Truyền thông,Truyền thông,"Sách, ấn bản & sản phẩm văn hóa",5557,FiinPro / Vietcap IQ & Sở GDCK,http://intonghopbd.com.vn,http://intonghopbd.com.vn/quan-he-co-dong
ICC,Công ty Cổ phần Xây dựng Công nghiệp,Xây dựng công nghiệp,UPCOM,Công nghiệp,Xây dựng và Vật liệu,Xây dựng và Vật liệu,Xây dựng,2357,FiinPro / Vietcap IQ & Sở GDCK,http://www.xdcn.com.vn,http://www.xdcn.com.vn/quan-he-co-dong
ICF,Công ty Cổ phần Đầu tư - Thương mại - Thuỷ sản,ĐT TM Thủy sản,UPCOM,Hàng Tiêu dùng,Thực phẩm và đồ uống,Sản xuất thực phẩm,Nuôi trồng nông & hải sản,3573,FiinPro / Vietcap IQ & Sở GDCK,http://www.incomfish.com,http://www.incomfish.com/quan-he-co-dong
ICI,Công ty Cổ phần Đầu tư và Xây dựng Công nghiệp,Đầu tư và XD Công nghiệp,UPCOM,Công nghiệp,Xây dựng và Vật liệu,Xây dựng và Vật liệu,Xây dựng,2357,FiinPro / Vietcap IQ & Sở GDCK,http://ici.com.vn,http://ici.com.vn/quan-he-co-dong
ICL,Công ty Cổ phần Xuất Nhập Khẩu Vĩnh Long,Xuất Nhập Khẩu Vĩnh Long,UPCOM,Dịch vụ Tiêu dùng,Bán lẻ,Phân phối thực phẩm & dược phẩm,Phân phối thực phẩm,5337,FiinPro / Vietcap IQ & Sở GDCK,http://www.imexcuulong.com.vn,http://www.imexcuulong.com.vn/quan-he-co-dong
ICN,Công ty Cổ phần Đầu tư Xây dựng Dầu khí IDICO,XD Dầu Khí IDICO,UPCOM,Công nghiệp,Xây dựng và Vật liệu,Xây dựng và Vật liệu,Xây dựng,2357,FiinPro / Vietcap IQ & Sở GDCK,http://idicoconac.vn/,http://idicoconac.vn/quan-he-co-dong
IDP,Công ty Cổ phần Sữa Quốc tế LOF,Sữa Quốc tế LOF,UPCOM,Hàng Tiêu dùng,Thực phẩm và đồ uống,Sản xuất thực phẩm,Thực phẩm,3577,FiinPro / Vietcap IQ & Sở GDCK,https://lof.vn,https://lof.vn/quan-he-co-dong
IFS,Công ty Cổ phần Thực phẩm Quốc tế,Thực phẩm Quốc tế,UPCOM,Hàng Tiêu dùng,Thực phẩm và đồ uống,Bia và đồ uống,Đồ uống & giải khát,3537,FiinPro / Vietcap IQ & Sở GDCK,https://www.wonderfarmonline.com,https://www.wonderfarmonline.com/quan-he-co-dong
ILA,Công ty Cổ phần ILA,Công ty ILA,UPCOM,Công nghiệp,Xây dựng và Vật liệu,Xây dựng và Vật liệu,Vật liệu xây dựng & Nội thất,2353,FiinPro / Vietcap IQ & Sở GDCK,http://ilagroup.com.vn,http://ilagroup.com.vn/quan-he-co-dong
ILC,Công ty Cổ phần Hợp tác lao động với nước ngoài,Hợp tác lao động với nước ngoài,UPCOM,Công nghiệp,Hàng & Dịch vụ Công nghiệp,Tư vấn & Hỗ trợ Kinh doanh,Đào tạo & Việc làm,2793,FiinPro / Vietcap IQ & Sở GDCK,http://www.inlacohp.com.vn,http://www.inlacohp.com.vn/quan-he-co-dong
ILS,Công ty Cổ phần Đầu tư Thương mại và Dịch vụ Quốc tế,TM và Dịch vụ Quốc tế,UPCOM,Công nghiệp,Hàng & Dịch vụ Công nghiệp,Hàng công nghiệp,Containers & Đóng gói,2723,FiinPro / Vietcap IQ & Sở GDCK,https://ils.com.vn/,https://ils.com.vn/quan-he-co-dong
IME,Công ty Cổ phần Cơ khí và Xây lắp Công nghiệp,Xây lắp Công nghiệp,UPCOM,Công nghiệp,Hàng & Dịch vụ Công nghiệp,Công nghiệp nặng,Máy công nghiệp,2757,FiinPro / Vietcap IQ & Sở GDCK,http://imecovn.com.vn,http://imecovn.com.vn/quan-he-co-dong
IN4,Công ty Cổ phần In số 4,In số 4,UPCOM,Dịch vụ Tiêu dùng,Truyền thông,Truyền thông,"Sách, ấn bản & sản phẩm văn hóa",5557,FiinPro / Vietcap IQ & Sở GDCK,http://inso4.com/,http://inso4.com/quan-he-co-dong
IRC,Công ty Cổ phần Cao su Công nghiệp,Cao su Công nghiệp,UPCOM,Nguyên vật liệu,Hóa chất,Hóa chất,"Nhựa, cao su & sợi",1353,FiinPro / Vietcap IQ & Sở GDCK,http://www.donarubber.com.vn,http://www.donarubber.com.vn/quan-he-co-dong
ISG,Công ty Cổ phần Vận tải biển và Hợp tác lao động Quốc Tế,Vận tải biển và Hợp tác LĐ Quốc Tế,UPCOM,Công nghiệp,Hàng & Dịch vụ Công nghiệp,Vận tải,Vận tải Thủy,2773,FiinPro / Vietcap IQ & Sở GDCK,http://www.inlacosaigon.com,http://www.inlacosaigon.com/quan-he-co-dong
ISH,Công ty Cổ phần Thủy điện Srok Phu Miêng IDICO,Thủy điện Srok Phu Miêng,UPCOM,Tiện ích Cộng đồng,"Điện, nước & xăng dầu khí đốt",Sản xuất & Phân phối Điện,Sản xuất & Phân phối Điện,7535,FiinPro / Vietcap IQ & Sở GDCK,https://idico-shp.vn/,https://idico-shp.vn/quan-he-co-dong
IST,Công ty Cổ phần ICD Tân Cảng Sóng Thần,ICD Tân Cảng Sóng Thần,UPCOM,Công nghiệp,Hàng & Dịch vụ Công nghiệp,Vận tải,"Kho bãi, hậu cần và bảo dưỡng",2777,FiinPro / Vietcap IQ & Sở GDCK,http://www.icdsongthan.com.vn,http://www.icdsongthan.com.vn/quan-he-co-dong
ITA,Công ty Cổ phần Đầu tư và Công nghiệp Tân Tạo,Đầu tư CN Tân Tạo,UPCOM,Tài chính,Bất động sản,Bất động sản,Bất động sản,8633,FiinPro / Vietcap IQ & Sở GDCK,http://www.itaexpress.com.vn,http://www.itaexpress.com.vn/quan-he-co-dong
ITS,"Công ty Cổ phần Đầu tư, Thương mại và Dịch vụ - Vinacomin",Thương mại và DV - Vinacomin,UPCOM,Công nghiệp,Hàng & Dịch vụ Công nghiệp,Công nghiệp nặng,Máy công nghiệp,2757,FiinPro / Vietcap IQ & Sở GDCK,http://itasco.vn,http://itasco.vn/quan-he-co-dong
JOS,Công ty Cổ phần Chế biến Thủy sản Xuất khẩu Minh Hải,Thủy sản Minh Hải,UPCOM,Hàng Tiêu dùng,Thực phẩm và đồ uống,Sản xuất thực phẩm,Nuôi trồng nông & hải sản,3573,FiinPro / Vietcap IQ & Sở GDCK,https://www.jostoco.com,https://www.jostoco.com/quan-he-co-dong
KAI,Công ty Cổ phần Chứng khoán KAFI,Chứng khoán KAFI,UPCOM,Tài chính,Dịch vụ tài chính,Dịch vụ tài chính,Môi giới chứng khoán,8777,FiinPro / Vietcap IQ & Sở GDCK,https://kafi.vn/,https://kafi.vn/quan-he-co-dong
KCB,Công ty Cổ phần Khoáng Sản và Luyện Kim Cao Bằng,Khoáng Sản Luyện Kim Cao Bằng,UPCOM,Nguyên vật liệu,Tài nguyên Cơ bản,Khai khoáng,Khai khoáng,1775,FiinPro / Vietcap IQ & Sở GDCK,http://cmamc.com.vn,http://cmamc.com.vn/quan-he-co-dong
KGM,Công ty Cổ phần Xuất nhập khẩu Kiên Giang,XNK Kiên Giang,UPCOM,Dịch vụ Tiêu dùng,Bán lẻ,Bán lẻ,Bán lẻ phức hợp,5373,FiinPro / Vietcap IQ & Sở GDCK,https://www.kigimex.com.vn,https://www.kigimex.com.vn/quan-he-co-dong
KHD,"Công ty Cổ phần Khai thác, Chế biến Khoáng sản Hải Dương",Khoáng sản Hải Dương,UPCOM,Nguyên vật liệu,Tài nguyên Cơ bản,Khai khoáng,Khai khoáng,1775,FiinPro / Vietcap IQ & Sở GDCK,https://khoangsanhaiduong.com,https://khoangsanhaiduong.com/quan-he-co-dong
KHW,Công ty Cổ phần Cấp thoát nước Khánh Hòa,Cấp thoát nước Khánh Hòa,UPCOM,Tiện ích Cộng đồng,"Điện, nước & xăng dầu khí đốt",Nước & Khí đốt,Nước,7577,FiinPro / Vietcap IQ & Sở GDCK,https://ctnkh.com.vn/,https://ctnkh.com.vn/quan-he-co-dong
KHX,Công ty Cổ phần Phát hành sách Khánh Hoà,Fahasa Khanh Hoa,UPCOM,Dịch vụ Tiêu dùng,Truyền thông,Truyền thông,"Sách, ấn bản & sản phẩm văn hóa",5557,FiinPro / Vietcap IQ & Sở GDCK,https://www.sachkhanhhoa.com,https://www.sachkhanhhoa.com/quan-he-co-dong
KIP,Công ty Cổ phần K.I.P Việt Nam,K.I.P Việt Nam,UPCOM,Công nghiệp,Hàng & Dịch vụ Công nghiệp,Điện tử & Thiết bị điện,Thiết bị điện,2737,FiinPro / Vietcap IQ & Sở GDCK,http://vinakip.vn,http://vinakip.vn/quan-he-co-dong
KNA,Công ty Cổ phần Khoáng sản Nghệ An,Khoáng sản Nghệ An,UPCOM,Nguyên vật liệu,Tài nguyên Cơ bản,Khai khoáng,Khai khoáng,1775,FiinPro / Vietcap IQ & Sở GDCK,,https://finance.vietstock.vn/KNA/ho-so-doanh-nghiep.htm
KPF,Công ty Cổ phần Đầu tư Tài sản KOJI,Đầu tư Tài sản KOJI,UPCOM,Công nghiệp,Xây dựng và Vật liệu,Xây dựng và Vật liệu,Vật liệu xây dựng & Nội thất,2353,FiinPro / Vietcap IQ & Sở GDCK,https://kpf.com.vn/,https://kpf.com.vn/quan-he-co-dong
KSQ,Công ty Cổ phần CNC Capital Việt Nam,CNC Capital Việt Nam,UPCOM,Công nghiệp,Xây dựng và Vật liệu,Xây dựng và Vật liệu,Vật liệu xây dựng & Nội thất,2353,FiinPro / Vietcap IQ & Sở GDCK,http://cnccapital.com.vn,http://cnccapital.com.vn/quan-he-co-dong
KTC,Công ty Cổ phần Thương mại Kiên Giang,Thương mại Kiên Giang,UPCOM,Hàng Tiêu dùng,Thực phẩm và đồ uống,Sản xuất thực phẩm,Thực phẩm,3577,FiinPro / Vietcap IQ & Sở GDCK,https://www.ktcvn.com.vn,https://www.ktcvn.com.vn/quan-he-co-dong
KTL,Công ty Cổ phần Kim khí Thăng Long,Kim khí Thăng Long,UPCOM,Nguyên vật liệu,Tài nguyên Cơ bản,Kim loại,Thép và sản phẩm thép,1757,FiinPro / Vietcap IQ & Sở GDCK,http://tlmw.com.vn,http://tlmw.com.vn/quan-he-co-dong
KTT,Công ty Cổ phần Tập đoàn Đầu tư KTT,Tập đoàn Đầu tư KTT,UPCOM,Công nghiệp,Xây dựng và Vật liệu,Xây dựng và Vật liệu,Xây dựng,2357,FiinPro / Vietcap IQ & Sở GDCK,https://kttgroup.vn/,https://kttgroup.vn/quan-he-co-dong
KVC,Công ty Cổ phần Sản xuất Xuất nhập khẩu Inox Kim Vĩ,XNK Inox Kim Vĩ,UPCOM,Nguyên vật liệu,Tài nguyên Cơ bản,Kim loại,Thép và sản phẩm thép,1757,FiinPro / Vietcap IQ & Sở GDCK,http://kimvico.com.vn/,http://kimvico.com.vn/quan-he-co-dong
L12,Công ty Cổ phần Licogi 12,LICOGI 12,UPCOM,Công nghiệp,Xây dựng và Vật liệu,Xây dựng và Vật liệu,Xây dựng,2357,FiinPro / Vietcap IQ & Sở GDCK,https://www.licogi12.com,https://www.licogi12.com/quan-he-co-dong
L35,Công ty Cổ phần Cơ khí Lắp máy Lilama,Cơ khí Lilama,UPCOM,Công nghiệp,Hàng & Dịch vụ Công nghiệp,Công nghiệp nặng,Máy công nghiệp,2757,FiinPro / Vietcap IQ & Sở GDCK,http://www.lilamaemc.com.vn,http://www.lilamaemc.com.vn/quan-he-co-dong
L43,Công ty Cổ phần Lilama 45.3,LILAMA 45.3,UPCOM,Công nghiệp,Xây dựng và Vật liệu,Xây dựng và Vật liệu,Xây dựng,2357,FiinPro / Vietcap IQ & Sở GDCK,https://lilama45-3.com,https://lilama45-3.com/quan-he-co-dong
L45,Công ty Cổ phần Lilama 45.1,Lilama 45.1,UPCOM,Công nghiệp,Xây dựng và Vật liệu,Xây dựng và Vật liệu,Xây dựng,2357,FiinPro / Vietcap IQ & Sở GDCK,http://www.lilama45-1.com,http://www.lilama45-1.com/quan-he-co-dong
L61,Công ty Cổ phần Lilama 69-1,LILAMA 69-1,UPCOM,Công nghiệp,Hàng & Dịch vụ Công nghiệp,Công nghiệp nặng,Máy công nghiệp,2757,FiinPro / Vietcap IQ & Sở GDCK,http://www.lilama69-1.com.vn,http://www.lilama69-1.com.vn/quan-he-co-dong
L62,Công ty Cổ phần Lilama 69 - 2,LILAMA 69.2,UPCOM,Công nghiệp,Hàng & Dịch vụ Công nghiệp,Công nghiệp nặng,Máy công nghiệp,2757,FiinPro / Vietcap IQ & Sở GDCK,http://lilama69-2.com.vn,http://lilama69-2.com.vn/quan-he-co-dong
L63,Công ty Cổ phần Lilama 69-3,Lilama 69-3,UPCOM,Công nghiệp,Hàng & Dịch vụ Công nghiệp,Công nghiệp nặng,Máy công nghiệp,2757,FiinPro / Vietcap IQ & Sở GDCK,https://lilama69-3.vn/,https://lilama69-3.vn/quan-he-co-dong
LAI,Công ty Cổ phần Đầu tư Xây dựng Long An IDICO,XD Long An IDICO,UPCOM,Công nghiệp,Xây dựng và Vật liệu,Xây dựng và Vật liệu,Xây dựng,2357,FiinPro / Vietcap IQ & Sở GDCK,https://idico-linco.com.vn/,https://idico-linco.com.vn/quan-he-co-dong
LAW,Công ty Cổ phần Cấp thoát nước Long An,Cấp thoát nước Long An,UPCOM,Tiện ích Cộng đồng,"Điện, nước & xăng dầu khí đốt",Nước & Khí đốt,Nước,7577,FiinPro / Vietcap IQ & Sở GDCK,http://www.lawaco.com.vn,http://www.lawaco.com.vn/quan-he-co-dong
LCM,Công ty Cổ phần Khai thác và Chế biến Khoáng sản Lào Cai,Khoáng sản Lào Cai,UPCOM,Nguyên vật liệu,Tài nguyên Cơ bản,Khai khoáng,Khai khoáng,1775,FiinPro / Vietcap IQ & Sở GDCK,https://khoangsanlaocai.vn/,https://khoangsanlaocai.vn/quan-he-co-dong
LDW,Công ty Cổ phần Cấp thoát nước Lâm Đồng,Cấp thoát nước Lâm Đồng,UPCOM,Tiện ích Cộng đồng,"Điện, nước & xăng dầu khí đốt",Nước & Khí đốt,Nước,7577,FiinPro / Vietcap IQ & Sở GDCK,http://lawaco.com,http://lawaco.com/quan-he-co-dong
LEC,Công ty Cổ phần Bất động sản Điện lực Miền Trung,BĐS Điện lực Miền Trung,UPCOM,Tài chính,Bất động sản,Bất động sản,Bất động sản,8633,FiinPro / Vietcap IQ & Sở GDCK,http://lec.com.vn,http://lec.com.vn/quan-he-co-dong
LG9,Công ty Cổ phần Cơ giới và Xây lắp số 9,Cơ giới và XL số 9 (Licogi 9),UPCOM,Công nghiệp,Xây dựng và Vật liệu,Xây dựng và Vật liệu,Xây dựng,2357,FiinPro / Vietcap IQ & Sở GDCK,http://www.licogi9.com.vn,http://www.licogi9.com.vn/quan-he-co-dong
LIC,Tổng Công ty LICOGI - Công ty Cổ phần,LICOGI,UPCOM,Công nghiệp,Xây dựng và Vật liệu,Xây dựng và Vật liệu,Vật liệu xây dựng & Nội thất,2353,FiinPro / Vietcap IQ & Sở GDCK,http://www.licogi.com.vn,http://www.licogi.com.vn/quan-he-co-dong
LKW,Công ty Cổ phần Cấp nước Long Khánh,Cấp nước Long Khánh,UPCOM,Tiện ích Cộng đồng,"Điện, nước & xăng dầu khí đốt",Nước & Khí đốt,Nước,7577,FiinPro / Vietcap IQ & Sở GDCK,https://capnuoclongkhanh.com.vn/,https://capnuoclongkhanh.com.vn/quan-he-co-dong
LLM,Tổng Công ty lắp máy Việt Nam - Công ty Cổ phần,LILAMA,UPCOM,Công nghiệp,Hàng & Dịch vụ Công nghiệp,Công nghiệp nặng,Máy công nghiệp,2757,FiinPro / Vietcap IQ & Sở GDCK,https://lilama.com.vn,https://lilama.com.vn/quan-he-co-dong
LM3,Công ty Cổ phần Lilama 3,Lilama 3,UPCOM,Công nghiệp,Xây dựng và Vật liệu,Xây dựng và Vật liệu,Xây dựng,2357,FiinPro / Vietcap IQ & Sở GDCK,http://www.lilama3.vn,http://www.lilama3.vn/quan-he-co-dong
LM7,Công ty Cổ phần Lilama 7,LILAMA 7,UPCOM,Công nghiệp,Hàng & Dịch vụ Công nghiệp,Công nghiệp nặng,Máy công nghiệp,2757,FiinPro / Vietcap IQ & Sở GDCK,https://lilama7.com.vn,https://lilama7.com.vn/quan-he-co-dong
LMC,Công ty Cổ phần LUMI Holdings,LUMI Holdings,UPCOM,Nguyên vật liệu,Tài nguyên Cơ bản,Khai khoáng,Khai khoáng,1775,FiinPro / Vietcap IQ & Sở GDCK,https://lumiholdings.vn/,https://lumiholdings.vn/quan-he-co-dong
LMH,Công ty Cổ phần Quốc Tế Holding,CTCP Quốc Tế Holding,UPCOM,Tài chính,Bất động sản,Bất động sản,Bất động sản,8633,FiinPro / Vietcap IQ & Sở GDCK,https://quocteholding.vn/,https://quocteholding.vn/quan-he-co-dong
LMI,Công ty Cổ phần Đầu tư Xây dựng Lắp máy IDICO,Lắp máy IDICO,UPCOM,Công nghiệp,Hàng & Dịch vụ Công nghiệp,Công nghiệp nặng,Máy công nghiệp,2757,FiinPro / Vietcap IQ & Sở GDCK,https://www.lamaidico.com.vn,https://www.lamaidico.com.vn/quan-he-co-dong
LNC,Công ty Cổ phần Lệ Ninh,Lệ Ninh - Quảng Bình,UPCOM,Nguyên vật liệu,Hóa chất,Hóa chất,"Nhựa, cao su & sợi",1353,FiinPro / Vietcap IQ & Sở GDCK,http://www.leninh.vn,http://www.leninh.vn/quan-he-co-dong
LO5,Công ty Cổ phần Lilama 5,LILAMA 5,UPCOM,Công nghiệp,Hàng & Dịch vụ Công nghiệp,Công nghiệp nặng,Máy công nghiệp,2757,FiinPro / Vietcap IQ & Sở GDCK,http://www.lilama5.com.vn,http://www.lilama5.com.vn/quan-he-co-dong
LPT,Công ty Cổ phần Thương mại và Sản xuất Lập Phương Thành,TM và SX Lập Phương Thành,UPCOM,Công nghiệp,Hàng & Dịch vụ Công nghiệp,Tư vấn & Hỗ trợ Kinh doanh,Đào tạo & Việc làm,2793,FiinPro / Vietcap IQ & Sở GDCK,http://www.lapphuongthanh.vn,http://www.lapphuongthanh.vn/quan-he-co-dong
LQN,Công ty Cổ phần Licogi Quảng Ngãi,Licogi Quảng Ngãi,UPCOM,Công nghiệp,Xây dựng và Vật liệu,Xây dựng và Vật liệu,Xây dựng,2357,FiinPro / Vietcap IQ & Sở GDCK,http://www.licogiqn.com,http://www.licogiqn.com/quan-he-co-dong
LSG,Công ty Cổ phần Bất động sản Sài Gòn Vi na,BĐS Sài Gòn Vina,UPCOM,Tài chính,Bất động sản,Bất động sản,Bất động sản,8633,FiinPro / Vietcap IQ & Sở GDCK,http://landsaigon.vn,http://landsaigon.vn/quan-he-co-dong
LTC,Công ty Cổ phần Điện nhẹ Viễn Thông,Điện nhẹ Viễn thông,UPCOM,Công nghệ Thông tin,Công nghệ Thông tin,Thiết bị và Phần cứng,Phần cứng,9572,FiinPro / Vietcap IQ & Sở GDCK,http://ltc.com.vn,http://ltc.com.vn/quan-he-co-dong
LTQ,Công ty TNHH MTV Lâm nghiệp Nguyễn Văn Trỗi,Lâm nghiệp Nguyễn Văn Trỗi,UPCOM,Nguyên vật liệu,Tài nguyên Cơ bản,Lâm nghiệp và Giấy,Lâm sản và Chế biến gỗ,1733,FiinPro / Vietcap IQ & Sở GDCK,,https://finance.vietstock.vn/LTQ/ho-so-doanh-nghiep.htm
LUT,Công ty Cổ phần Đầu tư Xây dựng Lương Tài,Đầu tư Xây dựng Lương Tài,UPCOM,Công nghiệp,Xây dựng và Vật liệu,Xây dựng và Vật liệu,Xây dựng,2357,FiinPro / Vietcap IQ & Sở GDCK,,https://finance.vietstock.vn/LUT/ho-so-doanh-nghiep.htm
M10,Tổng công ty May 10 - Công ty Cổ phần,Tổng công ty May 10,UPCOM,Hàng Tiêu dùng,Hàng cá nhân & Gia dụng,Hàng cá nhân,Hàng May mặc,3763,FiinPro / Vietcap IQ & Sở GDCK,https://garco10.com.vn/,https://garco10.com.vn/quan-he-co-dong
MA1,Công ty Cổ phần Thiết bị,MACHINCO1,UPCOM,Tài chính,Bất động sản,Bất động sản,Bất động sản,8633,FiinPro / Vietcap IQ & Sở GDCK,http://machinco1.com.vn,http://machinco1.com.vn/quan-he-co-dong
MBN,Công ty Cổ phần Môi trường và Công trình đô thị Bắc Ninh,Môi trường và Công trình ĐT Bắc Ninh,UPCOM,Công nghiệp,Hàng & Dịch vụ Công nghiệp,Tư vấn & Hỗ trợ Kinh doanh,Chất thải & Môi trường,2799,FiinPro / Vietcap IQ & Sở GDCK,https://moitruongdothibacninh.com.vn,https://moitruongdothibacninh.com.vn/quan-he-co-dong
MBT,Công ty Cổ phần Bất động sản cho thuê Minh Bảo Tín,BĐS cho thuê Minh Bảo Tín,UPCOM,Tài chính,Bất động sản,Bất động sản,Bất động sản,8633,FiinPro / Vietcap IQ & Sở GDCK,https://minhbaotin.com/,https://minhbaotin.com/quan-he-co-dong
MCG,Công ty Cổ phần Năng lượng và Bất động sản MCG,Năng lượng và Bất động sản MCG,UPCOM,Công nghiệp,Xây dựng và Vật liệu,Xây dựng và Vật liệu,Xây dựng,2357,FiinPro / Vietcap IQ & Sở GDCK,https://www.mcger.com/,https://www.mcger.com/quan-he-co-dong
MDA,Công ty Cổ phần Môi trường Đô thị Đông Anh,Môi trường Đô thị Đông Anh,UPCOM,Công nghiệp,Hàng & Dịch vụ Công nghiệp,Tư vấn & Hỗ trợ Kinh doanh,Chất thải & Môi trường,2799,FiinPro / Vietcap IQ & Sở GDCK,http://moitruongdonganh.vn,http://moitruongdonganh.vn/quan-he-co-dong
MDF,Công ty Cổ phần Gỗ MDF VRG - Quảng Trị,Gỗ MDF VRG - Quảng Trị,UPCOM,Nguyên vật liệu,Tài nguyên Cơ bản,Lâm nghiệp và Giấy,Lâm sản và Chế biến gỗ,1733,FiinPro / Vietcap IQ & Sở GDCK,http://www.mdfquangtri.vn,http://www.mdfquangtri.vn/quan-he-co-dong
MEC,Công ty Cổ phần Cơ khí - Lắp máy Sông Đà,Lắp máy Sông Đà,UPCOM,Công nghiệp,Xây dựng và Vật liệu,Xây dựng và Vật liệu,Xây dựng,2357,FiinPro / Vietcap IQ & Sở GDCK,https://someco.com.vn,https://someco.com.vn/quan-he-co-dong
MEF,Công ty Cổ phần MEINFA,MEINFA,UPCOM,Dược phẩm và Y tế,Y tế,Thiết bị và Dịch vụ Y tế,Dụng cụ y tế,4537,FiinPro / Vietcap IQ & Sở GDCK,http://meinfa.vn,http://meinfa.vn/quan-he-co-dong
MES,Công ty Cổ phần Cơ điện Công trình,Cơ điện Công trình,UPCOM,Công nghiệp,Xây dựng và Vật liệu,Xây dựng và Vật liệu,Xây dựng,2357,FiinPro / Vietcap IQ & Sở GDCK,http://mesc.com.vn/,http://mesc.com.vn/quan-he-co-dong
MFS,Công ty Cổ phần Dịch vụ kỹ thuật Mobifone,Mobifone Service,UPCOM,Viễn thông,Viễn thông,Viễn thông di động,Viễn thông di động,6575,FiinPro / Vietcap IQ & Sở GDCK,http://mobifoneservice.com.vn,http://mobifoneservice.com.vn/quan-he-co-dong
MGC,Công ty Cổ phần Địa chất mỏ - TKV,Địa chất mỏ - TKV,UPCOM,Nguyên vật liệu,Tài nguyên Cơ bản,Khai khoáng,Khai khoáng,1775,FiinPro / Vietcap IQ & Sở GDCK,https://minegeology.vn/default.aspx,https://minegeology.vn/default.aspx/quan-he-co-dong
MGG,Tổng Công ty Đức Giang - Công ty Cổ phần,May Đức Giang,UPCOM,Hàng Tiêu dùng,Hàng cá nhân & Gia dụng,Hàng cá nhân,Hàng May mặc,3763,FiinPro / Vietcap IQ & Sở GDCK,http://www.mayducgiang.com.vn,http://www.mayducgiang.com.vn/quan-he-co-dong
MGR,Công ty cổ phần Tập đoàn MGROUP,Tập đoàn MGROUP,UPCOM,Tài chính,Bất động sản,Bất động sản,Bất động sản,8633,FiinPro / Vietcap IQ & Sở GDCK,https://www.mgroup.vn/,https://www.mgroup.vn/quan-he-co-dong
MH3,Công ty Cổ phần Khu công nghiệp Cao su Bình Long,KCN Cao su Bình Long,UPCOM,Tài chính,Bất động sản,Bất động sản,Bất động sản,8633,FiinPro / Vietcap IQ & Sở GDCK,https://blip.vn/,https://blip.vn/quan-he-co-dong
MHL,Công ty Cổ phần Minh Hữu Liên,Minh Hữu Liên,UPCOM,Nguyên vật liệu,Tài nguyên Cơ bản,Kim loại,Thép và sản phẩm thép,1757,FiinPro / Vietcap IQ & Sở GDCK,http://www.minghuulien.com.vn,http://www.minghuulien.com.vn/quan-he-co-dong
MIE,Tổng Công ty Máy và Thiết bị Công nghiệp - CTCP,Máy và Thiết bị Công nghiệp,UPCOM,Công nghiệp,Hàng & Dịch vụ Công nghiệp,Công nghiệp nặng,Máy công nghiệp,2757,FiinPro / Vietcap IQ & Sở GDCK,https://mie.com.vn,https://mie.com.vn/quan-he-co-dong
MKP,Công ty Cổ phần Hóa - Dược phẩm Mekophar,Dược phẩm Mekophar,UPCOM,Dược phẩm và Y tế,Y tế,Dược phẩm,Dược phẩm,4577,FiinPro / Vietcap IQ & Sở GDCK,https://mekophar.com,https://mekophar.com/quan-he-co-dong
MLC,Công ty Cổ phần Môi trường Đô thị Tỉnh Lào Cai,Môi trường Đô thị Tỉnh Lào Cai,UPCOM,Công nghiệp,Hàng & Dịch vụ Công nghiệp,Tư vấn & Hỗ trợ Kinh doanh,Chất thải & Môi trường,2799,FiinPro / Vietcap IQ & Sở GDCK,https://moitruongdothilaocai.com.vn,https://moitruongdothilaocai.com.vn/quan-he-co-dong
MLS,Công ty Cổ phần Chăn nuôi - Mitraco,Chăn nuôi Mitraco,UPCOM,Hàng Tiêu dùng,Thực phẩm và đồ uống,Sản xuất thực phẩm,Nuôi trồng nông & hải sản,3573,FiinPro / Vietcap IQ & Sở GDCK,http://channuoimitraco.com.vn/,http://channuoimitraco.com.vn/quan-he-co-dong
MML,Công ty Cổ phần Masan MEATLife,Masan MEATLife,UPCOM,Hàng Tiêu dùng,Thực phẩm và đồ uống,Sản xuất thực phẩm,Thực phẩm,3577,FiinPro / Vietcap IQ & Sở GDCK,https://masanmeatlife.com.vn/,https://masanmeatlife.com.vn/quan-he-co-dong
MNB,Tổng Công ty May Nhà Bè - Công ty Cổ phần,May Nhà Bè,UPCOM,Hàng Tiêu dùng,Hàng cá nhân & Gia dụng,Hàng cá nhân,Hàng May mặc,3763,FiinPro / Vietcap IQ & Sở GDCK,http://www.nhabe.com.vn,http://www.nhabe.com.vn/quan-he-co-dong
MND,Công ty Cổ phần Môi trường Nam Định,Môi trường Nam Định,UPCOM,Công nghiệp,Hàng & Dịch vụ Công nghiệp,Tư vấn & Hỗ trợ Kinh doanh,Chất thải & Môi trường,2799,FiinPro / Vietcap IQ & Sở GDCK,https://moitruongnamdinh.com.vn,https://moitruongnamdinh.com.vn/quan-he-co-dong
MPC,Công ty Cổ phần Tập đoàn Thủy sản Minh Phú,Thủy sản Minh Phú,UPCOM,Hàng Tiêu dùng,Thực phẩm và đồ uống,Sản xuất thực phẩm,Nuôi trồng nông & hải sản,3573,FiinPro / Vietcap IQ & Sở GDCK,http://minhphu.com,http://minhphu.com/quan-he-co-dong
MPT,Công ty Cổ phần Tập đoàn MPT,Tập đoàn MPT,UPCOM,Hàng Tiêu dùng,Hàng cá nhân & Gia dụng,Hàng cá nhân,Hàng May mặc,3763,FiinPro / Vietcap IQ & Sở GDCK,http://mptgroup.com.vn,http://mptgroup.com.vn/quan-he-co-dong
MPY,Công ty Cổ phần Môi trường đô thị Phú Yên,Môi trường đô thị Phú Yên,UPCOM,Công nghiệp,Hàng & Dịch vụ Công nghiệp,Tư vấn & Hỗ trợ Kinh doanh,Chất thải & Môi trường,2799,FiinPro / Vietcap IQ & Sở GDCK,https://moitruongdothiphuyen.vn/,https://moitruongdothiphuyen.vn/quan-he-co-dong
MQB,Công ty Cổ phần Môi trường và Phát triển đô thị Quảng Bình,Môi trường và PT đô thị Quảng Bình,UPCOM,Công nghiệp,Hàng & Dịch vụ Công nghiệp,Tư vấn & Hỗ trợ Kinh doanh,Chất thải & Môi trường,2799,FiinPro / Vietcap IQ & Sở GDCK,https://urencoquangbinh.com.vn/,https://urencoquangbinh.com.vn/quan-he-co-dong
MQN,Công ty Cổ phần Môi trường đô thị Quảng Ngãi,Môi trường đô thị Quảng Ngãi,UPCOM,Công nghiệp,Hàng & Dịch vụ Công nghiệp,Tư vấn & Hỗ trợ Kinh doanh,Chất thải & Môi trường,2799,FiinPro / Vietcap IQ & Sở GDCK,https://moitruongdothiquangngai.com.vn,https://moitruongdothiquangngai.com.vn/quan-he-co-dong
MRF,Công ty Cổ phần MERUFA,Cao su y tế MERUFA,UPCOM,Dược phẩm và Y tế,Y tế,Thiết bị và Dịch vụ Y tế,Thiết bị y tế,4535,FiinPro / Vietcap IQ & Sở GDCK,http://www.merufa.com.vn,http://www.merufa.com.vn/quan-he-co-dong
MSR,Công ty Cổ phần Masan High-Tech Materials,Masan High-Tech Materials,UPCOM,Nguyên vật liệu,Tài nguyên Cơ bản,Khai khoáng,Khai khoáng,1775,FiinPro / Vietcap IQ & Sở GDCK,https://masanhightechmaterials.com/,https://masanhightechmaterials.com/quan-he-co-dong
MT7,Công ty Cổ phần Sản Xuất Thương Mại Dịch Vụ Xây Dựng Minh Thành,Công Ty Cổ Phần Minh Thành,UPCOM,Dịch vụ Tiêu dùng,Du lịch và Giải trí,Du lịch & Giải trí,Nhà hàng và quán bar,5757,FiinPro / Vietcap IQ & Sở GDCK,,https://finance.vietstock.vn/MT7/ho-so-doanh-nghiep.htm
MT9,Công ty Cổ phần 319 Miền Trung,319 Miền Trung,UPCOM,Công nghiệp,Xây dựng và Vật liệu,Xây dựng và Vật liệu,Xây dựng,2357,FiinPro / Vietcap IQ & Sở GDCK,,https://finance.vietstock.vn/MT9/ho-so-doanh-nghiep.htm
MTA,Tổng Công ty Khoáng sản và Thương mại Hà Tĩnh - Công ty Cổ phần,Khoáng sản và TM Hà Tĩnh,UPCOM,Nguyên vật liệu,Tài nguyên Cơ bản,Khai khoáng,Khai khoáng,1775,FiinPro / Vietcap IQ & Sở GDCK,http://mitraco.com.vn,http://mitraco.com.vn/quan-he-co-dong
MTB,Công ty Cổ phần Môi trường và Công trình đô thị tỉnh Thái Bình,Công trình đô thị tỉnh Thái Bình,UPCOM,Công nghiệp,Hàng & Dịch vụ Công nghiệp,Tư vấn & Hỗ trợ Kinh doanh,Chất thải & Môi trường,2799,FiinPro / Vietcap IQ & Sở GDCK,http://moitruongdothithaibinh.com,http://moitruongdothithaibinh.com/quan-he-co-dong
MTG,Công ty Cổ phần MT Gas,MTGAS,UPCOM,Tiện ích Cộng đồng,"Điện, nước & xăng dầu khí đốt",Nước & Khí đốt,Phân phối xăng dầu & khí đốt,7573,FiinPro / Vietcap IQ & Sở GDCK,http://mtgas.com.vn,http://mtgas.com.vn/quan-he-co-dong
MTH,Công ty Cổ phần Môi trường Đô thị Hà Đông,Môi trường Đô thị Hà Đông,UPCOM,Công nghiệp,Hàng & Dịch vụ Công nghiệp,Tư vấn & Hỗ trợ Kinh doanh,Chất thải & Môi trường,2799,FiinPro / Vietcap IQ & Sở GDCK,https://moitruongdothihadong.com.vn/,https://moitruongdothihadong.com.vn/quan-he-co-dong
MTL,Công ty Cổ phần Dịch vụ Môi trường Đô thị Từ Liêm,Môi trường Đô thị Từ Liêm,UPCOM,Công nghiệp,Hàng & Dịch vụ Công nghiệp,Tư vấn & Hỗ trợ Kinh doanh,Chất thải & Môi trường,2799,FiinPro / Vietcap IQ & Sở GDCK,http://moitruongdothituliem.com.vn,http://moitruongdothituliem.com.vn/quan-he-co-dong
MTP,Công ty Cổ phần Dược Medipharco,Dược Medipharco,UPCOM,Dược phẩm và Y tế,Y tế,Dược phẩm,Dược phẩm,4577,FiinPro / Vietcap IQ & Sở GDCK,http://www.medipharco.com.vn,http://www.medipharco.com.vn/quan-he-co-dong
MTS,Công ty Cổ phần Vật tư - TKV,Vật tư - TKV,UPCOM,Công nghiệp,Hàng & Dịch vụ Công nghiệp,Tư vấn & Hỗ trợ Kinh doanh,Nhà cung cấp thiết bị,2797,FiinPro / Vietcap IQ & Sở GDCK,http://www.vmts.vn,http://www.vmts.vn/quan-he-co-dong
MTV,Công ty Cổ phần Dịch vụ Môi trường và Công trình Đô thị Vũng Tàu,Công trình đô thị Vũng Tàu,UPCOM,Công nghiệp,Hàng & Dịch vụ Công nghiệp,Tư vấn & Hỗ trợ Kinh doanh,Chất thải & Môi trường,2799,FiinPro / Vietcap IQ & Sở GDCK,https://dothivungtau.com.vn/,https://dothivungtau.com.vn/quan-he-co-dong
MVC,Công ty Cổ phần Vật liệu và Xây dựng Bình Dương,VL và XD Bình Dương,UPCOM,Công nghiệp,Xây dựng và Vật liệu,Xây dựng và Vật liệu,Vật liệu xây dựng & Nội thất,2353,FiinPro / Vietcap IQ & Sở GDCK,http://www.vlxdbd.com.vn,http://www.vlxdbd.com.vn/quan-he-co-dong
MVN,Tổng Công ty Hàng hải Việt Nam - CTCP,TCT Hàng hải Việt Nam,UPCOM,Công nghiệp,Hàng & Dịch vụ Công nghiệp,Vận tải,Vận tải Thủy,2773,FiinPro / Vietcap IQ & Sở GDCK,https://vimc.co,https://vimc.co/quan-he-co-dong
NAC,Công ty Cổ phần Tư vấn Xây dựng Tổng hợp,Tư vấn xây dựng Tổng hợp,UPCOM,Công nghiệp,Xây dựng và Vật liệu,Xây dựng và Vật liệu,Xây dựng,2357,FiinPro / Vietcap IQ & Sở GDCK,https://nagecco.com,https://nagecco.com/quan-he-co-dong
NAS,Công ty Cổ phần Dịch vụ Hàng không Sân bay Việt Nam,DV Hàng không SB Việt Nam,UPCOM,Công nghiệp,Hàng & Dịch vụ Công nghiệp,Vận tải,"Kho bãi, hậu cần và bảo dưỡng",2777,FiinPro / Vietcap IQ & Sở GDCK,http://nasco.com.vn,http://nasco.com.vn/quan-he-co-dong
NAU,Công ty Cổ phần Môi trường và Công trình Đô thị Nghệ An,Công trình Đô thị Nghệ An,UPCOM,Công nghiệp,Hàng & Dịch vụ Công nghiệp,Tư vấn & Hỗ trợ Kinh doanh,Chất thải & Môi trường,2799,FiinPro / Vietcap IQ & Sở GDCK,http://moitruongdothinghean.com.vn,http://moitruongdothinghean.com.vn/quan-he-co-dong
NAW,Công ty Cổ phần Cấp nước Nghệ An,Cấp nước Nghệ An,UPCOM,Tiện ích Cộng đồng,"Điện, nước & xăng dầu khí đốt",Nước & Khí đốt,Nước,7577,FiinPro / Vietcap IQ & Sở GDCK,http://www.nawasco.com.vn,http://www.nawasco.com.vn/quan-he-co-dong
NBE,Công ty Cổ phần Sách và Thiết bị Giáo dục Miền Bắc,Sách và Thiết bị GD Miền Bắc,UPCOM,Dịch vụ Tiêu dùng,Truyền thông,Truyền thông,"Sách, ấn bản & sản phẩm văn hóa",5557,FiinPro / Vietcap IQ & Sở GDCK,http://stbmienbac.vn,http://stbmienbac.vn/quan-he-co-dong
NBT,Công ty Cổ phần Cấp thoát nước Bến Tre,Cấp thoát nước Bến Tre,UPCOM,Tiện ích Cộng đồng,"Điện, nước & xăng dầu khí đốt",Nước & Khí đốt,Nước,7577,FiinPro / Vietcap IQ & Sở GDCK,https://capnuocbentre.vn,https://capnuocbentre.vn/quan-he-co-dong
NCG,Công ty Cổ phần Đầu tư Anova Agri,Đầu tư Anova Agri,UPCOM,Hàng Tiêu dùng,Thực phẩm và đồ uống,Sản xuất thực phẩm,Nuôi trồng nông & hải sản,3573,FiinPro / Vietcap IQ & Sở GDCK,https://www.anovaagri.com.vn/,https://www.anovaagri.com.vn/quan-he-co-dong
NCS,Công ty Cổ phần Suất ăn Hàng không Nội Bài,Suất ăn Hàng không Nội Bài,UPCOM,Hàng Tiêu dùng,Thực phẩm và đồ uống,Sản xuất thực phẩm,Thực phẩm,3577,FiinPro / Vietcap IQ & Sở GDCK,https://www.noibaicatering.com.vn,https://www.noibaicatering.com.vn/quan-he-co-dong
ND2,Công ty Cổ phần Đầu tư và Phát triển điện Miền Bắc 2,Đầu tư và PT điện Miền Bắc 2,UPCOM,Tiện ích Cộng đồng,"Điện, nước & xăng dầu khí đốt",Sản xuất & Phân phối Điện,Sản xuất & Phân phối Điện,7535,FiinPro / Vietcap IQ & Sở GDCK,http://nedi2.com.vn,http://nedi2.com.vn/quan-he-co-dong
NDC,Công ty Cổ phần Nam Dược,Dược phẩm Nam Dược,UPCOM,Dược phẩm và Y tế,Y tế,Dược phẩm,Dược phẩm,4577,FiinPro / Vietcap IQ & Sở GDCK,https://namduoc.vn,https://namduoc.vn/quan-he-co-dong
NDF,Công ty Cổ phần Chế biến thực phẩm nông sản xuất khẩu Nam Định,Nông sản XK Nam Định,UPCOM,Hàng Tiêu dùng,Thực phẩm và đồ uống,Sản xuất thực phẩm,Thực phẩm,3577,FiinPro / Vietcap IQ & Sở GDCK,http://namdinhfoods.com,http://namdinhfoods.com/quan-he-co-dong
NDP,Công ty Cổ phần Dược phẩm 2/9,Dược phẩm 2/9,UPCOM,Dược phẩm và Y tế,Y tế,Dược phẩm,Dược phẩm,4577,FiinPro / Vietcap IQ & Sở GDCK,https://www.nadyphar.com.vn,https://www.nadyphar.com.vn/quan-he-co-dong
NDT,Tổng Công ty Cổ phần Dệt may Nam Định,Dệt may Nam Định,UPCOM,Hàng Tiêu dùng,Hàng cá nhân & Gia dụng,Hàng cá nhân,Hàng May mặc,3763,FiinPro / Vietcap IQ & Sở GDCK,http://natexco.com.vn,http://natexco.com.vn/quan-he-co-dong
NDW,Công ty Cổ phần Cấp nước Nam Định,Cấp nước Nam Định,UPCOM,Tiện ích Cộng đồng,"Điện, nước & xăng dầu khí đốt",Nước & Khí đốt,Nước,7577,FiinPro / Vietcap IQ & Sở GDCK,http://capnuocnamdinh.vn,http://capnuocnamdinh.vn/quan-he-co-dong
NED,Công ty Cổ phần Đầu tư và Phát triển Điện Tây Bắc,Phát triển Điện Tây Bắc,UPCOM,Công nghiệp,Xây dựng và Vật liệu,Xây dựng và Vật liệu,Xây dựng,2357,FiinPro / Vietcap IQ & Sở GDCK,https://ned.vn,https://ned.vn/quan-he-co-dong
NGC,Công ty Cổ phần Chế biến Thủy sản Xuất khẩu Ngô Quyền,Thủy sản Ngô Quyền,UPCOM,Hàng Tiêu dùng,Thực phẩm và đồ uống,Sản xuất thực phẩm,Nuôi trồng nông & hải sản,3573,FiinPro / Vietcap IQ & Sở GDCK,https://www.ngoprexco.com.vn,https://www.ngoprexco.com.vn/quan-he-co-dong
NHD,Công ty Cổ phần Dược phẩm Nam Hà,Dược phẩm Nam Hà,UPCOM,Dược phẩm và Y tế,Y tế,Dược phẩm,Dược phẩm,4577,FiinPro / Vietcap IQ & Sở GDCK,https://namhapharma.com,https://namhapharma.com/quan-he-co-dong
NHV,Công ty Cổ phần Sức khỏe Hồi sinh Việt Nam,CTCP  Sức khỏe Hồi sinh Việt Nam,UPCOM,Nguyên vật liệu,Tài nguyên Cơ bản,Kim loại,Kim Loại màu,1755,FiinPro / Vietcap IQ & Sở GDCK,https://nhv.com.vn/,https://nhv.com.vn/quan-he-co-dong
NJC,Công ty Cổ phần May Nam Định,May Nam Định,UPCOM,Hàng Tiêu dùng,Hàng cá nhân & Gia dụng,Hàng cá nhân,Hàng May mặc,3763,FiinPro / Vietcap IQ & Sở GDCK,http://www.nagaco.com,http://www.nagaco.com/quan-he-co-dong
NLS,Công ty Cổ phần Cấp thoát nước Lạng Sơn,Cấp thoát nước Lạng Sơn,UPCOM,Tiện ích Cộng đồng,"Điện, nước & xăng dầu khí đốt",Nước & Khí đốt,Nước,7577,FiinPro / Vietcap IQ & Sở GDCK,https://capthoatnuoclangson.com.vn/,https://capthoatnuoclangson.com.vn/quan-he-co-dong
NNT,Công ty Cổ phần Cấp nước Ninh Thuận,Cấp nước Ninh Thuận,UPCOM,Tiện ích Cộng đồng,"Điện, nước & xăng dầu khí đốt",Nước & Khí đốt,Nước,7577,FiinPro / Vietcap IQ & Sở GDCK,http://www.capnuocninhthuan.com,http://www.capnuocninhthuan.com/quan-he-co-dong
NOS,Công ty Cổ phần Vận tải Biển và Thương mại Phương Đông,Vận tải Biển và Thương mại Phương Đông,UPCOM,Công nghiệp,Hàng & Dịch vụ Công nghiệp,Vận tải,Vận tải Thủy,2773,FiinPro / Vietcap IQ & Sở GDCK,https://ostc.com.vn/,https://ostc.com.vn/quan-he-co-dong
NQB,Công ty Cổ phần Cấp nước Quảng Bình,Cấp nước Quảng Bình,UPCOM,Tiện ích Cộng đồng,"Điện, nước & xăng dầu khí đốt",Nước & Khí đốt,Nước,7577,FiinPro / Vietcap IQ & Sở GDCK,http://capnuocquangbinh.vn,http://capnuocquangbinh.vn/quan-he-co-dong
NQN,Công ty Cổ phần Nước sạch Quảng Ninh,Nước sạch Quảng Ninh,UPCOM,Tiện ích Cộng đồng,"Điện, nước & xăng dầu khí đốt",Nước & Khí đốt,Nước,7577,FiinPro / Vietcap IQ & Sở GDCK,https://quawaco.com.vn/,https://quawaco.com.vn/quan-he-co-dong
NSG,Công ty Cổ phần Nhựa Sài Gòn,Nhựa Sài Gòn,UPCOM,Nguyên vật liệu,Hóa chất,Hóa chất,"Nhựa, cao su & sợi",1353,FiinPro / Vietcap IQ & Sở GDCK,http://www.saigonplastic.com.vn,http://www.saigonplastic.com.vn/quan-he-co-dong
NSL,Công ty Cổ phần Cấp nước Sơn La,Cấp nước Sơn La,UPCOM,Tiện ích Cộng đồng,"Điện, nước & xăng dầu khí đốt",Nước & Khí đốt,Nước,7577,FiinPro / Vietcap IQ & Sở GDCK,https://capnuocsonla.vn/,https://capnuocsonla.vn/quan-he-co-dong
NSS,Công ty Cổ phần Nông súc sản Đồng Nai,Nông súc sản Đồng Nai,UPCOM,Hàng Tiêu dùng,Thực phẩm và đồ uống,Sản xuất thực phẩm,Nuôi trồng nông & hải sản,3573,FiinPro / Vietcap IQ & Sở GDCK,http://www.dolicovn.com,http://www.dolicovn.com/quan-he-co-dong
NTF,Công ty Cổ phần Dược - Vật tư y tế Nghệ An,Dược Nghệ An,UPCOM,Dược phẩm và Y tế,Y tế,Dược phẩm,Dược phẩm,4577,FiinPro / Vietcap IQ & Sở GDCK,http://www.dnapharma.com.vn,http://www.dnapharma.com.vn/quan-he-co-dong
NTT,Công ty Cổ phần Dệt - May Nha Trang,Dệt - May Nha Trang,UPCOM,Hàng Tiêu dùng,Hàng cá nhân & Gia dụng,Hàng cá nhân,Hàng May mặc,3763,FiinPro / Vietcap IQ & Sở GDCK,http://nhatrangtex.com/default.aspx,http://nhatrangtex.com/default.aspx/quan-he-co-dong
NTW,Công ty Cổ phần Cấp nước Nhơn Trạch,Cấp nước Nhơn Trạch,UPCOM,Tiện ích Cộng đồng,"Điện, nước & xăng dầu khí đốt",Nước & Khí đốt,Nước,7577,FiinPro / Vietcap IQ & Sở GDCK,http://ntw.com.vn,http://ntw.com.vn/quan-he-co-dong
NUE,Công ty Cổ phần Môi trường Đô thị Nha Trang,Môi trường Đô thị Nha Trang,UPCOM,Công nghiệp,Hàng & Dịch vụ Công nghiệp,Tư vấn & Hỗ trợ Kinh doanh,Chất thải & Môi trường,2799,FiinPro / Vietcap IQ & Sở GDCK,http://urenconhatrang.com.vn/,http://urenconhatrang.com.vn/quan-he-co-dong
NVP,Công ty Cổ phần Nước sạch Vĩnh Phúc,Nước sạch Vĩnh Phúc,UPCOM,Tiện ích Cộng đồng,"Điện, nước & xăng dầu khí đốt",Nước & Khí đốt,Nước,7577,FiinPro / Vietcap IQ & Sở GDCK,https://nuocsachvinhphuc.com.vn/,https://nuocsachvinhphuc.com.vn/quan-he-co-dong
NWT,Công ty Cổ phần Vận tải Newway,Vận tải Newway,UPCOM,Dịch vụ Tiêu dùng,Du lịch và Giải trí,Du lịch & Giải trí,Vận tải hành khách & Du lịch,5759,FiinPro / Vietcap IQ & Sở GDCK,https://newwayjsc.com.vn,https://newwayjsc.com.vn/quan-he-co-dong
NXT,Công ty Cổ phần Sản xuất và Cung ứng vật liệu xây dựng Kon Tum,SX và Cung ứng VLXD Kon Tum,UPCOM,Công nghiệp,Xây dựng và Vật liệu,Xây dựng và Vật liệu,Vật liệu xây dựng & Nội thất,2353,FiinPro / Vietcap IQ & Sở GDCK,http://kovalixa.net/,http://kovalixa.net/quan-he-co-dong
ODE,Công ty cổ phần Tập đoàn Truyền thông và Giải trí ODE,Tập đoàn Truyền thông và Giải trí ODE,UPCOM,Dịch vụ Tiêu dùng,Truyền thông,Truyền thông,Giải trí & Truyền thông,5553,FiinPro / Vietcap IQ & Sở GDCK,https://ode.vn/,https://ode.vn/quan-he-co-dong
OIL,Tổng Công ty Dầu Việt Nam - Công ty Cổ phần,PV Oil,UPCOM,Dầu khí,Dầu khí,Sản xuất Dầu khí,Sản xuất và Khai thác dầu khí,533,FiinPro / Vietcap IQ & Sở GDCK,https://www.pvoil.com.vn/,https://www.pvoil.com.vn/quan-he-co-dong
ONW,Công ty Cổ phần Tập đoàn ONW,Tập đoàn ONW,UPCOM,Dịch vụ Tiêu dùng,Du lịch và Giải trí,Du lịch & Giải trí,Dịch vụ giải trí,5755,FiinPro / Vietcap IQ & Sở GDCK,https://www.oneworld.vn/,https://www.oneworld.vn/quan-he-co-dong
PAI,"Công ty Cổ phần Công nghệ thông tin, Viễn thông và Tự động hóa Dầu khí","CNTT, VT và Tự động hóa Dầu khí - PAIC",UPCOM,Viễn thông,Viễn thông,Viễn thông cố định,Viễn thông cố định,6535,FiinPro / Vietcap IQ & Sở GDCK,http://www.paic.pvn.vn/,http://www.paic.pvn.vn/quan-he-co-dong
PAP,Công ty Cổ phần Dầu khí đầu tư khai thác Cảng Phước An,Cảng Phước An,UPCOM,Công nghiệp,Hàng & Dịch vụ Công nghiệp,Vận tải,"Kho bãi, hậu cần và bảo dưỡng",2777,FiinPro / Vietcap IQ & Sở GDCK,https://pap.vn/,https://pap.vn/quan-he-co-dong
PAS,Công ty Cổ phần Quốc tế Phương Anh,Quốc tế Phương Anh,UPCOM,Nguyên vật liệu,Tài nguyên Cơ bản,Kim loại,Thép và sản phẩm thép,1757,FiinPro / Vietcap IQ & Sở GDCK,http://www.phuonganhgroup.com.vn,http://www.phuonganhgroup.com.vn/quan-he-co-dong
PAT,Công ty Cổ phần Phốt pho Apatit Việt Nam,Phốt pho Apatit Việt Nam,UPCOM,Nguyên vật liệu,Hóa chất,Hóa chất,"Sản phẩm hóa dầu, Nông dược & Hóa chất khác",1357,FiinPro / Vietcap IQ & Sở GDCK,https://pacvietnam.vn/,https://pacvietnam.vn/quan-he-co-dong
PBC,Công ty Cổ phần Dược Phẩm Trung ương 1 - Pharbaco,Dược Phẩm TW 1- Pharbaco,UPCOM,Dược phẩm và Y tế,Y tế,Dược phẩm,Dược phẩm,4577,FiinPro / Vietcap IQ & Sở GDCK,https://pharbaco.com.vn/,https://pharbaco.com.vn/quan-he-co-dong
PBT,Công ty Cổ Phần Bao bì và Thương mại Dầu khí Bình Sơn,Bao bì và TM Dầu khí Bình Sơn,UPCOM,Công nghiệp,Hàng & Dịch vụ Công nghiệp,Hàng công nghiệp,Containers & Đóng gói,2723,FiinPro / Vietcap IQ & Sở GDCK,https://bsppt.com.vn/,https://bsppt.com.vn/quan-he-co-dong
PCB,Ngân hàng Thương mại Cổ phần Đại chúng Việt Nam,PVcomBank,UPCOM,Ngân hàng,Ngân hàng,Ngân hàng,Ngân hàng,8355,FiinPro / Vietcap IQ & Sở GDCK,https://www.pvcombank.com.vn,https://www.pvcombank.com.vn/quan-he-co-dong
PCC,Công ty Cổ phần Tập đoàn Xây lắp 1 - Petrolimex,Xây lắp 1- Petrolimex,UPCOM,Công nghiệp,Xây dựng và Vật liệu,Xây dựng và Vật liệu,Xây dựng,2357,FiinPro / Vietcap IQ & Sở GDCK,https://pcc1.petrolimex.com.vn/,https://pcc1.petrolimex.com.vn/quan-he-co-dong
PCF,Công ty Cổ phần Cà phê PETEC,Cà phê PETEC,UPCOM,Hàng Tiêu dùng,Thực phẩm và đồ uống,Bia và đồ uống,Đồ uống & giải khát,3537,FiinPro / Vietcap IQ & Sở GDCK,http://www.petecof.vn,http://www.petecof.vn/quan-he-co-dong
PCG,Công ty Cổ phần Đầu tư Phát triển Gas Đô thị,Đầu tư PT Gas Đô thị,UPCOM,Tiện ích Cộng đồng,"Điện, nước & xăng dầu khí đốt",Nước & Khí đốt,Phân phối xăng dầu & khí đốt,7573,FiinPro / Vietcap IQ & Sở GDCK,http://pvgascity.com.vn,http://pvgascity.com.vn/quan-he-co-dong
PCM,Công ty Cổ phần Vật liệu Xây dựng Bưu điện,VLXD Bưu điện,UPCOM,Công nghiệp,Xây dựng và Vật liệu,Xây dựng và Vật liệu,Vật liệu xây dựng & Nội thất,2353,FiinPro / Vietcap IQ & Sở GDCK,http://www.pcm.vn,http://www.pcm.vn/quan-he-co-dong
PDC,Công ty Cổ phần Du lịch Dầu khí Phương Đông,Dầu khí Phương Đông,UPCOM,Dịch vụ Tiêu dùng,Du lịch và Giải trí,Du lịch & Giải trí,Vận tải hành khách & Du lịch,5759,FiinPro / Vietcap IQ & Sở GDCK,http://www.phuongdongpv.com.vn,http://www.phuongdongpv.com.vn/quan-he-co-dong
PEG,Tổng Công ty Thương mại Kỹ thuật và Đầu tư - Công ty Cổ phần,TM Kỹ thuật và Đầu tư (PETEC),UPCOM,Tiện ích Cộng đồng,"Điện, nước & xăng dầu khí đốt",Nước & Khí đốt,Phân phối xăng dầu & khí đốt,7573,FiinPro / Vietcap IQ & Sở GDCK,http://www.petec.com.vn,http://www.petec.com.vn/quan-he-co-dong
PEQ,Công ty Cổ phần Thiết bị xăng dầu Petrolimex,Thiết bị xăng dầu Petrolimex,UPCOM,Dầu khí,Dầu khí,"Thiết bị, Dịch vụ và Phân phối Dầu khí",Thiết bị và Dịch vụ Dầu khí,573,FiinPro / Vietcap IQ & Sở GDCK,https://peco.petrolimex.com.vn/,https://peco.petrolimex.com.vn/quan-he-co-dong
PFL,Công ty Cổ phần Dầu khí Đông Đô,Dầu khí Đông Đô,UPCOM,Công nghiệp,Xây dựng và Vật liệu,Xây dựng và Vật liệu,Xây dựng,2357,FiinPro / Vietcap IQ & Sở GDCK,http://daukhidongdo.vn,http://daukhidongdo.vn/quan-he-co-dong
PGB,Ngân hàng Thương mại Cổ phần Thịnh vượng và Phát triển,PG Bank,UPCOM,Ngân hàng,Ngân hàng,Ngân hàng,Ngân hàng,8355,FiinPro / Vietcap IQ & Sở GDCK,https://www.pgbank.com.vn,https://www.pgbank.com.vn/quan-he-co-dong
PHH,Công ty Cổ phần Hồng Hà Việt Nam,Hồng Hà Việt Nam,UPCOM,Công nghiệp,Xây dựng và Vật liệu,Xây dựng và Vật liệu,Xây dựng,2357,FiinPro / Vietcap IQ & Sở GDCK,https://honghavietnam.vn,https://honghavietnam.vn/quan-he-co-dong
PHP,Công ty Cổ phần Cảng Hải Phòng,Cảng Hải Phòng,UPCOM,Công nghiệp,Hàng & Dịch vụ Công nghiệp,Vận tải,"Kho bãi, hậu cần và bảo dưỡng",2777,FiinPro / Vietcap IQ & Sở GDCK,https://haiphongport.com.vn,https://haiphongport.com.vn/quan-he-co-dong
PHS,Công ty Cổ phần Chứng khoán Phú Hưng,Chứng khoán Phú Hưng,UPCOM,Tài chính,Dịch vụ tài chính,Dịch vụ tài chính,Môi giới chứng khoán,8777,FiinPro / Vietcap IQ & Sở GDCK,https://phs.vn,https://phs.vn/quan-he-co-dong
PID,Công ty Cổ phần Trang trí nội thất Dầu khí,Trang trí nội thất Dầu khí,UPCOM,Công nghiệp,Xây dựng và Vật liệu,Xây dựng và Vật liệu,Vật liệu xây dựng & Nội thất,2353,FiinPro / Vietcap IQ & Sở GDCK,https://pvcid.vn/,https://pvcid.vn/quan-he-co-dong
PIS,Tổng Công ty Pisico Bình Định - Công ty Cổ phần,Pisico Bình Định,UPCOM,Nguyên vật liệu,Tài nguyên Cơ bản,Lâm nghiệp và Giấy,Lâm sản và Chế biến gỗ,1733,FiinPro / Vietcap IQ & Sở GDCK,http://pisico.vn,http://pisico.vn/quan-he-co-dong
PIV,Công ty Cổ phần PIV,PIV JSC,UPCOM,Tài chính,Bất động sản,Bất động sản,"Tư Vấn, Định giá, Môi giới Bất động sản",8637,FiinPro / Vietcap IQ & Sở GDCK,https://piv.vn/,https://piv.vn/quan-he-co-dong
PJS,Công ty Cổ phần Cấp nước Phú Hòa Tân,Cấp nước Phú Hòa Tân,UPCOM,Tiện ích Cộng đồng,"Điện, nước & xăng dầu khí đốt",Nước & Khí đốt,Nước,7577,FiinPro / Vietcap IQ & Sở GDCK,https://phuhoatan.sawaco.com.vn/,https://phuhoatan.sawaco.com.vn/quan-he-co-dong
PLA,Công ty Cổ phần Đầu tư và Dịch vụ hạ tầng Xăng dầu,ĐT&DV Hạ tầng Xăng dầu (PLAND),UPCOM,Công nghiệp,Xây dựng và Vật liệu,Xây dựng và Vật liệu,Xây dựng,2357,FiinPro / Vietcap IQ & Sở GDCK,https://pland.petrolimex.com.vn/,https://pland.petrolimex.com.vn/quan-he-co-dong
PLE,Công ty Cổ phần Tư vấn Xây dựng Petrolimex,Tư vấn Xây dựng Petrolimex,UPCOM,Công nghiệp,Xây dựng và Vật liệu,Xây dựng và Vật liệu,Xây dựng,2357,FiinPro / Vietcap IQ & Sở GDCK,http://pec.petrolimex.com.vn,http://pec.petrolimex.com.vn/quan-he-co-dong
PLO,Công ty Cổ phần Kho vận Petec,Kho vận Petec,UPCOM,Công nghiệp,Hàng & Dịch vụ Công nghiệp,Vận tải,"Kho bãi, hậu cần và bảo dưỡng",2777,FiinPro / Vietcap IQ & Sở GDCK,https://peteclogistics.com.vn,https://peteclogistics.com.vn/quan-he-co-dong
PMJ,Công ty Cổ phần Vật tư Bưu điện,Vật tư Bưu điện,UPCOM,Công nghệ Thông tin,Công nghệ Thông tin,Thiết bị và Phần cứng,Thiết bị viễn thông,9578,FiinPro / Vietcap IQ & Sở GDCK,http://potmasco.com.vn,http://potmasco.com.vn/quan-he-co-dong
PMT,Công ty Cổ phần Viễn thông Telvina Việt Nam,Telvina Việt Nam,UPCOM,Công nghệ Thông tin,Công nghệ Thông tin,Thiết bị và Phần cứng,Thiết bị viễn thông,9578,FiinPro / Vietcap IQ & Sở GDCK,https://telvina.vn,https://telvina.vn/quan-he-co-dong
PMW,Công ty Cổ phần Cấp Nước Phú Mỹ,Cấp Nước Phú Mỹ,UPCOM,Tiện ích Cộng đồng,"Điện, nước & xăng dầu khí đốt",Nước & Khí đốt,Nước,7577,FiinPro / Vietcap IQ & Sở GDCK,http://www.pmw.vn,http://www.pmw.vn/quan-he-co-dong
PND,Công ty Cổ phần Xăng dầu Dầu khí Nam Định,Xăng dầu Dầu khí Nam Định,UPCOM,Tiện ích Cộng đồng,"Điện, nước & xăng dầu khí đốt",Nước & Khí đốt,Phân phối xăng dầu & khí đốt,7573,FiinPro / Vietcap IQ & Sở GDCK,http://www.pvoilnamdinh.com.vn,http://www.pvoilnamdinh.com.vn/quan-he-co-dong
PNG,Công ty Cổ phần Thương Mại Phú Nhuận,Thương Mại Phú Nhuận,UPCOM,Dịch vụ Tiêu dùng,Du lịch và Giải trí,Du lịch & Giải trí,Nhà hàng và quán bar,5757,FiinPro / Vietcap IQ & Sở GDCK,http://www.pnco.vn,http://www.pnco.vn/quan-he-co-dong
PNP,Công ty Cổ phần Tân Cảng – Phú Hữu,Tân Cảng - Phú Hữu,UPCOM,Công nghiệp,Hàng & Dịch vụ Công nghiệp,Vận tải,Vận tải Thủy,2773,FiinPro / Vietcap IQ & Sở GDCK,https://www.phuhuuport.com,https://www.phuhuuport.com/quan-he-co-dong
PNT,Công ty Cổ phần Kỹ thuật Xây dựng Phú Nhuận,Kỹ thuật XD Phú Nhuận,UPCOM,Công nghiệp,Xây dựng và Vật liệu,Xây dựng và Vật liệu,Xây dựng,2357,FiinPro / Vietcap IQ & Sở GDCK,https://pntc.vn/,https://pntc.vn/quan-he-co-dong
POB,Công ty Cổ phần Xăng dầu Dầu khí Hưng Yên,PVOIL Hưng Yên,UPCOM,Tiện ích Cộng đồng,"Điện, nước & xăng dầu khí đốt",Nước & Khí đốt,Phân phối xăng dầu & khí đốt,7573,FiinPro / Vietcap IQ & Sở GDCK,http://www.pvoilthaibinh.com.vn/vi/,http://www.pvoilthaibinh.com.vn/vi/quan-he-co-dong
POM,Công ty Cổ phần Thép Pomina,Thép Pomina,UPCOM,Nguyên vật liệu,Tài nguyên Cơ bản,Kim loại,Thép và sản phẩm thép,1757,FiinPro / Vietcap IQ & Sở GDCK,http://www.pomina-steel.com,http://www.pomina-steel.com/quan-he-co-dong
POS,Công ty Cổ phần Vận hành và Xây lắp PTSC,Vận hành và Xây lắp PTSC,UPCOM,Dầu khí,Dầu khí,"Thiết bị, Dịch vụ và Phân phối Dầu khí",Thiết bị và Dịch vụ Dầu khí,573,FiinPro / Vietcap IQ & Sở GDCK,https://pos.ptsc.com.vn,https://pos.ptsc.com.vn/quan-he-co-dong
POV,Công ty Cổ phần Xăng dầu Dầu khí Vũng Áng,PV Oil Vũng Áng,UPCOM,Tiện ích Cộng đồng,"Điện, nước & xăng dầu khí đốt",Nước & Khí đốt,Phân phối xăng dầu & khí đốt,7573,FiinPro / Vietcap IQ & Sở GDCK,http://pvoilvungang.com.vn,http://pvoilvungang.com.vn/quan-he-co-dong
PPH,Tổng Công ty Cổ phần Phong Phú,Phong Phú Corp.,UPCOM,Hàng Tiêu dùng,Hàng cá nhân & Gia dụng,Hàng cá nhân,Hàng May mặc,3763,FiinPro / Vietcap IQ & Sở GDCK,https://www.phongphucorp.com/,https://www.phongphucorp.com/quan-he-co-dong
PPI,Công ty Cổ phần Đầu tư và Phát triển dự án hạ tầng Thái Bình Dương,BĐS Thái Bình Dương,UPCOM,Tài chính,Bất động sản,Bất động sản,Bất động sản,8633,FiinPro / Vietcap IQ & Sở GDCK,http://www.ppigroup.com.vn,http://www.ppigroup.com.vn/quan-he-co-dong
PQN,Công ty Cổ phần Dịch vụ Dầu khí Quảng Ngãi PTSC,DV Dầu khí Quảng Ngãi PTSC,UPCOM,Công nghiệp,Hàng & Dịch vụ Công nghiệp,Vận tải,"Kho bãi, hậu cần và bảo dưỡng",2777,FiinPro / Vietcap IQ & Sở GDCK,https://ptscquangngai.com.vn,https://ptscquangngai.com.vn/quan-he-co-dong
PRO,Công ty Cổ phần Procimex Việt Nam,Procimex Việt Nam,UPCOM,Hàng Tiêu dùng,Thực phẩm và đồ uống,Sản xuất thực phẩm,Thực phẩm,3577,FiinPro / Vietcap IQ & Sở GDCK,https://procimex.com.vn,https://procimex.com.vn/quan-he-co-dong
PRT,Tổng Công ty Sản xuất - Xuất nhập khẩu Bình Dương - Công ty cổ phần,Sản xuất - XNK Bình Dương,UPCOM,Tài chính,Bất động sản,Bất động sản,Bất động sản,8633,FiinPro / Vietcap IQ & Sở GDCK,https://protrade.com.vn/,https://protrade.com.vn/quan-he-co-dong
PSB,Công ty Cổ phần Cảng Kỹ thuật PTSC Sao Mai,Sao Mai Bến Đình,UPCOM,Công nghiệp,Xây dựng và Vật liệu,Xây dựng và Vật liệu,Xây dựng,2357,FiinPro / Vietcap IQ & Sở GDCK,https://pvsb.com.vn/,https://pvsb.com.vn/quan-he-co-dong
PSH,Công ty Cổ phần Thương mại Đầu tư Dầu khí Nam Sông Hậu,TMại ĐT Dầu khí Nam Sông Hậu,UPCOM,Tiện ích Cộng đồng,"Điện, nước & xăng dầu khí đốt",Nước & Khí đốt,Phân phối xăng dầu & khí đốt,7573,FiinPro / Vietcap IQ & Sở GDCK,http://nshpetro.vn,http://nshpetro.vn/quan-he-co-dong
PSL,Công ty Cổ phần Chăn nuôi Phú Sơn,Chăn nuôi Phú Sơn,UPCOM,Hàng Tiêu dùng,Thực phẩm và đồ uống,Sản xuất thực phẩm,Nuôi trồng nông & hải sản,3573,FiinPro / Vietcap IQ & Sở GDCK,http://www.channuoiphuson.com.vn,http://www.channuoiphuson.com.vn/quan-he-co-dong
PSN,Công ty Cổ phần Dịch vụ Kỹ thuật PTSC Thanh Hóa,PTSC Thanh Hóa,UPCOM,Công nghiệp,Hàng & Dịch vụ Công nghiệp,Vận tải,"Kho bãi, hậu cần và bảo dưỡng",2777,FiinPro / Vietcap IQ & Sở GDCK,https://ptscthanhhoa.com.vn/,https://ptscthanhhoa.com.vn/quan-he-co-dong
PSP,Công ty Cổ phần Cảng Dịch vụ Dầu khí Đình Vũ,DV Dầu Khí Đình Vũ,UPCOM,Công nghiệp,Hàng & Dịch vụ Công nghiệp,Vận tải,Dịch vụ vận tải,2779,FiinPro / Vietcap IQ & Sở GDCK,https://www.ptscdinhvu.com.vn,https://www.ptscdinhvu.com.vn/quan-he-co-dong
PTE,Công ty Cổ phần Xi măng Phú Thọ,Xi măng Phú Thọ,UPCOM,Công nghiệp,Xây dựng và Vật liệu,Xây dựng và Vật liệu,Vật liệu xây dựng & Nội thất,2353,FiinPro / Vietcap IQ & Sở GDCK,http://www.ximangphutho.com.vn,http://www.ximangphutho.com.vn/quan-he-co-dong
PTG,Công ty Cổ phần May Xuất Khẩu Phan Thiết,May Phan Thiết,UPCOM,Hàng Tiêu dùng,Hàng cá nhân & Gia dụng,Hàng cá nhân,Hàng May mặc,3763,FiinPro / Vietcap IQ & Sở GDCK,http://www.phanthietgarment.com.vn,http://www.phanthietgarment.com.vn/quan-he-co-dong
PTH,Công ty Cổ phần Vận tải và Dịch vụ Petrolimex Hà Tây,Vận tải và DV Petrolimex Hà Tây,UPCOM,Tiện ích Cộng đồng,"Điện, nước & xăng dầu khí đốt",Nước & Khí đốt,Phân phối xăng dầu & khí đốt,7573,FiinPro / Vietcap IQ & Sở GDCK,https://ptshatay.petrolimex.com.vn,https://ptshatay.petrolimex.com.vn/quan-he-co-dong
PTM,"Công ty Cổ phần Sản xuất, Thương mại Và Dịch vụ Ô tô PTM",Ô tô PTM,UPCOM,Hàng Tiêu dùng,Ô tô và phụ tùng,Ô tô và phụ tùng,Sản xuất ô tô,3353,FiinPro / Vietcap IQ & Sở GDCK,https://otoptm.com.vn/,https://otoptm.com.vn/quan-he-co-dong
PTO,Công ty Cổ phần Dịch vụ - Xây dựng Công trình Bưu điện,Xây dựng Công trình Bưu điện,UPCOM,Công nghiệp,Xây dựng và Vật liệu,Xây dựng và Vật liệu,Xây dựng,2357,FiinPro / Vietcap IQ & Sở GDCK,http://www.ptco.com.vn,http://www.ptco.com.vn/quan-he-co-dong
PTP,Công ty Cổ phần PTP,Viễn Thông và In Bưu điện,UPCOM,Viễn thông,Viễn thông,Viễn thông cố định,Viễn thông cố định,6535,FiinPro / Vietcap IQ & Sở GDCK,http://ptp.vn,http://ptp.vn/quan-he-co-dong
PTT,Công ty Cổ phần Vận tải Dầu khí Đông Dương,Vận tải Dầu khí Đông Dương,UPCOM,Công nghiệp,Hàng & Dịch vụ Công nghiệp,Vận tải,Dịch vụ vận tải,2779,FiinPro / Vietcap IQ & Sở GDCK,http://pvtrans-ptt.com,http://pvtrans-ptt.com/quan-he-co-dong
PTV,Công ty Cổ phần Thương mại Dầu khí,Thương mại dầu khí,UPCOM,Dầu khí,Dầu khí,"Thiết bị, Dịch vụ và Phân phối Dầu khí",Thiết bị và Dịch vụ Dầu khí,573,FiinPro / Vietcap IQ & Sở GDCK,https://petechim.com.vn/,https://petechim.com.vn/quan-he-co-dong
PVE,Tổng Công ty Tư vấn Thiết kế Dầu khí - Công ty Cổ phần,Tư vấn Dầu khí,UPCOM,Dầu khí,Dầu khí,"Thiết bị, Dịch vụ và Phân phối Dầu khí",Thiết bị và Dịch vụ Dầu khí,573,FiinPro / Vietcap IQ & Sở GDCK,http://www.pve.vn,http://www.pve.vn/quan-he-co-dong
PVH,Công ty Cổ phần Xây lắp Dầu khí Thanh Hóa,Xây lắp Dầu khí Thanh Hóa,UPCOM,Công nghiệp,Xây dựng và Vật liệu,Xây dựng và Vật liệu,Xây dựng,2357,FiinPro / Vietcap IQ & Sở GDCK,http://pvc-th.vn/,http://pvc-th.vn/quan-he-co-dong
PVL,Công ty Cổ phần Địa ốc Dầu khí,Địa ốc Dầu khí,UPCOM,Tài chính,Bất động sản,Bất động sản,Bất động sản,8633,FiinPro / Vietcap IQ & Sở GDCK,https://vpr.vn/,https://vpr.vn/quan-he-co-dong
PVM,Công ty Cổ phần Máy - Thiết bị Dầu khí,Thiết bị dầu khí (PV MACHINO),UPCOM,Công nghiệp,Hàng & Dịch vụ Công nghiệp,Tư vấn & Hỗ trợ Kinh doanh,Nhà cung cấp thiết bị,2797,FiinPro / Vietcap IQ & Sở GDCK,https://pvmachino.vn/,https://pvmachino.vn/quan-he-co-dong
PVO,Công ty Cổ phần Dầu nhờn PV Oil,Dầu nhờn PV Oil,UPCOM,Nguyên vật liệu,Hóa chất,Hóa chất,"Sản phẩm hóa dầu, Nông dược & Hóa chất khác",1357,FiinPro / Vietcap IQ & Sở GDCK,https://pvoillube.vn/,https://pvoillube.vn/quan-he-co-dong
PVR,Công ty Cổ phần Đầu tư PVR Hà Nội,Đầu tư PVR Hà Nội,UPCOM,Tài chính,Bất động sản,Bất động sản,Bất động sản,8633,FiinPro / Vietcap IQ & Sở GDCK,https://pvr.vn/,https://pvr.vn/quan-he-co-dong
PVV,Công ty Cổ phần Vinaconex 39,Vinaconex 39,UPCOM,Công nghiệp,Xây dựng và Vật liệu,Xây dựng và Vật liệu,Xây dựng,2357,FiinPro / Vietcap IQ & Sở GDCK,http://pvv.com.vn,http://pvv.com.vn/quan-he-co-dong
PVX,Tổng Công ty Cổ phần Xây lắp Dầu khí Việt Nam,Xây lắp Dầu khí Việt Nam,UPCOM,Công nghiệp,Xây dựng và Vật liệu,Xây dựng và Vật liệu,Xây dựng,2357,FiinPro / Vietcap IQ & Sở GDCK,https://petrocons.vn/,https://petrocons.vn/quan-he-co-dong
PVY,Công ty Cổ phần Chế tạo Giàn khoan Dầu khí,Chế tạo Giàn khoan Dầu khí,UPCOM,Công nghiệp,Xây dựng và Vật liệu,Xây dựng và Vật liệu,Xây dựng,2357,FiinPro / Vietcap IQ & Sở GDCK,https://www.pvshipyard.com.vn,https://www.pvshipyard.com.vn/quan-he-co-dong
PWA,Công ty Cổ phần Bất động sản dầu khí,Bất động sản dầu khí,UPCOM,Tài chính,Bất động sản,Bất động sản,Bất động sản,8633,FiinPro / Vietcap IQ & Sở GDCK,https://www.petrowaco.vn,https://www.petrowaco.vn/quan-he-co-dong
PWS,Công ty Cổ phần Cấp thoát nước Phú Yên,Cấp thoát nước Phú Yên,UPCOM,Tiện ích Cộng đồng,"Điện, nước & xăng dầu khí đốt",Nước & Khí đốt,Nước,7577,FiinPro / Vietcap IQ & Sở GDCK,http://www.capthoatnuocpy.com.vn,http://www.capthoatnuocpy.com.vn/quan-he-co-dong
PXA,Công ty Cổ phần Đầu tư và Thương mại Dầu khí Nghệ An,Đầu tư và Thương mại Dầu khí Nghệ An,UPCOM,Tài chính,Bất động sản,Bất động sản,Bất động sản,8633,FiinPro / Vietcap IQ & Sở GDCK,http://www.pvit.com.vn,http://www.pvit.com.vn/quan-he-co-dong
PXI,Công ty Cổ phần Xây dựng Công nghiệp và Dân dụng Dầu khí,XL CN và dân dụng Dầu khí,UPCOM,Công nghiệp,Xây dựng và Vật liệu,Xây dựng và Vật liệu,Xây dựng,2357,FiinPro / Vietcap IQ & Sở GDCK,https://www.pvc-ic.com.vn,https://www.pvc-ic.com.vn/quan-he-co-dong
PXL,Công ty Cổ phần Đầu tư Khu Công Nghiệp Dầu khí Long Sơn,KCN Dầu khí Long Sơn,UPCOM,Tài chính,Bất động sản,Bất động sản,Bất động sản,8633,FiinPro / Vietcap IQ & Sở GDCK,https://longsonpic.vn,https://longsonpic.vn/quan-he-co-dong
PXM,Công ty Cổ phần Xây lắp Dầu khí Miền Trung,Xây lắp Dầu khí Miền Trung,UPCOM,Công nghiệp,Xây dựng và Vật liệu,Xây dựng và Vật liệu,Xây dựng,2357,FiinPro / Vietcap IQ & Sở GDCK,http://www.pvcmt.vn,http://www.pvcmt.vn/quan-he-co-dong
PXS,Công ty Cổ phần Kết cấu Kim loại và Lắp máy Dầu khí,Lắp máy Dầu khí,UPCOM,Công nghiệp,Xây dựng và Vật liệu,Xây dựng và Vật liệu,Xây dựng,2357,FiinPro / Vietcap IQ & Sở GDCK,http://www.pvc-ms.vn,http://www.pvc-ms.vn/quan-he-co-dong
PXT,Công ty Cổ phần Xây lắp Đường ống Bể chứa Dầu khí,Xây lắp Đường ống Dầu khí,UPCOM,Công nghiệp,Xây dựng và Vật liệu,Xây dựng và Vật liệu,Xây dựng,2357,FiinPro / Vietcap IQ & Sở GDCK,https://dobc.vn,https://dobc.vn/quan-he-co-dong
QBS,Công ty Cổ phần Xuất nhập khẩu Quảng Bình,Xuất nhập khẩu Quảng Bình,UPCOM,Nguyên vật liệu,Hóa chất,Hóa chất,"Sản phẩm hóa dầu, Nông dược & Hóa chất khác",1357,FiinPro / Vietcap IQ & Sở GDCK,https://quangbinhjsc.com.vn,https://quangbinhjsc.com.vn/quan-he-co-dong
QCC,Công ty Cổ phần Đầu tư Xây dựng và Phát triển Hạ tầng Viễn Thông,Đầu tư XD và PT Hạ tầng Viễn Thông,UPCOM,Công nghiệp,Xây dựng và Vật liệu,Xây dựng và Vật liệu,Xây dựng,2357,FiinPro / Vietcap IQ & Sở GDCK,https://qtc.com.vn/,https://qtc.com.vn/quan-he-co-dong
QHW,Công ty Cổ phần Nước khoáng Quảng Ninh,Nước khoáng Quảng Ninh,UPCOM,Hàng Tiêu dùng,Thực phẩm và đồ uống,Bia và đồ uống,Đồ uống & giải khát,3537,FiinPro / Vietcap IQ & Sở GDCK,https://nuockhoangquangninh.com.vn,https://nuockhoangquangninh.com.vn/quan-he-co-dong
QNC,Công ty Cổ phần Xi măng và Xây dựng Quảng Ninh,Xi măng Quảng Ninh,UPCOM,Công nghiệp,Xây dựng và Vật liệu,Xây dựng và Vật liệu,Vật liệu xây dựng & Nội thất,2353,FiinPro / Vietcap IQ & Sở GDCK,https://cement.com.vn/,https://cement.com.vn/quan-he-co-dong
QNS,Công ty Cổ phần Đường Quảng Ngãi,Đường Quảng Ngãi,UPCOM,Hàng Tiêu dùng,Thực phẩm và đồ uống,Sản xuất thực phẩm,Thực phẩm,3577,FiinPro / Vietcap IQ & Sở GDCK,http://qns.com.vn,http://qns.com.vn/quan-he-co-dong
QNT,Công ty Cổ phần Tư vấn và Đầu tư Phát triển Quảng Nam,Tư vấn và Đầu tư Phát triển Quảng Nam,UPCOM,Công nghiệp,Xây dựng và Vật liệu,Xây dựng và Vật liệu,Xây dựng,2357,FiinPro / Vietcap IQ & Sở GDCK,https://qnt.vn/,https://qnt.vn/quan-he-co-dong
QNU,Công ty Cổ phần Môi trường Đô thị Quảng Nam,Môi trường Đô thị Quảng Nam,UPCOM,Công nghiệp,Hàng & Dịch vụ Công nghiệp,Tư vấn & Hỗ trợ Kinh doanh,Chất thải & Môi trường,2799,FiinPro / Vietcap IQ & Sở GDCK,http://urencoquangnam.com,http://urencoquangnam.com/quan-he-co-dong
QNW,Công ty Cổ phần Cấp thoát nước và xây dựng Quảng Ngãi,Cấp thoát nước và XD Quảng Ngãi,UPCOM,Tiện ích Cộng đồng,"Điện, nước & xăng dầu khí đốt",Nước & Khí đốt,Nước,7577,FiinPro / Vietcap IQ & Sở GDCK,http://capnuocqni.com.vn,http://capnuocqni.com.vn/quan-he-co-dong
QPH,Công ty Cổ phần Thủy điện Quế Phong,Thủy điện Quế Phong,UPCOM,Tiện ích Cộng đồng,"Điện, nước & xăng dầu khí đốt",Sản xuất & Phân phối Điện,Sản xuất & Phân phối Điện,7535,FiinPro / Vietcap IQ & Sở GDCK,http://thuydienquephong.com.vn,http://thuydienquephong.com.vn/quan-he-co-dong
QSP,Công ty Cổ phần Tân cảng Quy Nhơn,Tân cảng Quy Nhơn,UPCOM,Công nghiệp,Hàng & Dịch vụ Công nghiệp,Vận tải,"Kho bãi, hậu cần và bảo dưỡng",2777,FiinPro / Vietcap IQ & Sở GDCK,http://www.quynhonnewport.vn,http://www.quynhonnewport.vn/quan-he-co-dong
QTP,Công ty Cổ phần Nhiệt điện Quảng Ninh,Nhiệt điện Quảng Ninh,UPCOM,Tiện ích Cộng đồng,"Điện, nước & xăng dầu khí đốt",Sản xuất & Phân phối Điện,Sản xuất & Phân phối Điện,7535,FiinPro / Vietcap IQ & Sở GDCK,http://www.quangninhtpc.com.vn,http://www.quangninhtpc.com.vn/quan-he-co-dong
RAT,Công ty Cổ phần Vận tải và Thương mại Đường sắt,VT và TM Đường sắt,UPCOM,Công nghiệp,Hàng & Dịch vụ Công nghiệp,Vận tải,Dịch vụ vận tải,2779,FiinPro / Vietcap IQ & Sở GDCK,https://ratraco.vn,https://ratraco.vn/quan-he-co-dong
RBC,Công ty Cổ phần Công Nghiệp và Xuất nhập khẩu Cao Su,Công Nghiệp và Xuất nhập khẩu Cao Su,UPCOM,Nguyên vật liệu,Hóa chất,Hóa chất,"Nhựa, cao su & sợi",1353,FiinPro / Vietcap IQ & Sở GDCK,https://rubico.com.vn/,https://rubico.com.vn/quan-he-co-dong
RCC,Công ty Cổ phần Tổng Công ty Công trình Đường sắt Việt Nam,Công trình Đường sắt Việt Nam,UPCOM,Công nghiệp,Xây dựng và Vật liệu,Xây dựng và Vật liệu,Xây dựng,2357,FiinPro / Vietcap IQ & Sở GDCK,https://rccgroup.vn,https://rccgroup.vn/quan-he-co-dong
RCD,Công ty Cổ phần Xây dựng - Địa ốc Cao su,XD - Địa ốc Cao su,UPCOM,Công nghiệp,Xây dựng và Vật liệu,Xây dựng và Vật liệu,Xây dựng,2357,FiinPro / Vietcap IQ & Sở GDCK,https://rcd-vrg.com/,https://rcd-vrg.com/quan-he-co-dong
REN,Công ty Cổ phần Xây dựng và Đầu tư Khu du lịch Sinh Thái,XD và ĐT Khu du lịch Sinh Thái,UPCOM,Công nghiệp,Xây dựng và Vật liệu,Xây dựng và Vật liệu,Xây dựng,2357,FiinPro / Vietcap IQ & Sở GDCK,http://www.e-zones.com.vn,http://www.e-zones.com.vn/quan-he-co-dong
RGG,Công ty Cổ phần Regal Group,Regal Group,UPCOM,Tài chính,Bất động sản,Bất động sản,Bất động sản,8633,FiinPro / Vietcap IQ & Sở GDCK,https://regalgroup.vn/,https://regalgroup.vn/quan-he-co-dong
RIC,Công ty Cổ phần Quốc Tế Hoàng Gia,Quốc tế Hoàng Gia,UPCOM,Dịch vụ Tiêu dùng,Du lịch và Giải trí,Du lịch & Giải trí,Dịch vụ giải trí,5755,FiinPro / Vietcap IQ & Sở GDCK,http://vn.royalhalonghotel.com,http://vn.royalhalonghotel.com/quan-he-co-dong
RTB,Công ty Cổ phần Cao su Tân Biên,Cao su Tân Biên,UPCOM,Nguyên vật liệu,Hóa chất,Hóa chất,"Nhựa, cao su & sợi",1353,FiinPro / Vietcap IQ & Sở GDCK,http://www.tabiruco.vn,http://www.tabiruco.vn/quan-he-co-dong
S12,Công ty Cổ phần Sông Đà 12,Sông Đà 12,UPCOM,Công nghiệp,Xây dựng và Vật liệu,Xây dựng và Vật liệu,Xây dựng,2357,FiinPro / Vietcap IQ & Sở GDCK,http://songda12.com/,http://songda12.com/quan-he-co-dong
S72,Công ty Cổ phần Sông Đà 7.02,Sông Đà 7.02,UPCOM,Công nghiệp,Xây dựng và Vật liệu,Xây dựng và Vật liệu,Xây dựng,2357,FiinPro / Vietcap IQ & Sở GDCK,http://songda702.com.vn,http://songda702.com.vn/quan-he-co-dong
S74,Công ty Cổ phần Sông Đà 7.04,Sông Đà 7.04,UPCOM,Công nghiệp,Xây dựng và Vật liệu,Xây dựng và Vật liệu,Xây dựng,2357,FiinPro / Vietcap IQ & Sở GDCK,http://www.songda704.com.vn,http://www.songda704.com.vn/quan-he-co-dong
SAC,Công ty Cổ phần Xếp dỡ và Dịch vụ cảng Sài Gòn,Dịch vụ cảng Sài Gòn,UPCOM,Công nghiệp,Hàng & Dịch vụ Công nghiệp,Vận tải,"Kho bãi, hậu cần và bảo dưỡng",2777,FiinPro / Vietcap IQ & Sở GDCK,http://sasteco.vn,http://sasteco.vn/quan-he-co-dong
SAL,Công ty Cổ phần Trục vớt Cứu hộ Việt Nam,Trục vớt Cứu hộ Việt Nam,UPCOM,Công nghiệp,Hàng & Dịch vụ Công nghiệp,Công nghiệp nặng,Xe tải & Đóng tàu,2753,FiinPro / Vietcap IQ & Sở GDCK,http://visal.com.vn,http://visal.com.vn/quan-he-co-dong
SAS,Công ty Cổ phần Dịch vụ Hàng không Sân bay Tân Sơn Nhất,DV Hàng không sân bay TSN,UPCOM,Dịch vụ Tiêu dùng,Bán lẻ,Bán lẻ,Phân phối hàng chuyên dụng,5379,FiinPro / Vietcap IQ & Sở GDCK,http://www.sasco.com.vn,http://www.sasco.com.vn/quan-he-co-dong
SB1,Công ty Cổ phần Bia Sài Gòn - Nghệ Tĩnh,Bia Sài Gòn - Nghệ Tĩnh,UPCOM,Hàng Tiêu dùng,Thực phẩm và đồ uống,Bia và đồ uống,Sản xuất bia,3533,FiinPro / Vietcap IQ & Sở GDCK,https://vidabeer.vn/,https://vidabeer.vn/quan-he-co-dong
SBB,Công ty Cổ phần Tập đoàn Bia Sài Gòn Bình Tây,Bia Sài Gòn Bình Tây,UPCOM,Hàng Tiêu dùng,Thực phẩm và đồ uống,Bia và đồ uống,Sản xuất bia,3533,FiinPro / Vietcap IQ & Sở GDCK,http://sabibeco.com,http://sabibeco.com/quan-he-co-dong
SBC,Công ty Cổ phần Vận Tải Và Giao Nhận Bia Sài Gòn,Sabetran Jsc.,UPCOM,Công nghiệp,Hàng & Dịch vụ Công nghiệp,Vận tải,Dịch vụ vận tải,2779,FiinPro / Vietcap IQ & Sở GDCK,http://www.sabetranjsc.com,http://www.sabetranjsc.com/quan-he-co-dong
SBD,Công ty Cổ phần Công nghệ Sao Bắc Đẩu,Công nghệ Sao Bắc Đẩu,UPCOM,Công nghệ Thông tin,Công nghệ Thông tin,Phần mềm & Dịch vụ Máy tính,Phần mềm,9537,FiinPro / Vietcap IQ & Sở GDCK,https://saobacdau.vn/,https://saobacdau.vn/quan-he-co-dong
SBH,Công ty Cổ phần Thủy điện Sông Ba Hạ,Thủy điện Sông Ba Hạ,UPCOM,Tiện ích Cộng đồng,"Điện, nước & xăng dầu khí đốt",Sản xuất & Phân phối Điện,Sản xuất & Phân phối Điện,7535,FiinPro / Vietcap IQ & Sở GDCK,https://sbh.vn,https://sbh.vn/quan-he-co-dong
SBL,Công ty Cổ phần Bia Sài Gòn - Bạc Liêu,Bia Sài Gòn - Bạc Liêu,UPCOM,Hàng Tiêu dùng,Thực phẩm và đồ uống,Bia và đồ uống,Sản xuất bia,3533,FiinPro / Vietcap IQ & Sở GDCK,http://www.biasaigonbaclieu.com,http://www.biasaigonbaclieu.com/quan-he-co-dong
SBM,Công ty Cổ phần Đầu tư phát triển Bắc Minh,Đầu tư PT Bắc Minh,UPCOM,Tiện ích Cộng đồng,"Điện, nước & xăng dầu khí đốt",Sản xuất & Phân phối Điện,Sản xuất & Phân phối Điện,7535,FiinPro / Vietcap IQ & Sở GDCK,https://www.sbm.com.vn,https://www.sbm.com.vn/quan-he-co-dong
SBR,Công ty Cổ phần Cao su Sông Bé,Cao su Sông Bé,UPCOM,Nguyên vật liệu,Hóa chất,Hóa chất,"Nhựa, cao su & sợi",1353,FiinPro / Vietcap IQ & Sở GDCK,http://caosusongbe.vn/,http://caosusongbe.vn/quan-he-co-dong
SBS,Công ty Cổ phần Chứng khoán SBS,Chứng khoán SBS,UPCOM,Tài chính,Dịch vụ tài chính,Dịch vụ tài chính,Môi giới chứng khoán,8777,FiinPro / Vietcap IQ & Sở GDCK,https://sbsc.com.vn,https://sbsc.com.vn/quan-he-co-dong
SCC,Công ty Cổ phần Thương mại Đầu tư SHB,Thương mại Đầu tư SHB,UPCOM,Công nghiệp,Xây dựng và Vật liệu,Xây dựng và Vật liệu,Vật liệu xây dựng & Nội thất,2353,FiinPro / Vietcap IQ & Sở GDCK,https://ximangsongda.vn,https://ximangsongda.vn/quan-he-co-dong
SCD,Công ty Cổ phần Nước giải khát Chương Dương,Giải khát Chương Dương,UPCOM,Hàng Tiêu dùng,Thực phẩm và đồ uống,Bia và đồ uống,Đồ uống & giải khát,3537,FiinPro / Vietcap IQ & Sở GDCK,https://www.cdbeco.com.vn,https://www.cdbeco.com.vn/quan-he-co-dong
SCJ,Công ty Cổ phần Xi măng Sài Sơn,Xi măng Sài Sơn,UPCOM,Công nghiệp,Xây dựng và Vật liệu,Xây dựng và Vật liệu,Vật liệu xây dựng & Nội thất,2353,FiinPro / Vietcap IQ & Sở GDCK,http://ximangsaison.com,http://ximangsaison.com/quan-he-co-dong
SCL,Công ty Cổ phần Sông Đà Cao Cường,Sông Đà Cao Cường,UPCOM,Công nghiệp,Xây dựng và Vật liệu,Xây dựng và Vật liệu,Vật liệu xây dựng & Nội thất,2353,FiinPro / Vietcap IQ & Sở GDCK,https://songdacaocuong.vn/,https://songdacaocuong.vn/quan-he-co-dong
SCO,Công ty Cổ phần Công nghiệp Thủy sản,Công nghiệp Thủy Sản,UPCOM,Công nghiệp,Hàng & Dịch vụ Công nghiệp,Công nghiệp nặng,Máy công nghiệp,2757,FiinPro / Vietcap IQ & Sở GDCK,http://www.seameco.com.vn,http://www.seameco.com.vn/quan-he-co-dong
SD2,Công ty Cổ phần Sông Đà 2,Sông Đà 2,UPCOM,Công nghiệp,Xây dựng và Vật liệu,Xây dựng và Vật liệu,Xây dựng,2357,FiinPro / Vietcap IQ & Sở GDCK,http://songda2.com.vn,http://songda2.com.vn/quan-he-co-dong
SD3,Công ty Cổ phần Sông Đà 3,Sông Đà 3,UPCOM,Công nghiệp,Xây dựng và Vật liệu,Xây dựng và Vật liệu,Xây dựng,2357,FiinPro / Vietcap IQ & Sở GDCK,https://songda3.vn,https://songda3.vn/quan-he-co-dong
SD4,Công ty Cổ phần Sông Đà 4,Sông Đà 4,UPCOM,Công nghiệp,Xây dựng và Vật liệu,Xây dựng và Vật liệu,Xây dựng,2357,FiinPro / Vietcap IQ & Sở GDCK,http://www.songda4.vn/,http://www.songda4.vn/quan-he-co-dong
SD6,Công ty Cổ phần Sông Đà 6,Sông Đà 6,UPCOM,Công nghiệp,Xây dựng và Vật liệu,Xây dựng và Vật liệu,Xây dựng,2357,FiinPro / Vietcap IQ & Sở GDCK,http://www.songda6.com.vn,http://www.songda6.com.vn/quan-he-co-dong
SD7,Công ty Cổ phần Sông Đà 7,Sông Đà 7,UPCOM,Công nghiệp,Xây dựng và Vật liệu,Xây dựng và Vật liệu,Xây dựng,2357,FiinPro / Vietcap IQ & Sở GDCK,http://www.songda7.com.vn,http://www.songda7.com.vn/quan-he-co-dong
SD8,Công ty Cổ phần Sông Đà 8,Sông Đà 8,UPCOM,Công nghiệp,Xây dựng và Vật liệu,Xây dựng và Vật liệu,Xây dựng,2357,FiinPro / Vietcap IQ & Sở GDCK,http://www.songda8.com.vn,http://www.songda8.com.vn/quan-he-co-dong
SDA,Công ty Cổ phần SIMCO Sông Đà,XKLĐ Sông Đà,UPCOM,Công nghiệp,Hàng & Dịch vụ Công nghiệp,Tư vấn & Hỗ trợ Kinh doanh,Đào tạo & Việc làm,2793,FiinPro / Vietcap IQ & Sở GDCK,http://www.simco.vn,http://www.simco.vn/quan-he-co-dong
SDD,Công ty Cổ phần Đầu tư và Xây lắp Sông Đà,Xây lắp Sông Đà,UPCOM,Công nghiệp,Xây dựng và Vật liệu,Xây dựng và Vật liệu,Xây dựng,2357,FiinPro / Vietcap IQ & Sở GDCK,http://songdaic.vn/,http://songdaic.vn/quan-he-co-dong
SDK,Công ty Cổ phần Cơ khí Luyện Kim,Cơ khí Luyện Kim,UPCOM,Công nghiệp,Hàng & Dịch vụ Công nghiệp,Công nghiệp nặng,Máy công nghiệp,2757,FiinPro / Vietcap IQ & Sở GDCK,https://sadakim.vn,https://sadakim.vn/quan-he-co-dong
SDP,Công ty Cổ phần SDP,Công ty Cổ phần SDP,UPCOM,Công nghiệp,Xây dựng và Vật liệu,Xây dựng và Vật liệu,Xây dựng,2357,FiinPro / Vietcap IQ & Sở GDCK,http://sdp.com.vn,http://sdp.com.vn/quan-he-co-dong
SDT,Công ty Cổ phần Sông Đà 10,Sông Đà 10,UPCOM,Công nghiệp,Xây dựng và Vật liệu,Xây dựng và Vật liệu,Xây dựng,2357,FiinPro / Vietcap IQ & Sở GDCK,http://www.songda10.com.vn,http://www.songda10.com.vn/quan-he-co-dong
SDV,Công ty Cổ phần Dịch vụ Sonadezi,Dịch vụ Sonadezi,UPCOM,Công nghiệp,Hàng & Dịch vụ Công nghiệp,Tư vấn & Hỗ trợ Kinh doanh,Chất thải & Môi trường,2799,FiinPro / Vietcap IQ & Sở GDCK,https://www.sonadezi-sdv.com.vn/,https://www.sonadezi-sdv.com.vn/quan-he-co-dong
SDY,Công ty Cổ phần Xi măng Sông Đà Yaly,Xi măng Sông Đà Yaly,UPCOM,Công nghiệp,Xây dựng và Vật liệu,Xây dựng và Vật liệu,Vật liệu xây dựng & Nội thất,2353,FiinPro / Vietcap IQ & Sở GDCK,http://www.songdayaly.vn,http://www.songdayaly.vn/quan-he-co-dong
SEA,Tổng Công ty Thủy sản Việt Nam - Công ty Cổ phần,SEAPRODEX,UPCOM,Hàng Tiêu dùng,Thực phẩm và đồ uống,Sản xuất thực phẩm,Nuôi trồng nông & hải sản,3573,FiinPro / Vietcap IQ & Sở GDCK,http://seaprodex.vn,http://seaprodex.vn/quan-he-co-dong
SEP,Công ty Cổ phần Tổng Công ty Thương mại Quảng Trị,Thương mại Quảng Trị,UPCOM,Nguyên vật liệu,Hóa chất,Hóa chất,"Nhựa, cao su & sợi",1353,FiinPro / Vietcap IQ & Sở GDCK,http://www.sepon.com.vn,http://www.sepon.com.vn/quan-he-co-dong
SGB,Ngân hàng Thương mại Cổ phần Sài Gòn Công thương,Sài Gòn Công thương,UPCOM,Ngân hàng,Ngân hàng,Ngân hàng,Ngân hàng,8355,FiinPro / Vietcap IQ & Sở GDCK,https://www.saigonbank.com.vn,https://www.saigonbank.com.vn/quan-he-co-dong
SGI,Công ty Cổ phần Đầu tư SGI Holdings,Đầu tư SGI Holdings,UPCOM,Hàng Tiêu dùng,Hàng cá nhân & Gia dụng,Hàng cá nhân,Hàng May mặc,3763,FiinPro / Vietcap IQ & Sở GDCK,https://www.saigon3group.com.vn/,https://www.saigon3group.com.vn/quan-he-co-dong
SGP,Công ty Cổ phần Cảng Sài Gòn,Cảng Sài Gòn,UPCOM,Công nghiệp,Hàng & Dịch vụ Công nghiệp,Vận tải,"Kho bãi, hậu cần và bảo dưỡng",2777,FiinPro / Vietcap IQ & Sở GDCK,http://www.csg.com.vn,http://www.csg.com.vn/quan-he-co-dong
SGS,Công ty Cổ phần Vận tải biển Sài Gòn,Vận tải biển Sài Gòn,UPCOM,Công nghiệp,Hàng & Dịch vụ Công nghiệp,Vận tải,Vận tải Thủy,2773,FiinPro / Vietcap IQ & Sở GDCK,https://saigonship.com.vn,https://saigonship.com.vn/quan-he-co-dong
SGV,Công ty Cổ phần Vinaconex Sài Gòn,Vinaconex Sài Gòn,UPCOM,Công nghiệp,Xây dựng và Vật liệu,Xây dựng và Vật liệu,Xây dựng,2357,FiinPro / Vietcap IQ & Sở GDCK,,https://finance.vietstock.vn/SGV/ho-so-doanh-nghiep.htm
SHC,Công ty Cổ phần Hàng hải Sài Gòn,Hàng hải Sài Gòn,UPCOM,Công nghiệp,Hàng & Dịch vụ Công nghiệp,Vận tải,Vận tải Thủy,2773,FiinPro / Vietcap IQ & Sở GDCK,http://www.saigonmaritime.vn,http://www.saigonmaritime.vn/quan-he-co-dong
SID,Công ty Cổ phần Đầu tư Phát triển Sài Gòn Co.op,Đầu tư PT Sài Gòn Co.op,UPCOM,Tài chính,Bất động sản,Bất động sản,Bất động sản,8633,FiinPro / Vietcap IQ & Sở GDCK,https://scid.vn/,https://scid.vn/quan-he-co-dong
SIG,Công ty Cổ phần Đầu tư và Thương mại Sông Đà,Đầu tư và Thương mại Sông Đà,UPCOM,Công nghiệp,Xây dựng và Vật liệu,Xây dựng và Vật liệu,Xây dựng,2357,FiinPro / Vietcap IQ & Sở GDCK,http://www.sodic.com.vn,http://www.sodic.com.vn/quan-he-co-dong
SII,Công ty Cổ phần Hạ tầng Nước Sài Gòn,Hạ tầng Nước Sài Gòn,UPCOM,Tiện ích Cộng đồng,"Điện, nước & xăng dầu khí đốt",Nước & Khí đốt,Nước,7577,FiinPro / Vietcap IQ & Sở GDCK,https://saigonwater.com.vn,https://saigonwater.com.vn/quan-he-co-dong
SIV,Công ty Cổ phần SIVICO,SIVICO,UPCOM,Công nghiệp,Xây dựng và Vật liệu,Xây dựng và Vật liệu,Vật liệu xây dựng & Nội thất,2353,FiinPro / Vietcap IQ & Sở GDCK,https://www.sivico.com.vn,https://www.sivico.com.vn/quan-he-co-dong
SJF,Công ty Cổ phần Đầu tư Sao Thái Dương,Đầu tư Sao Thái Dương,UPCOM,Nguyên vật liệu,Tài nguyên Cơ bản,Lâm nghiệp và Giấy,Lâm sản và Chế biến gỗ,1733,FiinPro / Vietcap IQ & Sở GDCK,http://www.stdgroup.vn,http://www.stdgroup.vn/quan-he-co-dong
SJG,Tổng Công ty Sông Đà,Tổng Công ty Sông Đà,UPCOM,Công nghiệp,Xây dựng và Vật liệu,Xây dựng và Vật liệu,Xây dựng,2357,FiinPro / Vietcap IQ & Sở GDCK,http://www.songda.vn,http://www.songda.vn/quan-he-co-dong
SJM,Công ty Cổ phần Sunspace Holdings,Sunspace Holdings,UPCOM,Công nghiệp,Xây dựng và Vật liệu,Xây dựng và Vật liệu,Xây dựng,2357,FiinPro / Vietcap IQ & Sở GDCK,http://sunspaceholdings.vn,http://sunspaceholdings.vn/quan-he-co-dong
SKH,Công ty Cổ phần Nước giải khát Sanest Khánh Hòa,NGK Sanest Khánh Hòa,UPCOM,Hàng Tiêu dùng,Thực phẩm và đồ uống,Bia và đồ uống,Đồ uống & giải khát,3537,FiinPro / Vietcap IQ & Sở GDCK,https://sanestkhanhhoa.com.vn/,https://sanestkhanhhoa.com.vn/quan-he-co-dong
SKN,Công ty Cổ phần Nước giải khát Sanna Khánh Hòa,NGK Sanna Khánh Hòa,UPCOM,Hàng Tiêu dùng,Thực phẩm và đồ uống,Bia và đồ uống,Đồ uống & giải khát,3537,FiinPro / Vietcap IQ & Sở GDCK,https://sanna.com.vn,https://sanna.com.vn/quan-he-co-dong
SKV,Công ty Cổ phần Nước Giải khát Yến sào Khánh Hòa,NGK Yến sào Khánh Hòa,UPCOM,Hàng Tiêu dùng,Thực phẩm và đồ uống,Bia và đồ uống,Đồ uống & giải khát,3537,FiinPro / Vietcap IQ & Sở GDCK,http://yensaokhanhhoasanest.com.vn/,http://yensaokhanhhoasanest.com.vn/quan-he-co-dong
SLD,Công ty Cổ phần Địa Ốc Sacom,Địa Ốc Sacom,UPCOM,Tài chính,Bất động sản,Bất động sản,Bất động sản,8633,FiinPro / Vietcap IQ & Sở GDCK,http://samland.com.vn,http://samland.com.vn/quan-he-co-dong
SMV,Công ty Cổ phần Seoul Metal Việt Nam,Seoul Metal Việt Nam,UPCOM,Công nghiệp,Hàng & Dịch vụ Công nghiệp,Điện tử & Thiết bị điện,Thiết bị điện,2737,FiinPro / Vietcap IQ & Sở GDCK,,https://finance.vietstock.vn/SMV/ho-so-doanh-nghiep.htm
SNC,Công ty Cổ phần Xuất nhập khẩu Thủy sản Năm Căn,Thủy sản Năm Căn,UPCOM,Hàng Tiêu dùng,Thực phẩm và đồ uống,Sản xuất thực phẩm,Nuôi trồng nông & hải sản,3573,FiinPro / Vietcap IQ & Sở GDCK,http://www.seanamico.com.vn,http://www.seanamico.com.vn/quan-he-co-dong
SNZ,Tổng Công ty Cổ phần Phát triển Khu Công nghiệp,SONADEZI,UPCOM,Công nghiệp,Xây dựng và Vật liệu,Xây dựng và Vật liệu,Xây dựng,2357,FiinPro / Vietcap IQ & Sở GDCK,https://sonadezi.com.vn/vi/,https://sonadezi.com.vn/vi/quan-he-co-dong
SP2,Công ty Cổ phần Thủy điện Sử Pán 2,Thủy điện Sử Pán 2,UPCOM,Tiện ích Cộng đồng,"Điện, nước & xăng dầu khí đốt",Sản xuất & Phân phối Điện,Sản xuất & Phân phối Điện,7535,FiinPro / Vietcap IQ & Sở GDCK,http://supan2.net/,http://supan2.net/quan-he-co-dong
SPB,Công ty Cổ phần Sợi Phú Bài,Sợi Phú Bài,UPCOM,Hàng Tiêu dùng,Hàng cá nhân & Gia dụng,Hàng cá nhân,Hàng May mặc,3763,FiinPro / Vietcap IQ & Sở GDCK,https://phubaispinning.com/,https://phubaispinning.com/quan-he-co-dong
SPD,Công ty Cổ phần Xuất nhập khẩu Thủy sản Miền Trung,Thủy sản Miền Trung,UPCOM,Hàng Tiêu dùng,Thực phẩm và đồ uống,Sản xuất thực phẩm,Nuôi trồng nông & hải sản,3573,FiinPro / Vietcap IQ & Sở GDCK,https://seadanang.com.vn/,https://seadanang.com.vn/quan-he-co-dong
SPH,Công ty Cổ phần Xuất Nhập khẩu Thủy sản Hà Nội,XNK Thủy sản Hà Nội,UPCOM,Hàng Tiêu dùng,Thực phẩm và đồ uống,Sản xuất thực phẩm,Nuôi trồng nông & hải sản,3573,FiinPro / Vietcap IQ & Sở GDCK,http://www.seaprodexhanoi.com.vn,http://www.seaprodexhanoi.com.vn/quan-he-co-dong
SPI,Công ty Cổ phần Spiral Galaxy,Spiral Galaxy,UPCOM,Nguyên vật liệu,Tài nguyên Cơ bản,Khai khoáng,Khai khoáng,1775,FiinPro / Vietcap IQ & Sở GDCK,https://spigroup.vn/,https://spigroup.vn/quan-he-co-dong
SPV,Công ty Cổ phần Thủy Đặc Sản,Thủy đặc sản,UPCOM,Hàng Tiêu dùng,Thực phẩm và đồ uống,Sản xuất thực phẩm,Nuôi trồng nông & hải sản,3573,FiinPro / Vietcap IQ & Sở GDCK,https://seaspimex.com.vn,https://seaspimex.com.vn/quan-he-co-dong
SRB,Công ty Cổ phần Tập đoàn Sara,SARA,UPCOM,Công nghệ Thông tin,Công nghệ Thông tin,Phần mềm & Dịch vụ Máy tính,Phần mềm,9537,FiinPro / Vietcap IQ & Sở GDCK,http://srb.vn/,http://srb.vn/quan-he-co-dong
SSG,Công ty Cổ phần Vận tải Biển Hải Âu,Vận tải Biển Hải Âu,UPCOM,Công nghiệp,Hàng & Dịch vụ Công nghiệp,Vận tải,Vận tải Thủy,2773,FiinPro / Vietcap IQ & Sở GDCK,http://www.seagullshipping.com.vn,http://www.seagullshipping.com.vn/quan-he-co-dong
SSH,Công ty Cổ phần Phát triển Sunshine Homes,Phát triển Sunshine Homes,UPCOM,Tài chính,Bất động sản,Bất động sản,Bất động sản,8633,FiinPro / Vietcap IQ & Sở GDCK,https://ssh.vn/,https://ssh.vn/quan-he-co-dong
SST,Công ty Cổ phần Thương mại Bia Sài Gòn Sông Tiền,TM Sabeco Sông Tiền,UPCOM,Hàng Tiêu dùng,Thực phẩm và đồ uống,Bia và đồ uống,Sản xuất bia,3533,FiinPro / Vietcap IQ & Sở GDCK,http://biasaigonsongtien.com.vn,http://biasaigonsongtien.com.vn/quan-he-co-dong
STD,Công ty Cổ phần Bia - Nước giải khát Sài Gòn - Tây Đô,Bia - NGK Sài Gòn - Tây Đô,UPCOM,Hàng Tiêu dùng,Thực phẩm và đồ uống,Bia và đồ uống,Sản xuất bia,3533,FiinPro / Vietcap IQ & Sở GDCK,https://biasaigontaydo.com.vn/,https://biasaigontaydo.com.vn/quan-he-co-dong
STH,Công ty Cổ phần STH Holdings,STH Holdings,UPCOM,Dịch vụ Tiêu dùng,Truyền thông,Truyền thông,"Sách, ấn bản & sản phẩm văn hóa",5557,FiinPro / Vietcap IQ & Sở GDCK,https://sthc.com.vn/,https://sthc.com.vn/quan-he-co-dong
STS,Công ty Cổ phần Dịch vụ vận tải Sài Gòn,Dịch vụ vận tải Sài Gòn,UPCOM,Công nghiệp,Hàng & Dịch vụ Công nghiệp,Vận tải,Dịch vụ vận tải,2779,FiinPro / Vietcap IQ & Sở GDCK,http://tranaco.com.vn/,http://tranaco.com.vn/quan-he-co-dong
STT,Công ty Cổ phần Vận chuyển Sài Gòn Tourist,Vận chuyển Sài Gòn Tourist,UPCOM,Dịch vụ Tiêu dùng,Du lịch và Giải trí,Du lịch & Giải trí,Vận tải hành khách & Du lịch,5759,FiinPro / Vietcap IQ & Sở GDCK,http://www.saigontourist-stt.com,http://www.saigontourist-stt.com/quan-he-co-dong
STW,Công ty Cổ phần Cấp nước Sóc Trăng,Cấp nước Sóc Trăng,UPCOM,Tiện ích Cộng đồng,"Điện, nước & xăng dầu khí đốt",Nước & Khí đốt,Nước,7577,FiinPro / Vietcap IQ & Sở GDCK,http://www.soctrangwaco.vn,http://www.soctrangwaco.vn/quan-he-co-dong
SVG,Công ty Cổ phần Hơi kỹ nghệ Que hàn,Hơi kỹ nghệ Que hàn,UPCOM,Công nghiệp,Hàng & Dịch vụ Công nghiệp,Hàng công nghiệp,Công nghiệp phức hợp,2727,FiinPro / Vietcap IQ & Sở GDCK,http://sovigaz.com.vn,http://sovigaz.com.vn/quan-he-co-dong
SVH,Công ty Cổ phần Thủy điện Sông Vàng,Thủy điện Sông Vàng,UPCOM,Tiện ích Cộng đồng,"Điện, nước & xăng dầu khí đốt",Sản xuất & Phân phối Điện,Sản xuất & Phân phối Điện,7535,FiinPro / Vietcap IQ & Sở GDCK,https://songvang.info.vn,https://songvang.info.vn/quan-he-co-dong
SWC,Tổng Công ty Cổ phần Đường Sông Miền Nam,Đường Sông Miền Nam,UPCOM,Công nghiệp,Hàng & Dịch vụ Công nghiệp,Vận tải,Vận tải Thủy,2773,FiinPro / Vietcap IQ & Sở GDCK,https://sowatco.com.vn/,https://sowatco.com.vn/quan-he-co-dong
SZE,Công ty Cổ phần Môi trường Sonadezi,Môi trường Sonadezi,UPCOM,Công nghiệp,Hàng & Dịch vụ Công nghiệp,Tư vấn & Hỗ trợ Kinh doanh,Chất thải & Môi trường,2799,FiinPro / Vietcap IQ & Sở GDCK,https://sze.com.vn/,https://sze.com.vn/quan-he-co-dong
SZG,Công ty Cổ phần Sonadezi Giang Điền,Sonadezi Giang Điền,UPCOM,Tài chính,Bất động sản,Bất động sản,Bất động sản,8633,FiinPro / Vietcap IQ & Sở GDCK,https://www.sonadezi-giangdien.vn/,https://www.sonadezi-giangdien.vn/quan-he-co-dong
TA6,Công ty Cổ phần Đầu tư và Xây lắp Thành An 665,Đầu tư và Xây lắp Thành An 665,UPCOM,Công nghiệp,Xây dựng và Vật liệu,Xây dựng và Vật liệu,Xây dựng,2357,FiinPro / Vietcap IQ & Sở GDCK,http://congty665.com.vn/,http://congty665.com.vn/quan-he-co-dong
TAB,Công ty Cổ phần Freco Việt Nam,Freco Việt Nam,UPCOM,Công nghiệp,Hàng & Dịch vụ Công nghiệp,Vận tải,Dịch vụ vận tải,2779,FiinPro / Vietcap IQ & Sở GDCK,https://freco.com.vn/,https://freco.com.vn/quan-he-co-dong
TAH,Công ty Cổ phần Thương mại Dịch vụ Giấy Thuận An,Giấy Thuận An,UPCOM,Nguyên vật liệu,Tài nguyên Cơ bản,Lâm nghiệp và Giấy,Sản xuất giấy,1737,FiinPro / Vietcap IQ & Sở GDCK,https://thuananpaper.com/,https://thuananpaper.com/quan-he-co-dong
TAR,Công ty Cổ phần Nông nghiệp Công nghệ cao Trung An,Nông nghiệp CN cao Trung An,UPCOM,Hàng Tiêu dùng,Thực phẩm và đồ uống,Sản xuất thực phẩm,Nuôi trồng nông & hải sản,3573,FiinPro / Vietcap IQ & Sở GDCK,https://www.trunganrice.com/,https://www.trunganrice.com/quan-he-co-dong
TAW,Công ty Cổ phần Cấp nước Trung An,Cấp nước Trung An,UPCOM,Tiện ích Cộng đồng,"Điện, nước & xăng dầu khí đốt",Nước & Khí đốt,Nước,7577,FiinPro / Vietcap IQ & Sở GDCK,http://capnuoctrungan.vn/,http://capnuoctrungan.vn/quan-he-co-dong
TBD,Tổng công ty Thiết bị điện Đông Anh - Công ty Cổ phần,Thiết bị điện Đông Anh,UPCOM,Công nghiệp,Hàng & Dịch vụ Công nghiệp,Điện tử & Thiết bị điện,Thiết bị điện,2737,FiinPro / Vietcap IQ & Sở GDCK,http://www.eemc.com.vn,http://www.eemc.com.vn/quan-he-co-dong
TBR,Công ty Cổ phần Địa ốc Tân Bình,Địa ốc Tân Bình,UPCOM,Tài chính,Bất động sản,Bất động sản,Bất động sản,8633,FiinPro / Vietcap IQ & Sở GDCK,https://tanbinhres.com.vn,https://tanbinhres.com.vn/quan-he-co-dong
TBW,Công ty cổ phần Nước sạch Thái Bình,Nước sạch Thái Bình,UPCOM,Tiện ích Cộng đồng,"Điện, nước & xăng dầu khí đốt",Nước & Khí đốt,Nước,7577,FiinPro / Vietcap IQ & Sở GDCK,https://www.capnuocthaibinh.com/,https://www.capnuocthaibinh.com/quan-he-co-dong
TCD,Công ty cổ phần Tập đoàn Xây dựng Tracodi,Tập đoàn Xây dựng Tracodi,UPCOM,Công nghiệp,Xây dựng và Vật liệu,Xây dựng và Vật liệu,Xây dựng,2357,FiinPro / Vietcap IQ & Sở GDCK,https://www.tracodi.com.vn,https://www.tracodi.com.vn/quan-he-co-dong
TCJ,Công ty Cổ phần Tô Châu,Tô Châu,UPCOM,Hàng Tiêu dùng,Thực phẩm và đồ uống,Sản xuất thực phẩm,Nuôi trồng nông & hải sản,3573,FiinPro / Vietcap IQ & Sở GDCK,http://www.tochau.vn,http://www.tochau.vn/quan-he-co-dong
TCK,Tổng Công ty Cơ khí Xây dựng - CTCP,COMA,UPCOM,Công nghiệp,Xây dựng và Vật liệu,Xây dựng và Vật liệu,Xây dựng,2357,FiinPro / Vietcap IQ & Sở GDCK,https://coma.vn/,https://coma.vn/quan-he-co-dong
TCP,Công ty Cổ phần Kinh doanh Than Cẩm Phả - Vinacomin,Than Cẩm Phả - Vinacomin,UPCOM,Nguyên vật liệu,Tài nguyên Cơ bản,Khai khoáng,Khai thác Than,1771,FiinPro / Vietcap IQ & Sở GDCK,,https://finance.vietstock.vn/TCP/ho-so-doanh-nghiep.htm
TCW,Công ty Cổ phần Kho Vận Tân Cảng,Kho Vận Tân Cảng,UPCOM,Công nghiệp,Hàng & Dịch vụ Công nghiệp,Vận tải,"Kho bãi, hậu cần và bảo dưỡng",2777,FiinPro / Vietcap IQ & Sở GDCK,http://tancangwarehousing.com.vn,http://tancangwarehousing.com.vn/quan-he-co-dong
TDB,Công ty Cổ phần Thủy điện Định Bình,Thủy điện Định Bình,UPCOM,Tiện ích Cộng đồng,"Điện, nước & xăng dầu khí đốt",Sản xuất & Phân phối Điện,Sản xuất & Phân phối Điện,7535,FiinPro / Vietcap IQ & Sở GDCK,https://thuydiendinhbinh.com/,https://thuydiendinhbinh.com/quan-he-co-dong
TDF,Công ty Cổ phần Trung Đô,Xây dựng Trung Đô,UPCOM,Công nghiệp,Xây dựng và Vật liệu,Xây dựng và Vật liệu,Vật liệu xây dựng & Nội thất,2353,FiinPro / Vietcap IQ & Sở GDCK,https://trungdo.vn,https://trungdo.vn/quan-he-co-dong
TDS,Công ty Cổ phần Thép Thủ Đức - VNSTEEL,Thép Thủ Đức,UPCOM,Nguyên vật liệu,Tài nguyên Cơ bản,Kim loại,Thép và sản phẩm thép,1757,FiinPro / Vietcap IQ & Sở GDCK,https://thepthuduc.com.vn,https://thepthuduc.com.vn/quan-he-co-dong
TED,Tổng Công ty Tư vấn Thiết kế Giao thông Vận tải - CTCP,Thiết kế GTVT,UPCOM,Công nghiệp,Xây dựng và Vật liệu,Xây dựng và Vật liệu,Xây dựng,2357,FiinPro / Vietcap IQ & Sở GDCK,https://tedi.vn,https://tedi.vn/quan-he-co-dong
TGG,Công ty Cổ phần The Golden Group,The Golden Group,UPCOM,Công nghiệp,Xây dựng và Vật liệu,Xây dựng và Vật liệu,Xây dựng,2357,FiinPro / Vietcap IQ & Sở GDCK,https://thegoldengroup.vn/,https://thegoldengroup.vn/quan-he-co-dong
TGP,Công ty Cổ phần Trường Phú,Cáp Trường Phú,UPCOM,Công nghiệp,Hàng & Dịch vụ Công nghiệp,Điện tử & Thiết bị điện,Hàng điện & điện tử,2733,FiinPro / Vietcap IQ & Sở GDCK,https://truongphucable.vn,https://truongphucable.vn/quan-he-co-dong
TH1,Công ty Cổ phần Xuất nhập khẩu Tổng hợp I Việt Nam,XNK Tổng hợp 1,UPCOM,Dịch vụ Tiêu dùng,Bán lẻ,Phân phối thực phẩm & dược phẩm,Phân phối thực phẩm,5337,FiinPro / Vietcap IQ & Sở GDCK,http://www.generalexim.com.vn,http://www.generalexim.com.vn/quan-he-co-dong
THM,Công ty Cổ phần Tứ Hải Hà Nam,Tứ Hải Hà Nam,UPCOM,Hàng Tiêu dùng,Hàng cá nhân & Gia dụng,Hàng cá nhân,Hàng May mặc,3763,FiinPro / Vietcap IQ & Sở GDCK,https://tuhaijsc.vn/,https://tuhaijsc.vn/quan-he-co-dong
THN,Công ty Cổ phần Cấp nước Thanh Hóa,Cấp nước Thanh Hóa,UPCOM,Tiện ích Cộng đồng,"Điện, nước & xăng dầu khí đốt",Nước & Khí đốt,Nước,7577,FiinPro / Vietcap IQ & Sở GDCK,https://capnuocthanhhoa.vn,https://capnuocthanhhoa.vn/quan-he-co-dong
THO,Công ty Cổ phần Đầu Tư và Xây Lắp Tây Hồ,Xây Lắp Tây Hồ,UPCOM,Công nghiệp,Xây dựng và Vật liệu,Xây dựng và Vật liệu,Xây dựng,2357,FiinPro / Vietcap IQ & Sở GDCK,,https://finance.vietstock.vn/THO/ho-so-doanh-nghiep.htm
THP,Công ty Cổ phần Thủy sản và Thương mại Thuận Phước,Thủy sản và TMại Thuận Phước,UPCOM,Hàng Tiêu dùng,Thực phẩm và đồ uống,Sản xuất thực phẩm,Nuôi trồng nông & hải sản,3573,FiinPro / Vietcap IQ & Sở GDCK,http://www.thuanphuoc.vn/,http://www.thuanphuoc.vn/quan-he-co-dong
THU,Công ty Cổ phần Môi trường và Công trình đô thị Thanh Hóa,Môi trường và CTĐT Thanh Hóa,UPCOM,Công nghiệp,Hàng & Dịch vụ Công nghiệp,Tư vấn & Hỗ trợ Kinh doanh,Chất thải & Môi trường,2799,FiinPro / Vietcap IQ & Sở GDCK,http://www.urencothanhhoa.com.vn,http://www.urencothanhhoa.com.vn/quan-he-co-dong
THW,Công ty Cổ phần Cấp nước Tân Hòa,Cấp nước Tân Hòa,UPCOM,Tiện ích Cộng đồng,"Điện, nước & xăng dầu khí đốt",Nước & Khí đốt,Nước,7577,FiinPro / Vietcap IQ & Sở GDCK,https://www.capnuoctanhoa.com.vn,https://www.capnuoctanhoa.com.vn/quan-he-co-dong
TID,Công ty Cổ phần Tổng Công ty Tín Nghĩa,Tổng Công ty Tín Nghĩa,UPCOM,Tài chính,Bất động sản,Bất động sản,Bất động sản,8633,FiinPro / Vietcap IQ & Sở GDCK,https://tinnghiacorp.com.vn,https://tinnghiacorp.com.vn/quan-he-co-dong
TIE,Công ty Cổ phần TIE,Điện tử TIE,UPCOM,Công nghiệp,Hàng & Dịch vụ Công nghiệp,Điện tử & Thiết bị điện,Hàng điện & điện tử,2733,FiinPro / Vietcap IQ & Sở GDCK,https://tiegroup.vn/TIEGroup,https://tiegroup.vn/TIEGroup/quan-he-co-dong
TIN,Công ty Tài chính Tổng hợp cổ phần Tín Việt,Tài chính Cổ phần Tín Việt,UPCOM,Tài chính,Dịch vụ tài chính,Dịch vụ tài chính,Quản lý tài sản,8771,FiinPro / Vietcap IQ & Sở GDCK,https://www.vietcredit.com.vn/,https://www.vietcredit.com.vn/quan-he-co-dong
TIS,Công ty Cổ phần Gang thép Thái Nguyên,Gang thép Thái Nguyên,UPCOM,Nguyên vật liệu,Tài nguyên Cơ bản,Kim loại,Thép và sản phẩm thép,1757,FiinPro / Vietcap IQ & Sở GDCK,https://tisco.com.vn/,https://tisco.com.vn/quan-he-co-dong
TKA,Công ty Cổ phần Bao bì Tân Khánh An,Bao bì Tân Khánh An,UPCOM,Công nghiệp,Hàng & Dịch vụ Công nghiệp,Hàng công nghiệp,Containers & Đóng gói,2723,FiinPro / Vietcap IQ & Sở GDCK,http://tankhanhan.com,http://tankhanhan.com/quan-he-co-dong
TKD,Công ty Cổ phần Tư vấn Thiết kế Đường bộ,Tư vấn thiết kế đường bộ,UPCOM,Công nghiệp,Hàng & Dịch vụ Công nghiệp,Tư vấn & Hỗ trợ Kinh doanh,Tư vấn & Hỗ trợ KD,2791,FiinPro / Vietcap IQ & Sở GDCK,,https://finance.vietstock.vn/TKD/ho-so-doanh-nghiep.htm
TL4,Tổng Công ty Xây dựng Thủy lợi 4 - Công ty Cổ phần,XD Thủy lợi 4,UPCOM,Công nghiệp,Xây dựng và Vật liệu,Xây dựng và Vật liệu,Xây dựng,2357,FiinPro / Vietcap IQ & Sở GDCK,http://www.thuyloi4.com.vn,http://www.thuyloi4.com.vn/quan-he-co-dong
TLP,Tổng Công ty Thương mại Xuất nhập khẩu Thanh Lễ - CTCP,Thương mại XNK Thanh Lễ,UPCOM,Tiện ích Cộng đồng,"Điện, nước & xăng dầu khí đốt",Nước & Khí đốt,Phân phối xăng dầu & khí đốt,7573,FiinPro / Vietcap IQ & Sở GDCK,http://thalexim.vn,http://thalexim.vn/quan-he-co-dong
TMG,Công ty Cổ phần Kim loại màu Thái Nguyên - Vimico,Kim loại màu Thái Nguyên - Vimico,UPCOM,Nguyên vật liệu,Tài nguyên Cơ bản,Kim loại,Thép và sản phẩm thép,1757,FiinPro / Vietcap IQ & Sở GDCK,http://kimloaimau.com.vn,http://kimloaimau.com.vn/quan-he-co-dong
TMW,Công ty Cổ phần Tổng hợp Gỗ Tân Mai,Gỗ Tân Mai,UPCOM,Nguyên vật liệu,Tài nguyên Cơ bản,Lâm nghiệp và Giấy,Lâm sản và Chế biến gỗ,1733,FiinPro / Vietcap IQ & Sở GDCK,https://www.wood-tanmai.com.vn,https://www.wood-tanmai.com.vn/quan-he-co-dong
TNA,Công ty Cổ phần Thương mại Xuất nhập khẩu Thiên Nam,XNK Thiên Nam,UPCOM,Nguyên vật liệu,Tài nguyên Cơ bản,Kim loại,Thép và sản phẩm thép,1757,FiinPro / Vietcap IQ & Sở GDCK,http://www.tna.com.vn,http://www.tna.com.vn/quan-he-co-dong
TNB,Công ty Cổ phần Thép Nhà Bè - VNSTEEL,Thép Nhà Bè,UPCOM,Nguyên vật liệu,Tài nguyên Cơ bản,Kim loại,Thép và sản phẩm thép,1757,FiinPro / Vietcap IQ & Sở GDCK,https://nbsteel.vn/,https://nbsteel.vn/quan-he-co-dong
TNP,Công ty Cổ phần Cảng Thị Nại,Cảng Thị Nại,UPCOM,Công nghiệp,Hàng & Dịch vụ Công nghiệp,Vận tải,"Kho bãi, hậu cần và bảo dưỡng",2777,FiinPro / Vietcap IQ & Sở GDCK,https://thinaiport.vn/,https://thinaiport.vn/quan-he-co-dong
TNS,Công ty Cổ phần Thép tấm lá Thống Nhất,Thép tấm lá Thống Nhất,UPCOM,Nguyên vật liệu,Tài nguyên Cơ bản,Kim loại,Thép và sản phẩm thép,1757,FiinPro / Vietcap IQ & Sở GDCK,http://www.tnsteel.vn,http://www.tnsteel.vn/quan-he-co-dong
TNW,Công ty Cổ phần Nước sạch Thái Nguyên,Nước sạch Thái Nguyên,UPCOM,Tiện ích Cộng đồng,"Điện, nước & xăng dầu khí đốt",Nước & Khí đốt,Nước,7577,FiinPro / Vietcap IQ & Sở GDCK,http://nuocsachthainguyen.vn/default.aspx?lang=vi&amp;tab=home,http://nuocsachthainguyen.vn/default.aspx?lang=vi&amp;tab=home/quan-he-co-dong
TOP,Công ty Cổ phần Phân phối Top One,Phân phối Top One,UPCOM,Dịch vụ Tiêu dùng,Bán lẻ,Bán lẻ,Bán lẻ phức hợp,5373,FiinPro / Vietcap IQ & Sở GDCK,https://toponejs.com/,https://toponejs.com/quan-he-co-dong
TOS,Công ty Cổ phần Dịch vụ biển Tân Cảng,Dịch vụ biển Tân Cảng,UPCOM,Dầu khí,Dầu khí,"Thiết bị, Dịch vụ và Phân phối Dầu khí",Thiết bị và Dịch vụ Dầu khí,573,FiinPro / Vietcap IQ & Sở GDCK,https://tancangoffshore.com/,https://tancangoffshore.com/quan-he-co-dong
TOW,Công ty Cổ phần Cấp nước Trà Nóc - Ô Môn,Cấp nước Trà Nóc - Ô Môn,UPCOM,Tiện ích Cộng đồng,"Điện, nước & xăng dầu khí đốt",Nước & Khí đốt,Nước,7577,FiinPro / Vietcap IQ & Sở GDCK,https://tranoc-omonwaco.com.vn,https://tranoc-omonwaco.com.vn/quan-he-co-dong
TPS,Công ty Cổ phần Bến bãi vận tải Sài Gòn,Bến bãi vận tải Sài Gòn,UPCOM,Dịch vụ Tiêu dùng,Du lịch và Giải trí,Du lịch & Giải trí,Vận tải hành khách & Du lịch,5759,FiinPro / Vietcap IQ & Sở GDCK,http://www.benbaivantaisaigon.com.vn/,http://www.benbaivantaisaigon.com.vn/quan-he-co-dong
TQW,Công ty Cổ phần Cấp thoát nước Tuyên Quang,Cấp thoát nước Tuyên Quang,UPCOM,Tiện ích Cộng đồng,"Điện, nước & xăng dầu khí đốt",Nước & Khí đốt,Nước,7577,FiinPro / Vietcap IQ & Sở GDCK,https://capthoatnuoctuyenquang.vn,https://capthoatnuoctuyenquang.vn/quan-he-co-dong
TR1,Công ty Cổ phần Vận Tải 1 Traco,Vận Tải 1 Traco,UPCOM,Công nghiệp,Hàng & Dịch vụ Công nghiệp,Vận tải,"Kho bãi, hậu cần và bảo dưỡng",2777,FiinPro / Vietcap IQ & Sở GDCK,https://traco.vn,https://traco.vn/quan-he-co-dong
TRS,Công ty Cổ phần Vận tải và Dịch vụ Hàng Hải,Vận tải và Dịch vụ Hàng Hải,UPCOM,Công nghiệp,Hàng & Dịch vụ Công nghiệp,Vận tải,Vận tải Thủy,2773,FiinPro / Vietcap IQ & Sở GDCK,http://www.trasas.com.vn,http://www.trasas.com.vn/quan-he-co-dong
TRT,Công ty Cổ phần RedstarCera,CTCP RedstarCera,UPCOM,Công nghiệp,Xây dựng và Vật liệu,Xây dựng và Vật liệu,Vật liệu xây dựng & Nội thất,2353,FiinPro / Vietcap IQ & Sở GDCK,https://redstarcera.com,https://redstarcera.com/quan-he-co-dong
TRV,Công ty Cổ Phần Vận tải Đường sắt,Vận tải Đường sắt,UPCOM,Công nghiệp,Hàng & Dịch vụ Công nghiệp,Vận tải,Đường sắt,2775,FiinPro / Vietcap IQ & Sở GDCK,https://cophanvantaiduongsat.vn/,https://cophanvantaiduongsat.vn/quan-he-co-dong
TS3,Công ty Cổ phần Trường Sơn 532,Trường Sơn 532,UPCOM,Công nghiệp,Xây dựng và Vật liệu,Xây dựng và Vật liệu,Xây dựng,2357,FiinPro / Vietcap IQ & Sở GDCK,https://truongson532.com.vn/,https://truongson532.com.vn/quan-he-co-dong
TSD,Công ty Cổ phần Du lịch Trường Sơn Coecco,Du lịch Trường Sơn Coecco,UPCOM,Dịch vụ Tiêu dùng,Du lịch và Giải trí,Du lịch & Giải trí,Vận tải hành khách & Du lịch,5759,FiinPro / Vietcap IQ & Sở GDCK,http://truongsontourist.com.vn,http://truongsontourist.com.vn/quan-he-co-dong
TSG,Công ty Cổ phần Thông tin Tín hiệu Đường sắt Sài Gòn,TTTH Đường sắt Sài Gòn,UPCOM,Công nghiệp,Hàng & Dịch vụ Công nghiệp,Vận tải,Đường sắt,2775,FiinPro / Vietcap IQ & Sở GDCK,http://www.ttthsaigon.vn/,http://www.ttthsaigon.vn/quan-he-co-dong
TSJ,Công ty Cổ phần Du lịch Dịch vụ Hà Nội,Hanoi Toserco,UPCOM,Dịch vụ Tiêu dùng,Du lịch và Giải trí,Du lịch & Giải trí,Vận tải hành khách & Du lịch,5759,FiinPro / Vietcap IQ & Sở GDCK,http://hanoitoserco.com.vn,http://hanoitoserco.com.vn/quan-he-co-dong
TST,Công ty Cổ phần Dịch vụ Kỹ thuật Viễn thông,Dịch vụ KT Viễn Thông,UPCOM,Công nghệ Thông tin,Công nghệ Thông tin,Phần mềm & Dịch vụ Máy tính,Dịch vụ Máy tính,9533,FiinPro / Vietcap IQ & Sở GDCK,https://www.tst.com.vn/,https://www.tst.com.vn/quan-he-co-dong
TT6,Công ty Cổ Phần Tập Đoàn Tiến Thịnh,Tien Thinh Group,UPCOM,Hàng Tiêu dùng,Thực phẩm và đồ uống,Sản xuất thực phẩm,Thực phẩm,3577,FiinPro / Vietcap IQ & Sở GDCK,https://tienthinh.vn/,https://tienthinh.vn/quan-he-co-dong
TTB,Công ty Cổ phần TTBGROUP,Tập đoàn Tiến Bộ,UPCOM,Công nghiệp,Xây dựng và Vật liệu,Xây dựng và Vật liệu,Vật liệu xây dựng & Nội thất,2353,FiinPro / Vietcap IQ & Sở GDCK,https://tienbo.vn,https://tienbo.vn/quan-he-co-dong
TTD,Công ty Cổ phần Bệnh viện Tim Tâm Đức,Bệnh viện Tim Tâm Đức,UPCOM,Dược phẩm và Y tế,Y tế,Thiết bị và Dịch vụ Y tế,Chăm sóc y tế,4533,FiinPro / Vietcap IQ & Sở GDCK,https://tamduchearthospital.com,https://tamduchearthospital.com/quan-he-co-dong
TTG,Công ty Cổ phần Royal Healthtech TTG,Royal Healthtech TTG,UPCOM,Hàng Tiêu dùng,Hàng cá nhân & Gia dụng,Hàng cá nhân,Hàng May mặc,3763,FiinPro / Vietcap IQ & Sở GDCK,https://hapro.com.vn/,https://hapro.com.vn/quan-he-co-dong
TTN,Công ty Cổ phần Công nghệ & Truyền thông Việt Nam,Công nghệ và Truyền thông VN,UPCOM,Viễn thông,Viễn thông,Viễn thông cố định,Viễn thông cố định,6535,FiinPro / Vietcap IQ & Sở GDCK,https://vntt.com.vn/,https://vntt.com.vn/quan-he-co-dong
TTS,Công ty Cổ phần Cán thép Thái Trung,Cán thép Thái Trung,UPCOM,Nguyên vật liệu,Tài nguyên Cơ bản,Kim loại,Thép và sản phẩm thép,1757,FiinPro / Vietcap IQ & Sở GDCK,http://www.ttr.com.vn,http://www.ttr.com.vn/quan-he-co-dong
TTZ,Công ty Cổ phần Đầu tư Xây dựng và Công nghệ Tiến Trung,Xây dựng Tiến Trung,UPCOM,Công nghiệp,Xây dựng và Vật liệu,Xây dựng và Vật liệu,Vật liệu xây dựng & Nội thất,2353,FiinPro / Vietcap IQ & Sở GDCK,http://ttzholdings.com.vn,http://ttzholdings.com.vn/quan-he-co-dong
TUG,Công ty Cổ phần Lai dắt và Vận tải Cảng Hải Phòng,Lai dắt và VT cảng Hải Phòng,UPCOM,Công nghiệp,Hàng & Dịch vụ Công nghiệp,Vận tải,"Kho bãi, hậu cần và bảo dưỡng",2777,FiinPro / Vietcap IQ & Sở GDCK,https://tugtranco.vn,https://tugtranco.vn/quan-he-co-dong
TV1,Công ty Cổ phần Tư vấn Xây dựng Điện 1,Tư vấn XD Điện 1,UPCOM,Công nghiệp,Hàng & Dịch vụ Công nghiệp,Tư vấn & Hỗ trợ Kinh doanh,Tư vấn & Hỗ trợ KD,2791,FiinPro / Vietcap IQ & Sở GDCK,https://www.pecc1.com.vn/,https://www.pecc1.com.vn/quan-he-co-dong
TV6,Công ty Cổ phần Tập đoàn EMA LAND,Tập đoàn EMA LAND,UPCOM,Tài chính,Bất động sản,Bất động sản,"Tư Vấn, Định giá, Môi giới Bất động sản",8637,FiinPro / Vietcap IQ & Sở GDCK,https://emaland.vn/,https://emaland.vn/quan-he-co-dong
TVA,Công ty cổ phần Sứ Viglacera Thanh Trì,Sứ Viglacera Thanh Trì,UPCOM,Công nghiệp,Xây dựng và Vật liệu,Xây dựng và Vật liệu,Vật liệu xây dựng & Nội thất,2353,FiinPro / Vietcap IQ & Sở GDCK,https://viglacerathanhtri.vn/,https://viglacerathanhtri.vn/quan-he-co-dong
TVG,Công ty Cổ phần Tư vấn Đầu tư và Xây dựng Giao thông Vận tải,XD Giao thông Vận tải,UPCOM,Công nghiệp,Xây dựng và Vật liệu,Xây dựng và Vật liệu,Xây dựng,2357,FiinPro / Vietcap IQ & Sở GDCK,https://www.tricc.vn/,https://www.tricc.vn/quan-he-co-dong
TVH,Công ty Cổ phần Tư vấn Xây dựng công trình Hàng hải,Tư vấn XD công trình Hàng hải,UPCOM,Công nghiệp,Xây dựng và Vật liệu,Xây dựng và Vật liệu,Xây dựng,2357,FiinPro / Vietcap IQ & Sở GDCK,https://cmbvn.com.vn,https://cmbvn.com.vn/quan-he-co-dong
TVM,Công ty Cổ phần Tư vấn đầu tư Mỏ và công nghiệp - Vinacomin,Tư vấn đầu tư Mỏ,UPCOM,Công nghiệp,Hàng & Dịch vụ Công nghiệp,Tư vấn & Hỗ trợ Kinh doanh,Tư vấn & Hỗ trợ KD,2791,FiinPro / Vietcap IQ & Sở GDCK,http://vimcc.vn,http://vimcc.vn/quan-he-co-dong
TVN,Tổng Công ty Thép Việt Nam - Công ty Cổ phần,Thép Việt Nam,UPCOM,Nguyên vật liệu,Tài nguyên Cơ bản,Kim loại,Thép và sản phẩm thép,1757,FiinPro / Vietcap IQ & Sở GDCK,https://www.vnsteel.vn,https://www.vnsteel.vn/quan-he-co-dong
TW3,Công ty Cổ phần Dược Trung Ương 3,Dược TW3,UPCOM,Dược phẩm và Y tế,Y tế,Dược phẩm,Dược phẩm,4577,FiinPro / Vietcap IQ & Sở GDCK,https://duoctw3.com,https://duoctw3.com/quan-he-co-dong
UCT,Công ty Cổ phần Đô thị Cần Thơ,Đô thị Cần Thơ,UPCOM,Công nghiệp,Hàng & Dịch vụ Công nghiệp,Tư vấn & Hỗ trợ Kinh doanh,Chất thải & Môi trường,2799,FiinPro / Vietcap IQ & Sở GDCK,http://www.congtrinhdothicantho.vn,http://www.congtrinhdothicantho.vn/quan-he-co-dong
UDC,Công ty Cổ phần Đầu tư Xây dựng UDCons,Đầu tư Xây dựng UDCons,UPCOM,Công nghiệp,Xây dựng và Vật liệu,Xây dựng và Vật liệu,Xây dựng,2357,FiinPro / Vietcap IQ & Sở GDCK,http://www.udec.com.vn,http://www.udec.com.vn/quan-he-co-dong
UDJ,Công ty Cổ phần Phát triển Đô thị,Becamex UDJ,UPCOM,Công nghiệp,Xây dựng và Vật liệu,Xây dựng và Vật liệu,Xây dựng,2357,FiinPro / Vietcap IQ & Sở GDCK,https://becamexudj.com.vn,https://becamexudj.com.vn/quan-he-co-dong
UDL,Công ty Cổ phần Đô thị và Môi trường Đắk Lắk,Đô thị và Môi trường Đắk Lắk,UPCOM,Công nghiệp,Hàng & Dịch vụ Công nghiệp,Tư vấn & Hỗ trợ Kinh doanh,Chất thải & Môi trường,2799,FiinPro / Vietcap IQ & Sở GDCK,http://www.moitruongdothidaklak.com.vn,http://www.moitruongdothidaklak.com.vn/quan-he-co-dong
UEM,Công ty Cổ phần Cơ điện Uông Bí - Vinacomin,Cơ điện Uông Bí - Vinacomin,UPCOM,Công nghiệp,Hàng & Dịch vụ Công nghiệp,Công nghiệp nặng,Máy công nghiệp,2757,FiinPro / Vietcap IQ & Sở GDCK,http://codienuongbi.vn,http://codienuongbi.vn/quan-he-co-dong
ULG,Công ty Cổ Phần Logistics U&I,U&I Logistics,UPCOM,Công nghiệp,Hàng & Dịch vụ Công nghiệp,Vận tải,"Kho bãi, hậu cần và bảo dưỡng",2777,FiinPro / Vietcap IQ & Sở GDCK,https://www.unilogistics.vn/,https://www.unilogistics.vn/quan-he-co-dong
UMC,Công ty Cổ phần Công trình đô thị Nam Định,Công trình đô thị Nam Định,UPCOM,Công nghiệp,Xây dựng và Vật liệu,Xây dựng và Vật liệu,Xây dựng,2357,FiinPro / Vietcap IQ & Sở GDCK,https://congtrinhdothinamdinh.vn/,https://congtrinhdothinamdinh.vn/quan-he-co-dong
UPC,Công ty Cổ phần Phát triển Công viên Cây xanh và Đô thị Vũng Tàu,Cây xanh Vũng Tàu,UPCOM,Tiện ích Cộng đồng,"Điện, nước & xăng dầu khí đốt",Nước & Khí đốt,Tiện ích khác,7575,FiinPro / Vietcap IQ & Sở GDCK,https://www.upcgreen.com/,https://www.upcgreen.com/quan-he-co-dong
UPH,Công ty Cổ phần Dược phẩm TW25,Dược phẩm TW25,UPCOM,Dược phẩm và Y tế,Y tế,Dược phẩm,Dược phẩm,4577,FiinPro / Vietcap IQ & Sở GDCK,https://uphace.vn/,https://uphace.vn/quan-he-co-dong
UPS,Công ty Cổ phần Chứng khoán UP,Chứng khoán UP,UPCOM,Tài chính,Dịch vụ tài chính,Dịch vụ tài chính,Môi giới chứng khoán,8777,FiinPro / Vietcap IQ & Sở GDCK,https://upstock.com.vn/,https://upstock.com.vn/quan-he-co-dong
USC,Công ty Cổ phần Khảo sát và Xây dựng - USCO,Khảo sát và Xây dựng - USCO,UPCOM,Công nghiệp,Xây dựng và Vật liệu,Xây dựng và Vật liệu,Xây dựng,2357,FiinPro / Vietcap IQ & Sở GDCK,http://www.usco.vn,http://www.usco.vn/quan-he-co-dong
USD,Công ty Cổ phần Công trình Đô thị Sóc Trăng,Công trình Đô thị Sóc Trăng,UPCOM,Công nghiệp,Hàng & Dịch vụ Công nghiệp,Tư vấn & Hỗ trợ Kinh doanh,Chất thải & Môi trường,2799,FiinPro / Vietcap IQ & Sở GDCK,http://ctdtst.vn,http://ctdtst.vn/quan-he-co-dong
UTT,Công ty Cổ phần Môi trường Nam Thành,Môi trường Nam Thành,UPCOM,Công nghiệp,Hàng & Dịch vụ Công nghiệp,Tư vấn & Hỗ trợ Kinh doanh,Chất thải & Môi trường,2799,FiinPro / Vietcap IQ & Sở GDCK,https://urencothanhtri.vn/,https://urencothanhtri.vn/quan-he-co-dong
UXC,Công ty Cổ phần Chế biến Thủy sản Út Xi,Chế biến Thủy sản Út Xi,UPCOM,Hàng Tiêu dùng,Thực phẩm và đồ uống,Sản xuất thực phẩm,Nuôi trồng nông & hải sản,3573,FiinPro / Vietcap IQ & Sở GDCK,http://utxi.com.vn/,http://utxi.com.vn/quan-he-co-dong
V45,Công ty Cổ phần Đầu tư và Xây dựng số 45,Xây dựng số 45,UPCOM,Công nghiệp,Xây dựng và Vật liệu,Xây dựng và Vật liệu,Vật liệu xây dựng & Nội thất,2353,FiinPro / Vietcap IQ & Sở GDCK,http://vinaconex45.vn,http://vinaconex45.vn/quan-he-co-dong
V68,Công ty Cổ phần Đầu tư Sản xuất và Thương mại Tuấn Anh,Tuan Anh Investment Jsc,UPCOM,Nguyên vật liệu,Hóa chất,Hóa chất,"Nhựa, cao su & sợi",1353,FiinPro / Vietcap IQ & Sở GDCK,https://tuananh.vn/,https://tuananh.vn/quan-he-co-dong
VAF,Công ty Cổ phần Phân lân nung chảy Văn Điển,Phân lân Văn Điển,UPCOM,Nguyên vật liệu,Hóa chất,Hóa chất,"Sản phẩm hóa dầu, Nông dược & Hóa chất khác",1357,FiinPro / Vietcap IQ & Sở GDCK,https://vandienfmp.vn,https://vandienfmp.vn/quan-he-co-dong
VAV,Công ty Cổ phần VIWACO,VIWACO,UPCOM,Tiện ích Cộng đồng,"Điện, nước & xăng dầu khí đốt",Nước & Khí đốt,Nước,7577,FiinPro / Vietcap IQ & Sở GDCK,http://viwaco.vn,http://viwaco.vn/quan-he-co-dong
VBG,Công ty Cổ phần Địa chất Việt Bắc - TKV,Địa chất Việt Bắc - TKV,UPCOM,Nguyên vật liệu,Tài nguyên Cơ bản,Khai khoáng,Khai khoáng,1775,FiinPro / Vietcap IQ & Sở GDCK,http://www.diachatvietbac.vn,http://www.diachatvietbac.vn/quan-he-co-dong
VBH,Công ty Cổ phần Điện tử Bình Hòa,Điện tử Bình Hòa,UPCOM,Công nghiệp,Hàng & Dịch vụ Công nghiệp,Điện tử & Thiết bị điện,Hàng điện & điện tử,2733,FiinPro / Vietcap IQ & Sở GDCK,http://www.viettronics-binhhoa.com,http://www.viettronics-binhhoa.com/quan-he-co-dong
VBT,Công ty Cổ phần Vận tải Bảo Thắng,Vận tải Bảo Thắng,UPCOM,Công nghiệp,Hàng & Dịch vụ Công nghiệp,Vận tải,Dịch vụ vận tải,2779,FiinPro / Vietcap IQ & Sở GDCK,https://vantaibaothang.com/,https://vantaibaothang.com/quan-he-co-dong
VCE,Công ty Cổ phần Xây lắp Môi trường,Xây lắp Môi trường,UPCOM,Công nghiệp,Xây dựng và Vật liệu,Xây dựng và Vật liệu,Xây dựng,2357,FiinPro / Vietcap IQ & Sở GDCK,https://www.moitruongnhanco.vn/,https://www.moitruongnhanco.vn/quan-he-co-dong
VCP,Công ty Cổ phần Xây dựng và Năng lượng VCP,Xây dựng và Năng lượng VCP,UPCOM,Tiện ích Cộng đồng,"Điện, nước & xăng dầu khí đốt",Sản xuất & Phân phối Điện,Sản xuất & Phân phối Điện,7535,FiinPro / Vietcap IQ & Sở GDCK,http://vcpholdings.com,http://vcpholdings.com/quan-he-co-dong
VCR,Công ty Cổ phần Đầu tư và Phát triển Du lịch ITC,Đầu tư và Phát triển Du lịch ITC,UPCOM,Tài chính,Bất động sản,Bất động sản,Bất động sản,8633,FiinPro / Vietcap IQ & Sở GDCK,https://www.itcdevelopment.com.vn/,https://www.itcdevelopment.com.vn/quan-he-co-dong
VCT,Công ty Cổ phần Tư vấn Xây dựng Vinaconex,Tư vấn XD Vinaconex,UPCOM,Công nghiệp,Hàng & Dịch vụ Công nghiệp,Tư vấn & Hỗ trợ Kinh doanh,Tư vấn & Hỗ trợ KD,2791,FiinPro / Vietcap IQ & Sở GDCK,http://vinaconsult.com.vn/,http://vinaconsult.com.vn/quan-he-co-dong
VCX,Công ty Cổ phần Xi măng Yên Bình,Xi măng Yên Bình,UPCOM,Công nghiệp,Xây dựng và Vật liệu,Xây dựng và Vật liệu,Vật liệu xây dựng & Nội thất,2353,FiinPro / Vietcap IQ & Sở GDCK,http://www.ximangyenbinh.com,http://www.ximangyenbinh.com/quan-he-co-dong
VDB,Công ty Cổ phần Vận tải và Chế biến Than Đông Bắc,Vận tải và CB Than Đông Bắc,UPCOM,Nguyên vật liệu,Tài nguyên Cơ bản,Khai khoáng,Khai thác Than,1771,FiinPro / Vietcap IQ & Sở GDCK,https://vtcbdongbac.com.vn/,https://vtcbdongbac.com.vn/quan-he-co-dong
VDG,Công ty Cổ phần Vạn Đạt Group,Vạn Đạt Group,UPCOM,Hàng Tiêu dùng,Hàng cá nhân & Gia dụng,Hàng cá nhân,Hàng May mặc,3763,FiinPro / Vietcap IQ & Sở GDCK,https://vandatgroup.com/,https://vandatgroup.com/quan-he-co-dong
VDN,Công ty Cổ phần Vinatex Đà Nẵng,Vinatex Đà Nẵng,UPCOM,Hàng Tiêu dùng,Hàng cá nhân & Gia dụng,Hàng cá nhân,Hàng May mặc,3763,FiinPro / Vietcap IQ & Sở GDCK,https://vinatexdn.com.vn/,https://vinatexdn.com.vn/quan-he-co-dong
VDT,Công ty Cổ phần Lưới thép Bình Tây,Lưới thép Bình Tây,UPCOM,Nguyên vật liệu,Tài nguyên Cơ bản,Kim loại,Thép và sản phẩm thép,1757,FiinPro / Vietcap IQ & Sở GDCK,https://luoithepbinhtay.com.vn/,https://luoithepbinhtay.com.vn/quan-he-co-dong
VE8,Công ty Cổ phần Xây dựng Điện Vneco 8,Xây dựng Điện Vneco 8,UPCOM,Công nghiệp,Xây dựng và Vật liệu,Xây dựng và Vật liệu,Xây dựng,2357,FiinPro / Vietcap IQ & Sở GDCK,http://www.vneco8.com.vn,http://www.vneco8.com.vn/quan-he-co-dong
VE9,Công ty Cổ phần Đầu tư và Xây dựng VNECO 9,VNECO 9,UPCOM,Công nghiệp,Xây dựng và Vật liệu,Xây dựng và Vật liệu,Xây dựng,2357,FiinPro / Vietcap IQ & Sở GDCK,http://www.vneco9.com,http://www.vneco9.com/quan-he-co-dong
VEA,Tổng Công ty Máy động lực và Máy nông nghiệp Việt Nam - CTCP,Máy động lực và Máy NN,UPCOM,Công nghiệp,Hàng & Dịch vụ Công nghiệp,Công nghiệp nặng,Máy công nghiệp,2757,FiinPro / Vietcap IQ & Sở GDCK,http://www.veamcorp.com,http://www.veamcorp.com/quan-he-co-dong
VEC,Tổng Công ty Cổ phần Điện tử và Tin học Việt Nam,Điện tử và Tin học VN,UPCOM,Công nghệ Thông tin,Công nghệ Thông tin,Thiết bị và Phần cứng,Phần cứng,9572,FiinPro / Vietcap IQ & Sở GDCK,http://www.viettronics.vn/,http://www.viettronics.vn/quan-he-co-dong
VEF,Công ty Cổ phần Trung tâm Hội chợ Triển lãm Việt Nam,Hội chợ Triển lãm Việt Nam,UPCOM,Tài chính,Bất động sản,Bất động sản,Bất động sản,8633,FiinPro / Vietcap IQ & Sở GDCK,http://vefac.vn/vi/,http://vefac.vn/vi/quan-he-co-dong
VES,Công ty Cổ phần Tập đoàn VinaLiving,Tập đoàn VinaLiving,UPCOM,Tài chính,Bất động sản,Bất động sản,Bất động sản,8633,FiinPro / Vietcap IQ & Sở GDCK,https://vinaliving.com.vn/,https://vinaliving.com.vn/quan-he-co-dong
VET,Công ty Cổ phần Thuốc Thú y Trung ương NAVETCO,Thuốc thú y trung ương Navetco,UPCOM,Nguyên vật liệu,Hóa chất,Hóa chất,"Sản phẩm hóa dầu, Nông dược & Hóa chất khác",1357,FiinPro / Vietcap IQ & Sở GDCK,https://www.navetco.com.vn,https://www.navetco.com.vn/quan-he-co-dong
VFC,Công ty Cổ phần VINAFCO,Vận tải biển VINAFCO,UPCOM,Công nghiệp,Hàng & Dịch vụ Công nghiệp,Vận tải,Vận tải Thủy,2773,FiinPro / Vietcap IQ & Sở GDCK,https://www.vinafco.com.vn,https://www.vinafco.com.vn/quan-he-co-dong
VFR,Công ty Cổ phần Vận tải và Thuê tàu,Vận tải Vietfracht,UPCOM,Công nghiệp,Hàng & Dịch vụ Công nghiệp,Vận tải,Vận tải Thủy,2773,FiinPro / Vietcap IQ & Sở GDCK,http://vietfracht.com.vn,http://vietfracht.com.vn/quan-he-co-dong
VGG,Tổng Công Ty Cổ phần May Việt Tiến,May Việt Tiến,UPCOM,Hàng Tiêu dùng,Hàng cá nhân & Gia dụng,Hàng cá nhân,Hàng May mặc,3763,FiinPro / Vietcap IQ & Sở GDCK,http://www.viettien.com.vn,http://www.viettien.com.vn/quan-he-co-dong
VGI,Tổng Công ty Cổ phần Đầu tư Quốc tế Viettel,Đầu tư Quốc tế Viettel,UPCOM,Viễn thông,Viễn thông,Viễn thông di động,Viễn thông di động,6575,FiinPro / Vietcap IQ & Sở GDCK,https://www.viettelglobal.com.vn/,https://www.viettelglobal.com.vn/quan-he-co-dong
VGL,Công ty Cổ phần Mạ kẽm công nghiệp Vingal-Vnsteel,Mạ kẽm công nghiệp Vingal-Vnsteel,UPCOM,Nguyên vật liệu,Tài nguyên Cơ bản,Kim loại,Thép và sản phẩm thép,1757,FiinPro / Vietcap IQ & Sở GDCK,https://vingal.com,https://vingal.com/quan-he-co-dong
VGR,Công ty Cổ phần Cảng xanh VIP,Cảng xanh VIP,UPCOM,Công nghiệp,Hàng & Dịch vụ Công nghiệp,Vận tải,"Kho bãi, hậu cần và bảo dưỡng",2777,FiinPro / Vietcap IQ & Sở GDCK,https://vipgreenport.com.vn,https://vipgreenport.com.vn/quan-he-co-dong
VGT,Tập đoàn Dệt May Việt Nam,VINATEX,UPCOM,Hàng Tiêu dùng,Hàng cá nhân & Gia dụng,Hàng cá nhân,Hàng May mặc,3763,FiinPro / Vietcap IQ & Sở GDCK,https://vinatex.com.vn/,https://vinatex.com.vn/quan-he-co-dong
VGV,Tổng Công ty Tư vấn Xây dựng Việt Nam - CTCP,Tư vấn Xây dựng Việt Nam,UPCOM,Tài chính,Bất động sản,Bất động sản,Bất động sản,8633,FiinPro / Vietcap IQ & Sở GDCK,https://vncc.vn/,https://vncc.vn/quan-he-co-dong
VHD,Công ty Cổ phần Đầu tư phát triển nhà và đô thị VINAHUD,PT Nhà và Đô thị Vinaconex,UPCOM,Tài chính,Bất động sản,Bất động sản,Bất động sản,8633,FiinPro / Vietcap IQ & Sở GDCK,http://vinahud.com.vn,http://vinahud.com.vn/quan-he-co-dong
VHF,Công ty Cổ phần Xây dựng và Chế biến lương thực Vĩnh Hà,Chế biến lương thực Vĩnh Hà,UPCOM,Hàng Tiêu dùng,Thực phẩm và đồ uống,Sản xuất thực phẩm,Thực phẩm,3577,FiinPro / Vietcap IQ & Sở GDCK,http://www.vinhha.com.vn,http://www.vinhha.com.vn/quan-he-co-dong
VHG,Công ty Cổ phần Đầu tư và Phát triển Việt Trung Nam,Đầu tư và Phát triển Việt Trung Nam,UPCOM,Công nghiệp,Hàng & Dịch vụ Công nghiệp,Hàng công nghiệp,Công nghiệp phức hợp,2727,FiinPro / Vietcap IQ & Sở GDCK,http://www.viettrungnam.com.vn,http://www.viettrungnam.com.vn/quan-he-co-dong
VHH,Công ty Cổ phần Đầu tư Kinh doanh nhà Thành Đạt,Kinh doanh nhà Thành Đạt,UPCOM,Công nghiệp,Xây dựng và Vật liệu,Xây dựng và Vật liệu,Vật liệu xây dựng & Nội thất,2353,FiinPro / Vietcap IQ & Sở GDCK,http://thanhdathouse.com.vn,http://thanhdathouse.com.vn/quan-he-co-dong
VIE,Công ty Cổ phần Công nghệ Viễn thông VI TE CO,CN Viễn thông VI TE CO,UPCOM,Công nghệ Thông tin,Công nghệ Thông tin,Thiết bị và Phần cứng,Thiết bị viễn thông,9578,FiinPro / Vietcap IQ & Sở GDCK,http://viteco.vn,http://viteco.vn/quan-he-co-dong
VIM,Công ty Cổ phần Khoáng sản Viglacera,Khoáng sản Viglacera,UPCOM,Nguyên vật liệu,Tài nguyên Cơ bản,Khai khoáng,Khai khoáng,1775,FiinPro / Vietcap IQ & Sở GDCK,http://khoangsanviglacera.com/,http://khoangsanviglacera.com/quan-he-co-dong
VIN,Công ty Cổ phần Giao nhận Kho vận Ngoại thương Việt Nam,Kho vận ngoại thương VN,UPCOM,Công nghiệp,Hàng & Dịch vụ Công nghiệp,Vận tải,"Kho bãi, hậu cần và bảo dưỡng",2777,FiinPro / Vietcap IQ & Sở GDCK,http://vinatrans.com,http://vinatrans.com/quan-he-co-dong
VIR,Công ty Cổ phần Du lịch Quốc tế Vũng Tàu,Du lịch Vũng Tàu,UPCOM,Dịch vụ Tiêu dùng,Du lịch và Giải trí,Du lịch & Giải trí,Khách sạn,5753,FiinPro / Vietcap IQ & Sở GDCK,https://intourcoresort.com.vn,https://intourcoresort.com.vn/quan-he-co-dong
VIW,Tổng công ty Đầu tư Nước và Môi trường Việt Nam - Công ty Cổ phần,Đầu tư nước và môi trường VN - Viwaseen,UPCOM,Công nghiệp,Xây dựng và Vật liệu,Xây dựng và Vật liệu,Xây dựng,2357,FiinPro / Vietcap IQ & Sở GDCK,http://viwaseen.com.vn,http://viwaseen.com.vn/quan-he-co-dong
VKC,Công ty Cổ phần VKC Holdings,VKC Holdings,UPCOM,Hàng Tiêu dùng,Ô tô và phụ tùng,Ô tô và phụ tùng,Lốp xe,3357,FiinPro / Vietcap IQ & Sở GDCK,https://vinhkhanh.com.vn/,https://vinhkhanh.com.vn/quan-he-co-dong
VLB,Công ty Cổ phần Xây dựng và Sản xuất Vật liệu Xây dựng Biên Hòa,VLXD Biên Hòa,UPCOM,Công nghiệp,Xây dựng và Vật liệu,Xây dựng và Vật liệu,Vật liệu xây dựng & Nội thất,2353,FiinPro / Vietcap IQ & Sở GDCK,http://www.bbcc.com.vn,http://www.bbcc.com.vn/quan-he-co-dong
VLC,Tổng Công ty Chăn nuôi Việt Nam - Công ty Cổ phần,Chăn nuôi Việt Nam,UPCOM,Hàng Tiêu dùng,Thực phẩm và đồ uống,Sản xuất thực phẩm,Nuôi trồng nông & hải sản,3573,FiinPro / Vietcap IQ & Sở GDCK,https://www.vilico.vn,https://www.vilico.vn/quan-he-co-dong
VLG,Công ty Cổ phần VIMC Logistics,VIMC Logistics,UPCOM,Công nghiệp,Hàng & Dịch vụ Công nghiệp,Vận tải,Dịch vụ vận tải,2779,FiinPro / Vietcap IQ & Sở GDCK,https://vimclogistics.com/,https://vimclogistics.com/quan-he-co-dong
VLP,Công ty Cổ phần Công trình Công cộng Vĩnh Long,Công trình Công cộng Vĩnh Long,UPCOM,Công nghiệp,Hàng & Dịch vụ Công nghiệp,Tư vấn & Hỗ trợ Kinh doanh,Chất thải & Môi trường,2799,FiinPro / Vietcap IQ & Sở GDCK,http://vipuco.vn,http://vipuco.vn/quan-he-co-dong
VLS,Công ty Cổ phần Sản xuất Thép Việt Long,Sản xuất Thép Việt Long,UPCOM,Nguyên vật liệu,Tài nguyên Cơ bản,Kim loại,Thép và sản phẩm thép,1757,FiinPro / Vietcap IQ & Sở GDCK,https://vietlongsteel.com.vn/,https://vietlongsteel.com.vn/quan-he-co-dong
VLW,Công ty Cổ phần Cấp nước Vĩnh Long,Cấp nước Vĩnh Long,UPCOM,Tiện ích Cộng đồng,"Điện, nước & xăng dầu khí đốt",Nước & Khí đốt,Nước,7577,FiinPro / Vietcap IQ & Sở GDCK,http://capnuocvl.com.vn,http://capnuocvl.com.vn/quan-he-co-dong
VMA,Công ty Cổ phần Công nghiệp Ô tô - Vinacomin,CN Ô tô - Vinacomin,UPCOM,Hàng Tiêu dùng,Ô tô và phụ tùng,Ô tô và phụ tùng,Sản xuất ô tô,3353,FiinPro / Vietcap IQ & Sở GDCK,http://vmicauto.vn,http://vmicauto.vn/quan-he-co-dong
VMG,Công ty Cổ phần Thương mại và Dịch vụ Dầu khí Vũng Tàu,Vimexco Gas,UPCOM,Tiện ích Cộng đồng,"Điện, nước & xăng dầu khí đốt",Nước & Khí đốt,Phân phối xăng dầu & khí đốt,7573,FiinPro / Vietcap IQ & Sở GDCK,http://vimexcogas.com.vn,http://vimexcogas.com.vn/quan-he-co-dong
VMK,Công ty Cổ phần Vimarko,Vimarko,UPCOM,Công nghiệp,Xây dựng và Vật liệu,Xây dựng và Vật liệu,Vật liệu xây dựng & Nội thất,2353,FiinPro / Vietcap IQ & Sở GDCK,https://vimarko.vn/vi,https://vimarko.vn/vi/quan-he-co-dong
VMT,Công ty Cổ phần Giao nhận Vận tải Miền Trung,Giao nhận Vận tải Miền Trung,UPCOM,Công nghiệp,Hàng & Dịch vụ Công nghiệp,Vận tải,Dịch vụ vận tải,2779,FiinPro / Vietcap IQ & Sở GDCK,https://www.vinatransdn.com.vn/,https://www.vinatransdn.com.vn/quan-he-co-dong
VNA,Công ty Cổ phần Vận tải biển Vinaship,Vận tải biển Vinaship,UPCOM,Công nghiệp,Hàng & Dịch vụ Công nghiệp,Vận tải,Vận tải Thủy,2773,FiinPro / Vietcap IQ & Sở GDCK,https://www.vinaship.com.vn,https://www.vinaship.com.vn/quan-he-co-dong
VNB,Công ty Cổ phần Sách Việt Nam,Sách Việt Nam,UPCOM,Dịch vụ Tiêu dùng,Truyền thông,Truyền thông,"Sách, ấn bản & sản phẩm văn hóa",5557,FiinPro / Vietcap IQ & Sở GDCK,https://savina.com.vn,https://savina.com.vn/quan-he-co-dong
VNE,Tổng Công ty Cổ phần Xây dựng điện Việt Nam,Xây dựng điện Việt Nam,UPCOM,Công nghiệp,Xây dựng và Vật liệu,Xây dựng và Vật liệu,Xây dựng,2357,FiinPro / Vietcap IQ & Sở GDCK,https://vneco.com.vn,https://vneco.com.vn/quan-he-co-dong
VNH,Công ty Cổ phần Đầu tư Việt Việt Nhật,Đầu tư Việt Việt Nhật,UPCOM,Hàng Tiêu dùng,Thực phẩm và đồ uống,Sản xuất thực phẩm,Nuôi trồng nông & hải sản,3573,FiinPro / Vietcap IQ & Sở GDCK,http://vietnhat.com,http://vietnhat.com/quan-he-co-dong
VNI,Công ty Cổ phần Đầu tư Bất động sản Việt Nam,ĐT BĐS Việt Nam,UPCOM,Tài chính,Bất động sản,Bất động sản,Bất động sản,8633,FiinPro / Vietcap IQ & Sở GDCK,http://www.vinalandinvest.com.vn,http://www.vinalandinvest.com.vn/quan-he-co-dong
VNP,Công ty Cổ phần Nhựa Việt Nam,Nhựa Việt Nam,UPCOM,Nguyên vật liệu,Hóa chất,Hóa chất,"Nhựa, cao su & sợi",1353,FiinPro / Vietcap IQ & Sở GDCK,http://www.vinaplast.com.vn,http://www.vinaplast.com.vn/quan-he-co-dong
VNX,Công ty Cổ phần Quảng cáo và Hội chợ Thương mại Vinexad,QC và Hội chợ Thương mại,UPCOM,Dịch vụ Tiêu dùng,Truyền thông,Truyền thông,Dịch vụ truyền thông,5555,FiinPro / Vietcap IQ & Sở GDCK,http://vinexad.com.vn,http://vinexad.com.vn/quan-he-co-dong
VNY,Công ty Cổ phần Thuốc thú y Trung ương I,Thuốc thú y Trung ương I,UPCOM,Nguyên vật liệu,Hóa chất,Hóa chất,"Sản phẩm hóa dầu, Nông dược & Hóa chất khác",1357,FiinPro / Vietcap IQ & Sở GDCK,https://vinavetco.com,https://vinavetco.com/quan-he-co-dong
VNZ,Công ty Cổ phần Tập đoàn VNG,Tập đoàn VNG,UPCOM,Dịch vụ Tiêu dùng,Truyền thông,Truyền thông,Giải trí & Truyền thông,5553,FiinPro / Vietcap IQ & Sở GDCK,https://vng.com.vn/,https://vng.com.vn/quan-he-co-dong
VPA,Công ty Cổ phần Vận tải Hóa dầu VP,Vận tải Hóa dầu VP,UPCOM,Công nghiệp,Hàng & Dịch vụ Công nghiệp,Vận tải,Vận tải Thủy,2773,FiinPro / Vietcap IQ & Sở GDCK,https://www.vptrans.vn,https://www.vptrans.vn/quan-he-co-dong
VPC,Công ty Cổ phần Đầu tư và Phát triển Năng lượng Việt Nam,V- Power,UPCOM,Công nghiệp,Xây dựng và Vật liệu,Xây dựng và Vật liệu,Xây dựng,2357,FiinPro / Vietcap IQ & Sở GDCK,http://www.v-power.vn,http://www.v-power.vn/quan-he-co-dong
VPR,Công ty Cổ phần VINAPRINT,VINAPRINT,UPCOM,Dịch vụ Tiêu dùng,Truyền thông,Truyền thông,"Sách, ấn bản & sản phẩm văn hóa",5557,FiinPro / Vietcap IQ & Sở GDCK,https://vinaprintcorp.com.vn/,https://vinaprintcorp.com.vn/quan-he-co-dong
VPW,Công ty Cổ phần Cấp thoát nước số 1 Vĩnh Phúc,Cấp thoát nước số 1 Vĩnh Phúc,UPCOM,Tiện ích Cộng đồng,"Điện, nước & xăng dầu khí đốt",Nước & Khí đốt,Nước,7577,FiinPro / Vietcap IQ & Sở GDCK,https://vinhphucwater.com.vn/,https://vinhphucwater.com.vn/quan-he-co-dong
VQC,Công ty Cổ phần Giám định Vinaconmin,Giám định Vinaconmin,UPCOM,Công nghiệp,Hàng & Dịch vụ Công nghiệp,Tư vấn & Hỗ trợ Kinh doanh,Tư vấn & Hỗ trợ KD,2791,FiinPro / Vietcap IQ & Sở GDCK,http://www.quacontrol.com.vn,http://www.quacontrol.com.vn/quan-he-co-dong
VRG,Công ty Cổ phần Phát triển Đô thị và Khu Công nghiệp Cao Su Việt Nam,PT Đô thị và KCN Cao su VN,UPCOM,Tài chính,Bất động sản,Bất động sản,Bất động sản,8633,FiinPro / Vietcap IQ & Sở GDCK,https://vrg-vn.com/,https://vrg-vn.com/quan-he-co-dong
VSE,Công ty Cổ phần Dịch vụ Đường cao tốc Việt Nam,DV Đường cao tốc Việt Nam,UPCOM,Công nghiệp,Hàng & Dịch vụ Công nghiệp,Vận tải,"Kho bãi, hậu cần và bảo dưỡng",2777,FiinPro / Vietcap IQ & Sở GDCK,http://vecs.com.vn,http://vecs.com.vn/quan-he-co-dong
VSF,Tổng Công ty Lương thực Miền Nam - Công ty Cổ phần,Vinafood 2,UPCOM,Hàng Tiêu dùng,Thực phẩm và đồ uống,Sản xuất thực phẩm,Thực phẩm,3577,FiinPro / Vietcap IQ & Sở GDCK,https://vinafood2.com.vn/,https://vinafood2.com.vn/quan-he-co-dong
VSG,Công ty Cổ phần Container Phía Nam,Container Phía Nam,UPCOM,Công nghiệp,Hàng & Dịch vụ Công nghiệp,Vận tải,"Kho bãi, hậu cần và bảo dưỡng",2777,FiinPro / Vietcap IQ & Sở GDCK,http://www.viconshipsg.com.vn,http://www.viconshipsg.com.vn/quan-he-co-dong
VSN,Công ty Cổ phần Việt Nam Kỹ Nghệ Súc Sản,VN Kỹ Nghệ Súc Sản (VISSAN),UPCOM,Hàng Tiêu dùng,Thực phẩm và đồ uống,Sản xuất thực phẩm,Thực phẩm,3577,FiinPro / Vietcap IQ & Sở GDCK,https://www.vissan.com.vn,https://www.vissan.com.vn/quan-he-co-dong
VST,Công ty Cổ phần Vận tải và Thuê Tàu biển Việt Nam,Vận tải và Thuê Tàu biển Việt Nam,UPCOM,Công nghiệp,Hàng & Dịch vụ Công nghiệp,Vận tải,Vận tải Thủy,2773,FiinPro / Vietcap IQ & Sở GDCK,http://www.vitranschart.com.vn,http://www.vitranschart.com.vn/quan-he-co-dong
VTA,Công ty Cổ phần VITALY,Gạch men VITALY,UPCOM,Công nghiệp,Xây dựng và Vật liệu,Xây dựng và Vật liệu,Vật liệu xây dựng & Nội thất,2353,FiinPro / Vietcap IQ & Sở GDCK,http://www.vitaly.com.vn,http://www.vitaly.com.vn/quan-he-co-dong
VTD,Công ty Cổ phần Vietourist Holdings,Du lịch Vietourist,UPCOM,Dịch vụ Tiêu dùng,Du lịch và Giải trí,Du lịch & Giải trí,Vận tải hành khách & Du lịch,5759,FiinPro / Vietcap IQ & Sở GDCK,https://www.vietourist.com.vn/vn/,https://www.vietourist.com.vn/vn/quan-he-co-dong
VTE,Công ty Cổ phần VINACAP Kim Long,VINACAP Kim Long,UPCOM,Công nghệ Thông tin,Công nghệ Thông tin,Thiết bị và Phần cứng,Thiết bị viễn thông,9578,FiinPro / Vietcap IQ & Sở GDCK,http://www.vinacap.vn,http://www.vinacap.vn/quan-he-co-dong
VTG,Công ty Cổ phần Du lịch tỉnh Bà Rịa - Vũng Tàu,Du lịch tỉnh BR-VT,UPCOM,Dịch vụ Tiêu dùng,Du lịch và Giải trí,Du lịch & Giải trí,Vận tải hành khách & Du lịch,5759,FiinPro / Vietcap IQ & Sở GDCK,http://www.vungtautourist.com.vn,http://www.vungtautourist.com.vn/quan-he-co-dong
VTI,Công ty Cổ phần Sản xuất - Xuất nhập khẩu Dệt may,Sản xuất - XNK Dệt may,UPCOM,Hàng Tiêu dùng,Hàng cá nhân & Gia dụng,Hàng cá nhân,Hàng May mặc,3763,FiinPro / Vietcap IQ & Sở GDCK,http://www.vinateximex.vn,http://www.vinateximex.vn/quan-he-co-dong
VTK,Công ty Cổ phần Tư vấn và Dịch vụ Viettel,Tư vấn thiết kế Viettel,UPCOM,Công nghiệp,Hàng & Dịch vụ Công nghiệp,Tư vấn & Hỗ trợ Kinh doanh,Tư vấn & Hỗ trợ KD,2791,FiinPro / Vietcap IQ & Sở GDCK,https://www.vtk.com.vn/,https://www.vtk.com.vn/quan-he-co-dong
VTM,Công ty Cổ phần Vận tải và Đưa đón thợ mỏ - Vinacomin,Đưa đón thợ mỏ - Vinacomin,UPCOM,Dịch vụ Tiêu dùng,Du lịch và Giải trí,Du lịch & Giải trí,Vận tải hành khách & Du lịch,5759,FiinPro / Vietcap IQ & Sở GDCK,http://tmcs.com.vn/,http://tmcs.com.vn/quan-he-co-dong
VTQ,Công ty Cổ phần Việt Trung Quảng Bình,Việt Trung Quảng Bình,UPCOM,Nguyên vật liệu,Hóa chất,Hóa chất,"Nhựa, cao su & sợi",1353,FiinPro / Vietcap IQ & Sở GDCK,http://www.viettrungqb.com.vn,http://www.viettrungqb.com.vn/quan-he-co-dong
VTR,Công ty Cổ phần Du lịch Vietravel,Du lịch Vietravel,UPCOM,Dịch vụ Tiêu dùng,Du lịch và Giải trí,Du lịch & Giải trí,Vận tải hành khách & Du lịch,5759,FiinPro / Vietcap IQ & Sở GDCK,https://www.vietravel.com,https://www.vietravel.com/quan-he-co-dong
VTX,Công ty Cổ phần Vận tải Đa phương thức VIETRANSTIMEX,Vận tải Đa phương thức,UPCOM,Công nghiệp,Hàng & Dịch vụ Công nghiệp,Vận tải,Dịch vụ vận tải,2779,FiinPro / Vietcap IQ & Sở GDCK,https://www.vietranstimex.com.vn,https://www.vietranstimex.com.vn/quan-he-co-dong
VUA,Công ty Cổ phần Chứng khoán Stanley Brothers,Chứng khoán Stanley Brothers,UPCOM,Tài chính,Dịch vụ tài chính,Dịch vụ tài chính,Môi giới chứng khoán,8777,FiinPro / Vietcap IQ & Sở GDCK,https://sbsi.vn,https://sbsi.vn/quan-he-co-dong
VUG,Công Ty Cổ Phần Thủy Sản Việt Úc,Thủy Sản Việt Úc,UPCOM,Hàng Tiêu dùng,Thực phẩm và đồ uống,Sản xuất thực phẩm,Nuôi trồng nông & hải sản,3573,FiinPro / Vietcap IQ & Sở GDCK,https://vietuc.com/vi,https://vietuc.com/vi/quan-he-co-dong
VVN,Tổng Công ty Cổ phần Xây dựng Công nghiệp Việt Nam,XD Công nghiệp Việt Nam,UPCOM,Công nghiệp,Xây dựng và Vật liệu,Xây dựng và Vật liệu,Xây dựng,2357,FiinPro / Vietcap IQ & Sở GDCK,http://vinaincon.com.vn,http://vinaincon.com.vn/quan-he-co-dong
VW1,Công ty cổ phần Xây dựng Cấp thoát nước số 1 - Viwaseen.1,Viwaseen.1,UPCOM,Công nghiệp,Xây dựng và Vật liệu,Xây dựng và Vật liệu,Xây dựng,2357,FiinPro / Vietcap IQ & Sở GDCK,,https://finance.vietstock.vn/VW1/ho-so-doanh-nghiep.htm
VW3,Công ty Cổ phần VIWASEEN3,VIWASEEN.3,UPCOM,Công nghiệp,Xây dựng và Vật liệu,Xây dựng và Vật liệu,Xây dựng,2357,FiinPro / Vietcap IQ & Sở GDCK,http://viwaseen3.com.vn,http://viwaseen3.com.vn/quan-he-co-dong
VWS,Công ty Cổ phần Nước và Môi trường Việt Nam,Nước và Môi trường VN,UPCOM,Tiện ích Cộng đồng,"Điện, nước & xăng dầu khí đốt",Nước & Khí đốt,Nước,7577,FiinPro / Vietcap IQ & Sở GDCK,https://viwase.vn/,https://viwase.vn/quan-he-co-dong
VXB,Công ty Cổ phần Vật liệu xây dựng Bến Tre,VLXD Bến Tre,UPCOM,Công nghiệp,Xây dựng và Vật liệu,Xây dựng và Vật liệu,Vật liệu xây dựng & Nội thất,2353,FiinPro / Vietcap IQ & Sở GDCK,http://vlxdbentre.com,http://vlxdbentre.com/quan-he-co-dong
VXP,Công ty Cổ phần Thuốc Thú y Trung ương VETVACO,Thuốc Thú y Trung ương VETVACO,UPCOM,Nguyên vật liệu,Hóa chất,Hóa chất,"Sản phẩm hóa dầu, Nông dược & Hóa chất khác",1357,FiinPro / Vietcap IQ & Sở GDCK,https://vetvaco.com.vn,https://vetvaco.com.vn/quan-he-co-dong
VXT,Công ty Cổ phần Kho vận và dịch vụ thương mại,Kho vận và DV Thương mại,UPCOM,Công nghiệp,Hàng & Dịch vụ Công nghiệp,Tư vấn & Hỗ trợ Kinh doanh,Nhà cung cấp thiết bị,2797,FiinPro / Vietcap IQ & Sở GDCK,https://vinatranco.com.vn/,https://vinatranco.com.vn/quan-he-co-dong
WSB,Công ty Cổ phần Bia Sài Gòn - Miền Tây,Bia Sài Gòn - Miền Tây,UPCOM,Hàng Tiêu dùng,Thực phẩm và đồ uống,Bia và đồ uống,Sản xuất bia,3533,FiinPro / Vietcap IQ & Sở GDCK,http://www.wsb-sabeco.com.vn,http://www.wsb-sabeco.com.vn/quan-he-co-dong
WTC,Công ty Cổ phần Vận tải thủy - Vinacomin,Vận tải thủy Vinacomin,UPCOM,Công nghiệp,Hàng & Dịch vụ Công nghiệp,Vận tải,Vận tải Thủy,2773,FiinPro / Vietcap IQ & Sở GDCK,http://www.vantaithuytkv.vn,http://www.vantaithuytkv.vn/quan-he-co-dong
X26,Công ty Cổ phần 26,Công ty 26,UPCOM,Hàng Tiêu dùng,Hàng cá nhân & Gia dụng,Hàng cá nhân,Hàng May mặc,3763,FiinPro / Vietcap IQ & Sở GDCK,https://26jsc.vn/,https://26jsc.vn/quan-he-co-dong
X77,Công ty Cổ phần Thành An 77,Thành An 77,UPCOM,Công nghiệp,Xây dựng và Vật liệu,Xây dựng và Vật liệu,Vật liệu xây dựng & Nội thất,2353,FiinPro / Vietcap IQ & Sở GDCK,http://www.thanhan77.com,http://www.thanhan77.com/quan-he-co-dong
XDH,Công ty Cổ phần Đầu tư Xây dựng Dân dụng Hà Nội,Đầu tư XD Dân dụng Hà Nội,UPCOM,Tài chính,Bất động sản,Bất động sản,Bất động sản,8633,FiinPro / Vietcap IQ & Sở GDCK,https://hcci.com.vn/,https://hcci.com.vn/quan-he-co-dong
XHC,Công ty Cổ phần Xuân Hòa Việt Nam,Nội thất Xuân Hòa,UPCOM,Hàng Tiêu dùng,Hàng cá nhân & Gia dụng,Hàng gia dụng,Thiết bị gia dụng,3726,FiinPro / Vietcap IQ & Sở GDCK,https://xuanhoa.vn/,https://xuanhoa.vn/quan-he-co-dong
XLV,Công ty Cổ phần Xây lắp và Dịch vụ Sông Đà,XL và DV Sông Đà,UPCOM,Công nghiệp,Xây dựng và Vật liệu,Xây dựng và Vật liệu,Xây dựng,2357,FiinPro / Vietcap IQ & Sở GDCK,http://www.songdasdsec.com.vn,http://www.songdasdsec.com.vn/quan-he-co-dong
XMC,Công ty cổ phần Đầu tư và Xây dựng Xuân Mai,Bê tông Xuân Mai,UPCOM,Công nghiệp,Xây dựng và Vật liệu,Xây dựng và Vật liệu,Vật liệu xây dựng & Nội thất,2353,FiinPro / Vietcap IQ & Sở GDCK,https://xmc.com.vn/,https://xmc.com.vn/quan-he-co-dong
XMD,Công ty Cổ phần Xuân Mai - Đạo Tú,Xuân Mai - Đạo Tú,UPCOM,Công nghiệp,Xây dựng và Vật liệu,Xây dựng và Vật liệu,Vật liệu xây dựng & Nội thất,2353,FiinPro / Vietcap IQ & Sở GDCK,http://betongdaotu.com.vn,http://betongdaotu.com.vn/quan-he-co-dong
XMP,Công ty Cổ phần Thủy điện Xuân Minh,Thủy điện Xuân Minh,UPCOM,Tiện ích Cộng đồng,"Điện, nước & xăng dầu khí đốt",Sản xuất & Phân phối Điện,Sản xuất & Phân phối Điện,7535,FiinPro / Vietcap IQ & Sở GDCK,https://thuydienxuanminh.vcpholdings.com.vn/,https://thuydienxuanminh.vcpholdings.com.vn/quan-he-co-dong
XPH,Công ty Cổ phần Xà phòng Hà Nội,Xà phòng Hà Nội,UPCOM,Hàng Tiêu dùng,Hàng cá nhân & Gia dụng,Hàng cá nhân,Hàng cá nhân,3767,FiinPro / Vietcap IQ & Sở GDCK,https://haso.vn,https://haso.vn/quan-he-co-dong
YBC,Công ty Cổ phần Xi măng và Khoáng sản Yên Bái,Xi măng và Khoáng sản Yên Bái,UPCOM,Công nghiệp,Xây dựng và Vật liệu,Xây dựng và Vật liệu,Vật liệu xây dựng & Nội thất,2353,FiinPro / Vietcap IQ & Sở GDCK,http://ybcmjsc.com.vn,http://ybcmjsc.com.vn/quan-he-co-dong
YTC,Công ty Cổ phần Xuất nhập khẩu Y tế Thành phố Hồ Chí Minh,XNK Y tế TP.HCM,UPCOM,Dược phẩm và Y tế,Y tế,Thiết bị và Dịch vụ Y tế,Dụng cụ y tế,4537,FiinPro / Vietcap IQ & Sở GDCK,http://www.yteco.vn,http://www.yteco.vn/quan-he-co-dong
